account_id,community_id,degree_centrality,betweenness_centrality,typology_ground_truth,graph_flagged_cluster
800056160,0,0.00012931257435473025,6.520234136051755e-05,mule_laundering,1
80010BFC0,0,0.00012931257435473025,2.412172938488728e-05,mule_laundering,1
80018E990,1,0.0001034500594837842,0.0001480904051390461,mule_laundering,1
8002C7A50,1,0.0001034500594837842,0.0002667771327654395,mule_laundering,1
100428660,2,0.0189830859152744,0.05681741842213083,mule_laundering,1
800825340,3,7.758754461283815e-05,2.1941421941421942e-05,mule_laundering,1
8027CF570,2,5.17250297418921e-05,7.672744514849779e-06,mule_laundering,1
802A66370,4,7.758754461283815e-05,0.00035332025317293526,mule_laundering,1
802AE1C90,2,7.758754461283815e-05,1.5345489029699558e-05,mule_laundering,1
8032F7300,2,7.758754461283815e-05,3.8363722574248894e-05,mule_laundering,1
802C385D0,5,5.17250297418921e-05,0.0,legit,0
8035C0BF0,5,0.0001034500594837842,0.0,legit,0
80363C8F0,6,7.758754461283815e-05,0.0002497895621340595,mule_laundering,1
803D55770,2,5.17250297418921e-05,7.672744514849779e-06,legit,1
804201F30,2,7.758754461283815e-05,1.5345489029699558e-05,legit,1
804201180,2,7.758754461283815e-05,3.0690978059399115e-05,legit,1
80C250BD0,2,0.0001034500594837842,5.370921160394845e-05,mule_laundering,1
804AF6ED0,7,0.00012931257435473025,0.0002602353549721971,legit,1
801009860,7,0.0001034500594837842,3.0690978059399115e-05,mule_laundering,1
802851E00,8,5.17250297418921e-05,0.0,legit,0
804D7E440,8,7.758754461283815e-05,0.0,legit,0
805199A70,2,7.758754461283815e-05,7.672744514849779e-06,mule_laundering,1
8053807B0,2,5.17250297418921e-05,7.672744514849779e-06,legit,1
803AC17C0,9,0.00012931257435473025,8.6210612526402e-08,mule_laundering,0
805A8A550,9,0.0001034500594837842,1.379369800422432e-07,legit,0
805B716C0,2,0.0001034500594837842,3.8363722574248894e-05,mule_laundering,1
804E24760,2,5.17250297418921e-05,7.660609465321379e-06,legit,1
80663BEB0,2,0.0001034500594837842,3.8363722574248894e-05,legit,1
8011E0970,2,5.17250297418921e-05,7.672744514849779e-06,legit,1
806A3C0D0,2,7.758754461283815e-05,2.3018233544549336e-05,mule_laundering,1
807193CC0,10,0.00012931257435473025,6.9054700633648e-05,mule_laundering,0
8071FC0E0,2,0.00012931257435473025,3.8363722574248894e-05,mule_laundering,1
80721FA60,11,0.0001034500594837842,0.0013474655958866492,mule_laundering,1
80762F540,2,5.17250297418921e-05,7.672744514849779e-06,mule_laundering,1
8081AD0F0,2,5.17250297418921e-05,7.672744514849779e-06,legit,1
809326EF0,12,0.00018103760409662236,0.0006005886576110662,mule_laundering,1
8001090A0,104,0.0001551750892256763,0.0005124876072244494,mule_laundering,1
80967AB90,104,7.758754461283815e-05,1.5321218930642757e-05,legit,1
804ED1AE0,2,7.758754461283815e-05,0.00021430234061813015,legit,1
8098AFD50,2,7.758754461283815e-05,0.00022957886115780856,legit,1
80A00E360,2,0.0001034500594837842,2.3018233544549336e-05,legit,1
80ACA35A0,2,7.758754461283815e-05,1.5345489029699558e-05,legit,1
807AF9390,2,7.758754461283815e-05,1.5345489029699558e-05,mule_laundering,1
80B39E7B0,2,5.17250297418921e-05,0.00020664683822578563,mule_laundering,1
80B599740,2,5.17250297418921e-05,7.672744514849779e-06,mule_laundering,1
80B5DE9B0,2,7.758754461283815e-05,1.5345489029699558e-05,legit,1
80BCEC310,14,7.758754461283815e-05,0.00011509116772274667,legit,1
80C0A72A0,2,5.17250297418921e-05,7.672744514849779e-06,legit,1
80C0D1E90,2,7.758754461283815e-05,1.5345489029699558e-05,mule_laundering,1
80C308910,15,5.17250297418921e-05,0.0,legit,0
80C308EC0,15,7.758754461283815e-05,0.0,legit,0
80C311B10,2,0.0001034500594837842,2.3018233544549336e-05,mule_laundering,1
80C7BF450,2,5.17250297418921e-05,7.672744514849779e-06,legit,1
80CD42D30,2,0.00018103760409662236,6.138195611879823e-05,account_takeover,1
807DD0350,16,0.0001034500594837842,0.0,legit,1
80CD7C590,16,7.758754461283815e-05,0.0,mule_laundering,1
80D1B5090,42,0.0001034500594837842,4.603646708909867e-05,legit,1
80016D280,42,0.00012931257435473025,7.672744514849779e-05,mule_laundering,1
80D317850,2,7.758754461283815e-05,3.0690978059399115e-05,mule_laundering,1
80D7DBD40,18,7.758754461283815e-05,0.00042053536790378896,mule_laundering,1
80DA5F0D0,19,7.758754461283815e-05,4.603646708909867e-05,mule_laundering,1
80DA5F1C0,19,7.758754461283815e-05,3.0690978059399115e-05,legit,1
80DC756E0,2,7.758754461283815e-05,1.5345489029699558e-05,mule_laundering,1
80DDF03C0,2,0.0001551750892256763,4.603646708909867e-05,account_takeover,1
80408AC50,20,0.0001034500594837842,0.0,mule_laundering,0
80D0E7480,20,5.17250297418921e-05,0.0,legit,0
8028D6DF0,21,0.0001551750892256763,0.0008476227423595845,mule_laundering,1
80E12F8E0,21,0.0001034500594837842,0.0008696236906763223,legit,1
80E480620,2,0.0001034500594837842,2.3018233544549336e-05,mule_laundering,1
80E6BBF00,0,0.00012931257435473025,2.3018233544549336e-05,mule_laundering,1
80EC43400,22,5.17250297418921e-05,0.0,legit,0
80EC55490,22,5.17250297418921e-05,0.0,legit,0
8104B9560,2,0.0001034500594837842,2.3018233544549336e-05,legit,1
8116A64B0,2,0.00012931257435473025,3.8363722574248894e-05,mule_laundering,1
8121FA240,2,7.758754461283815e-05,1.5345489029699558e-05,legit,1
8122F2590,23,7.758754461283815e-05,0.0,legit,1
80FF51600,23,0.0001034500594837842,8.6210612526402e-08,mule_laundering,1
8128136B0,2,0.00012931257435473025,3.0690978059399115e-05,account_takeover,1
812EE86F0,24,0.00012931257435473025,0.0,mule_laundering,0
812EE89C0,24,5.17250297418921e-05,0.0,mule_laundering,0
80A22AFC0,25,0.0001034500594837842,0.0,mule_laundering,0
813188F60,25,5.17250297418921e-05,0.0,legit,0
813454380,2,0.0001034500594837842,3.8363722574248894e-05,mule_laundering,1
813AE13E0,2,5.17250297418921e-05,7.672744514849779e-06,mule_laundering,1
813EFA650,2,5.17250297418921e-05,7.672744514849779e-06,legit,1
8140702D0,2,5.17250297418921e-05,7.672744514849779e-06,mule_laundering,1
814534760,2,5.17250297418921e-05,7.672744514849779e-06,legit,1
8145D8910,2,7.758754461283815e-05,1.5345489029699558e-05,legit,1
8146F26A0,26,0.0001034500594837842,0.0,mule_laundering,0
8146F2390,26,5.17250297418921e-05,0.0,legit,0
807D1FE20,27,5.17250297418921e-05,0.0,legit,0
8147F8200,27,7.758754461283815e-05,0.0,legit,0
800062E20,104,0.0001034500594837842,0.0005806405017128348,mule_laundering,1
8000FFF70,104,0.00012931257435473025,0.0006118551086972142,mule_laundering,1
1004286A8,28,0.012879532405731132,0.035959417883147125,mule_laundering,1
800103610,1,0.0001551750892256763,0.0003176174571403215,mule_laundering,1
8000F1AF0,31,0.0001034500594837842,0.0001150835997677208,mule_laundering,1
8001B2240,31,0.0002069001189675684,0.00011098261591084559,mule_laundering,1
8000FE790,104,0.0001034500594837842,0.00012802504851073835,mule_laundering,1
8001B7A10,104,0.00018103760409662236,6.112657333252292e-05,mule_laundering,1
800238040,104,0.0001034500594837842,0.0002813223348844572,legit,1
800242CC0,33,0.00012931257435473025,3.9689813469717746e-05,mule_laundering,1
800690280,104,0.00012931257435473025,0.00012552066502778168,mule_laundering,1
800068180,33,0.00018103760409662236,0.00026938375982974496,mule_laundering,1
80069EE60,33,7.758754461283815e-05,1.8638945911673188e-05,mule_laundering,1
800926A30,28,5.17250297418921e-05,7.672744514849779e-06,mule_laundering,1
800AE4B10,28,7.758754461283815e-05,3.8363722574248894e-05,mule_laundering,1
80026E2C0,35,0.00012931257435473025,0.00011509116772274667,mule_laundering,1
80178FFF0,35,0.0001034500594837842,6.9054700633648e-05,mule_laundering,1
8018DA2B0,36,5.17250297418921e-05,7.672744514849779e-06,legit,1
8053168D0,36,0.0004913877825479749,0.00435419936625105,mule_laundering,1
801D2E530,37,0.0001034500594837842,0.0003385373132916196,mule_laundering,1
801F2AE90,38,5.17250297418921e-05,0.0,mule_laundering,0
801F29A10,38,5.17250297418921e-05,0.0,mule_laundering,0
8018B8200,39,0.0001551750892256763,4.603646708909867e-05,legit,1
801FF9240,39,5.17250297418921e-05,7.672744514849779e-06,legit,1
800737690,40,0.00046552526767702887,0.0006522910650980339,mule_laundering,1
80011F990,31,7.758754461283815e-05,5.2800105048908865e-05,mule_laundering,1
80020C5B0,41,0.0001034500594837842,2.885164478465915e-05,mule_laundering,1
80006A5E0,40,0.0001034500594837842,0.00019080105315110333,mule_laundering,1
8007A5B70,40,5.17250297418921e-05,7.672744514849779e-06,mule_laundering,1
80093C0D0,40,0.00012931257435473025,5.633269144134686e-05,mule_laundering,1
80078E200,40,5.17250297418921e-05,7.672744514849779e-06,mule_laundering,1
80066B990,40,7.758754461283815e-05,1.5345489029699558e-05,mule_laundering,1
8002CC310,40,7.758754461283815e-05,1.5345489029699558e-05,mule_laundering,1
8004030A0,40,5.17250297418921e-05,7.672744514849779e-06,mule_laundering,1
800578800,40,7.758754461283815e-05,0.000500454278136078,mule_laundering,1
800AAF0B0,40,0.0001034500594837842,2.3018233544549336e-05,mule_laundering,1
8006FB970,40,5.17250297418921e-05,7.672744514849779e-06,mule_laundering,1
800449990,40,7.758754461283815e-05,1.5345489029699558e-05,mule_laundering,1
800AEBA90,40,0.0001034500594837842,2.3018233544549336e-05,mule_laundering,1
800692550,40,7.758754461283815e-05,7.51418937014505e-05,mule_laundering,1
8007486D0,40,7.758754461283815e-05,0.00021430234061813015,mule_laundering,1
8028AE0B0,42,0.0001034500594837842,0.0007804099240893394,mule_laundering,1
802B7DA00,28,5.17250297418921e-05,7.672744514849779e-06,mule_laundering,1
8014D57D0,43,5.17250297418921e-05,1.72421225052804e-08,legit,0
80331B760,43,7.758754461283815e-05,5.17263675158412e-08,legit,0
8033A3E40,28,5.17250297418921e-05,7.672744514849779e-06,legit,1
80011B370,103,0.0001551750892256763,0.00028628404119555417,mule_laundering,1
8040AFA00,103,5.17250297418921e-05,7.672744514849779e-06,legit,1
801690A70,45,7.758754461283815e-05,3.44842450105608e-08,legit,0
8048D14E0,45,7.758754461283815e-05,0.0,legit,0
804BA88E0,28,7.758754461283815e-05,0.00021430234061812996,legit,1
805A2CFA0,28,5.17250297418921e-05,7.672744514849779e-06,legit,1
803CF4370,28,7.758754461283815e-05,4.603646708909867e-05,mule_laundering,1
8069561F0,28,7.758754461283815e-05,1.5345489029699558e-05,legit,1
806C9F410,28,0.0001034500594837842,2.3018233544549336e-05,mule_laundering,1
80724A820,46,7.758754461283815e-05,0.0,legit,0
802A9BBB0,46,5.17250297418921e-05,0.0,legit,0
807341220,28,0.0001034500594837842,3.2370730265467106e-05,mule_laundering,1
8079014B0,28,7.758754461283815e-05,1.5345489029699558e-05,mule_laundering,1
807AA9D00,28,5.17250297418921e-05,7.672744514849779e-06,legit,1
80070AA30,1,0.00012931257435473025,0.002240460941020996,mule_laundering,1
807BEC490,1,7.758754461283815e-05,1.5345489029699558e-05,legit,1
80941AB90,28,0.0001034500594837842,0.00022195784301047445,legit,1
80B3A0080,28,7.758754461283815e-05,1.5345489029699558e-05,mule_laundering,1
80B5C6AB0,28,5.17250297418921e-05,7.672744514849779e-06,legit,1
80BA95D00,28,7.758754461283815e-05,1.5345489029699558e-05,legit,1
80A8E02E0,47,0.0001034500594837842,0.0,legit,0
80B35DC70,47,5.17250297418921e-05,0.0,legit,0
80BB25320,28,5.17250297418921e-05,7.672744514849779e-06,legit,1
80BCDB8B0,28,0.00012931257435473025,3.0690978059399115e-05,mule_laundering,1
80BD7F790,28,5.17250297418921e-05,7.672744514849779e-06,legit,1
80C8DDF90,28,7.758754461283815e-05,0.00021430234061812996,legit,1
80D52FE60,28,0.0001034500594837842,2.3018233544549336e-05,legit,1
80D9B69A0,28,0.0001551750892256763,3.8363722574248894e-05,mule_laundering,1
80DE9AF20,28,7.758754461283815e-05,1.5345489029699558e-05,legit,1
80DF9D9D0,28,5.17250297418921e-05,7.672744514849779e-06,legit,1
80ECFF1A0,104,7.758754461283815e-05,1.5321218930642757e-05,legit,1
80ECFF740,104,0.00012931257435473025,0.0006731305070061052,legit,1
80943E5F0,104,0.0001034500594837842,0.0005268583202273043,mule_laundering,1
800FD6B00,28,7.758754461283815e-05,4.603646708909867e-05,mule_laundering,1
80ED3C650,28,7.758754461283815e-05,3.0690978059399115e-05,mule_laundering,1
8028A6850,28,7.758754461283815e-05,3.0690978059399115e-05,mule_laundering,1
8104FB840,28,7.758754461283815e-05,4.603646708909867e-05,legit,1
8116288A0,28,5.17250297418921e-05,7.660609465321379e-06,legit,1
811635D20,48,5.17250297418921e-05,0.0,legit,0
8106C1010,48,5.17250297418921e-05,0.0,legit,0
8001FCB30,28,0.00012931257435473025,5.115882632629052e-05,mule_laundering,1
8119791C0,28,7.758754461283815e-05,1.5345489029699558e-05,legit,1
812747A00,28,0.00012931257435473025,0.0002448898659424974,account_takeover,1
81275CC50,28,7.758754461283815e-05,3.0690978059399115e-05,mule_laundering,1
81275CAF0,28,7.758754461283815e-05,1.5345489029699558e-05,legit,1
812A4F470,28,7.758754461283815e-05,1.5345489029699558e-05,legit,1
800060420,33,0.0001034500594837842,3.43898363037119e-05,mule_laundering,1
812BD4500,33,0.00012931257435473025,0.00024820438030520613,mule_laundering,1
81335D120,28,5.17250297418921e-05,7.672744514849779e-06,legit,1
81339C3E0,28,5.17250297418921e-05,0.00020664683822578544,legit,1
813AF2CD0,49,7.758754461283815e-05,0.0,legit,0
814183D00,49,5.17250297418921e-05,0.0,legit,0
81418CA30,28,0.0001034500594837842,3.0690978059399115e-05,mule_laundering,1
8141E6CE0,28,5.17250297418921e-05,7.672744514849779e-06,legit,1
814368D90,28,5.17250297418921e-05,7.672744514849779e-06,legit,1
1004286F0,50,0.0022500387937723063,0.006802345046709972,mule_laundering,1
8022ECAA0,50,5.17250297418921e-05,7.672744514849779e-06,legit,1
8039449A0,50,5.17250297418921e-05,7.672744514849779e-06,legit,1
805ADEAE0,51,7.758754461283815e-05,0.0,legit,0
805ADEBD0,51,5.17250297418921e-05,0.0,legit,0
8069CB490,50,5.17250297418921e-05,7.672744514849779e-06,legit,1
8040AECB0,50,7.758754461283815e-05,2.3018233544549336e-05,legit,1
80AA12700,50,5.17250297418921e-05,7.672744514849779e-06,legit,1
80AF11540,50,7.758754461283815e-05,1.5345489029699558e-05,legit,1
80B0F1A10,52,0.0001034500594837842,2.3018233544549336e-05,legit,1
80B0F1830,52,0.0001034500594837842,3.8372343635501535e-05,mule_laundering,1
80BC5EF60,50,7.758754461283815e-05,0.00022194060088796933,mule_laundering,1
80F9E8FD0,53,7.758754461283815e-05,0.0,legit,0
8038D2050,53,0.0001034500594837842,0.0,mule_laundering,0
812E15CE0,50,5.17250297418921e-05,7.672744514849779e-06,legit,1
803D99E70,19,0.00018103760409662236,0.00028427658006605387,mule_laundering,1
8040E0F50,19,7.758754461283815e-05,1.5345489029699558e-05,legit,1
100428738,54,0.0019914136450628456,0.004307852618957333,mule_laundering,1
80422F080,54,0.0001034500594837842,3.0690978059399115e-05,mule_laundering,1
8044072A0,54,5.17250297418921e-05,7.660609465321379e-06,mule_laundering,1
804555910,54,0.0001034500594837842,3.0690978059399115e-05,mule_laundering,1
804580200,55,7.758754461283815e-05,0.000596215354110091,mule_laundering,1
8045F7A50,54,7.758754461283815e-05,1.5345489029699558e-05,mule_laundering,1
80C4E4E10,56,7.758754461283815e-05,0.0,legit,0
8046E4BC0,56,5.17250297418921e-05,0.0,legit,0
804D628A0,57,7.758754461283815e-05,0.0,legit,0
804D64F10,57,7.758754461283815e-05,0.0,mule_laundering,0
8050D0110,58,0.0001034500594837842,3.248041217644367e-05,legit,1
80543C3C0,58,7.758754461283815e-05,4.345680401407956e-05,mule_laundering,1
80551FE90,59,5.17250297418921e-05,0.0,legit,0
80551B8D0,59,5.17250297418921e-05,0.0,legit,0
80563C370,3,0.0001034500594837842,3.0690978059399115e-05,mule_laundering,1
8058762D0,3,5.17250297418921e-05,7.672744514849779e-06,legit,1
1004287C8,60,0.0016810634666114932,0.004090890301805969,mule_laundering,1
80614A030,60,0.0001034500594837842,8.440018966334756e-05,mule_laundering,1
806340AB0,60,7.758754461283815e-05,1.5345489029699558e-05,legit,1
80639B830,60,0.0001034500594837842,0.0017197802935537037,mule_laundering,1
806AA8FE0,60,5.17250297418921e-05,7.672744514849779e-06,legit,1
8071A9610,60,7.758754461283815e-05,7.672744514849779e-06,mule_laundering,1
100428810,61,0.0018103760409662235,0.005357209025531165,mule_laundering,1
807E9EF30,61,5.17250297418921e-05,7.672744514849779e-06,legit,1
80815C2F0,61,5.17250297418921e-05,7.672744514849779e-06,legit,1
8082AC620,61,7.758754461283815e-05,7.672744514849779e-06,mule_laundering,1
8086740A0,61,5.17250297418921e-05,7.672744514849779e-06,legit,1
808DDE6E0,62,5.17250297418921e-05,0.0,mule_laundering,0
808DDF140,62,7.758754461283815e-05,0.0,mule_laundering,0
812061DF0,61,5.17250297418921e-05,7.672744514849779e-06,legit,1
100428858,42,0.0011896756840635184,0.0025395155151116283,mule_laundering,1
8087ED2E0,42,0.00012931257435473025,6.138195611879823e-05,mule_laundering,1
8087ED4B0,42,0.0001034500594837842,3.0690978059399115e-05,mule_laundering,1
809085EB0,42,5.17250297418921e-05,7.672744514849779e-06,legit,1
8090A6540,42,5.17250297418921e-05,7.672744514849779e-06,mule_laundering,1
809179420,63,7.758754461283815e-05,3.44842450105608e-08,legit,1
8091C8CD0,63,0.0001034500594837842,8.6210612526402e-08,mule_laundering,1
8096101F0,42,0.0001034500594837842,0.0002219578430104746,mule_laundering,1
80963CB30,42,0.0001034500594837842,4.8847651479230434e-05,mule_laundering,1
1004288A0,12,0.0014224383179020327,0.0015829214944566123,mule_laundering,1
80A103EE0,12,5.17250297418921e-05,7.672744514849779e-06,mule_laundering,1
80A7AC970,12,0.0001034500594837842,5.1438506175348284e-05,legit,1
80A8C4650,12,0.00012931257435473025,3.0690978059399115e-05,account_takeover,1
80AD61E20,12,7.758754461283815e-05,2.3018233544549336e-05,mule_laundering,1
80AFFC470,60,0.00018103760409662236,0.0001400992511026654,account_takeover,1
80B03BD30,12,0.00012931257435473025,3.8363722574248894e-05,account_takeover,1
80B0778E0,12,7.758754461283815e-05,1.5345489029699558e-05,legit,1
80A43F260,64,7.758754461283815e-05,0.0,legit,0
80A4453C0,64,0.0001034500594837842,0.0,legit,0
1004288E8,36,0.0013707132881601407,0.006658545687056965,mule_laundering,1
80BED90C0,36,5.17250297418921e-05,7.672744514849779e-06,mule_laundering,1
80C1EAEF0,36,0.00012931257435473025,6.9054700633648e-05,mule_laundering,1
80C39B650,0,7.758754461283815e-05,0.0037321721937944113,mule_laundering,1
80C950570,36,5.17250297418921e-05,7.672744514849779e-06,legit,1
80C64E3A0,36,0.0001034500594837842,0.002736471629676473,mule_laundering,1
80CC20EF0,36,5.17250297418921e-05,7.672744514849779e-06,legit,1
80C783F00,36,5.17250297418921e-05,7.672744514849779e-06,legit,1
80CC3DC50,36,7.758754461283815e-05,2.3018233544549336e-05,legit,1
80CE3D700,65,7.758754461283815e-05,0.0,mule_laundering,0
80D9076D0,65,5.17250297418921e-05,0.0,legit,0
100428978,99,0.0023017638235141983,0.005348016098157821,mule_laundering,1
80E94C640,99,5.17250297418921e-05,7.672744514849779e-06,legit,1
80E9C1300,99,7.758754461283815e-05,1.5345489029699558e-05,legit,1
80EB40D10,99,5.17250297418921e-05,7.672744514849779e-06,legit,1
80EE01F40,99,7.758754461283815e-05,1.5345489029699558e-05,mule_laundering,1
80EE3B820,67,5.17250297418921e-05,0.0,legit,0
80EE38A10,67,5.17250297418921e-05,0.0,legit,0
80F04A150,99,5.17250297418921e-05,7.672744514849779e-06,legit,1
80F3FE820,99,7.758754461283815e-05,1.5345489029699558e-05,legit,1
80F70E8B0,68,5.17250297418921e-05,1.72421225052804e-08,legit,0
80F70E060,68,5.17250297418921e-05,3.44842450105608e-08,legit,0
80FAAE6B0,69,5.17250297418921e-05,0.0,legit,0
80FAAE610,69,5.17250297418921e-05,0.0,legit,0
80FC59DE0,99,5.17250297418921e-05,7.672744514849779e-06,mule_laundering,1
80FCB3830,99,7.758754461283815e-05,0.0002143023406181301,mule_laundering,1
80FCD5360,99,7.758754461283815e-05,1.5345489029699558e-05,legit,1
1004289C0,70,0.001603475921998655,0.0029101599206862367,mule_laundering,1
8105EC700,70,5.17250297418921e-05,7.672744514849779e-06,legit,1
8108587A0,70,7.758754461283815e-05,2.3018233544549336e-05,mule_laundering,1
810C67A80,70,7.758754461283815e-05,0.00021430234061813015,legit,1
8117B2DD0,70,5.17250297418921e-05,7.672744514849779e-06,legit,1
100428A08,71,0.001034500594837842,0.0036367522450894913,mule_laundering,1
811C2D390,71,0.00012931257435473025,3.8363722574248894e-05,mule_laundering,1
811A52150,72,7.758754461283815e-05,0.0,legit,1
8123789D0,72,7.758754461283815e-05,0.0,mule_laundering,1
8123B7940,71,7.758754461283815e-05,1.5345489029699558e-05,legit,1
8013C4030,42,7.758754461283815e-05,4.064333611966998e-05,mule_laundering,1
80BC62F10,42,0.00012931257435473025,3.4527430488528895e-05,mule_laundering,1
80F025640,42,0.0001034500594837842,2.53218145937645e-05,mule_laundering,1
80FD27570,42,7.758754461283815e-05,3.75636414008087e-05,mule_laundering,1
8090E8EB0,42,0.00012931257435473025,0.00040092468209407907,mule_laundering,1
804ABCE90,42,7.758754461283815e-05,0.00012832178169520112,mule_laundering,1
805494C30,42,0.0001034500594837842,0.00031688906873637504,mule_laundering,1
801B949C0,42,7.758754461283815e-05,0.00027349296113680834,mule_laundering,1
803DE1580,42,0.0001551750892256763,0.0003806477848205973,mule_laundering,1
80ACEE280,42,0.00012931257435473025,7.060152397259468e-05,mule_laundering,1
812D0C3C0,71,0.00012931257435473025,2.6854605801974226e-05,mule_laundering,1
812D127D0,71,0.0001034500594837842,3.8363722574248894e-05,mule_laundering,1
811C597B0,71,0.0001551750892256763,2.3018233544549336e-05,mule_laundering,1
811C599A0,71,0.0001034500594837842,7.672744514849779e-06,mule_laundering,1
812D22980,71,0.00012931257435473025,7.672744514849779e-05,mule_laundering,1
811B83280,71,0.00012931257435473025,1.5345489029699558e-05,mule_laundering,1
813C8DC71,74,5.17250297418921e-05,0.0,legit,0
813DD3411,74,5.17250297418921e-05,0.0,legit,0
100428A51,75,0.0012931257435473025,1.7500754342859605e-05,mule_laundering,1
814246FD1,75,5.17250297418921e-05,1.2069485753696282e-07,legit,1
8146D5061,75,7.758754461283815e-05,2.4138971507392564e-07,legit,1
81471A7D1,75,7.758754461283815e-05,2.4138971507392564e-07,legit,1
800819FE0,2,7.758754461283815e-05,7.672744514849779e-06,legit,1
8008CF190,2,7.758754461283815e-05,1.5345489029699558e-05,mule_laundering,1
801318F70,2,0.0001034500594837842,3.8363722574248894e-05,mule_laundering,1
800836F80,3,0.0001034500594837842,2.3018233544549336e-05,mule_laundering,1
803406FD0,3,5.17250297418921e-05,7.672744514849779e-06,legit,1
800F41830,76,7.758754461283815e-05,1.5345489029699558e-05,legit,1
804427530,76,0.0001034500594837842,0.00012276391223759646,mule_laundering,1
805B66DC0,2,7.758754461283815e-05,1.5345489029699558e-05,mule_laundering,1
8066AD800,2,7.758754461283815e-05,1.5345489029699558e-05,legit,1
8070F7370,42,0.0001034500594837842,0.0007235627030347172,mule_laundering,1
809FC35A0,2,5.17250297418921e-05,7.672744514849779e-06,mule_laundering,1
80D016D30,2,0.00012931257435473025,3.8363722574248894e-05,mule_laundering,1
80E3FAC60,2,5.17250297418921e-05,7.672744514849779e-06,legit,1
80E449920,2,7.758754461283815e-05,1.5345489029699558e-05,legit,1
80FE25690,58,0.00012931257435473025,0.0015834642188888174,mule_laundering,1
80D263D60,2,7.758754461283815e-05,3.8363722574248894e-05,mule_laundering,1
8126F9E00,2,0.0001034500594837842,2.3018233544549336e-05,legit,1
8127331A0,77,5.17250297418921e-05,0.0,mule_laundering,0
8127332E0,77,5.17250297418921e-05,0.0,mule_laundering,0
813D73C60,2,5.17250297418921e-05,7.672744514849779e-06,legit,1
801ADF5B0,42,7.758754461283815e-05,0.0011943620813209073,mule_laundering,1
8040B0040,31,7.758754461283815e-05,2.3018233544549336e-05,mule_laundering,1
8072445F0,28,5.17250297418921e-05,7.672744514849779e-06,mule_laundering,1
80800B6F0,78,7.758754461283815e-05,0.00018292458347060096,mule_laundering,1
808BE4E00,28,7.758754461283815e-05,7.672744514849779e-06,mule_laundering,1
809419B70,28,0.00012931257435473025,3.8363722574248894e-05,account_takeover,1
809BFD6B0,12,0.00046552526767702887,0.002250021724049473,mule_laundering,1
80D3F0070,28,7.758754461283815e-05,0.0002372171214276476,mule_laundering,1
80DD030F0,28,5.17250297418921e-05,7.672744514849779e-06,mule_laundering,1
80E758BA0,28,5.17250297418921e-05,7.672744514849779e-06,legit,1
811B12170,28,0.0001034500594837842,3.0690978059399115e-05,mule_laundering,1
811B121C0,28,5.17250297418921e-05,7.672744514849779e-06,mule_laundering,1
8128EEE80,28,5.17250297418921e-05,7.672744514849779e-06,legit,1
8035D5A00,50,0.0001034500594837842,5.370921160394845e-05,mule_laundering,1
807507390,50,5.17250297418921e-05,7.672744514849779e-06,mule_laundering,1
8075086A0,50,0.0001034500594837842,3.0690978059399115e-05,mule_laundering,1
803A16D10,54,7.758754461283815e-05,1.5345489029699558e-05,legit,1
803B12D70,54,0.0001034500594837842,3.8363722574248894e-05,mule_laundering,1
803B7A830,54,7.758754461283815e-05,1.5345489029699558e-05,legit,1
8044336A0,54,5.17250297418921e-05,7.672744514849779e-06,mule_laundering,1
804773080,54,7.758754461283815e-05,0.00021430234061813015,legit,1
809A69210,42,5.17250297418921e-05,0.0002066468382257856,legit,1
80A370450,12,5.17250297418921e-05,7.672744514849779e-06,mule_laundering,1
80A50D000,12,7.758754461283815e-05,3.0690978059399115e-05,mule_laundering,1
80A50D050,12,7.758754461283815e-05,1.5345489029699558e-05,mule_laundering,1
80A43EA30,36,0.00012931257435473025,5.362426625724965e-05,mule_laundering,1
80C734F80,36,7.758754461283815e-05,1.5345489029699558e-05,mule_laundering,1
80C7351B0,36,7.758754461283815e-05,3.0690978059399115e-05,mule_laundering,1
80CB6AA80,36,5.17250297418921e-05,7.672744514849779e-06,mule_laundering,1
80F1D73F0,99,5.17250297418921e-05,7.672744514849779e-06,mule_laundering,1
8000DD890,52,0.0001034500594837842,0.0009871259320417514,mule_laundering,1
80F52D550,52,0.0001034500594837842,0.000958494513385109,mule_laundering,1
80BEA98A0,52,7.758754461283815e-05,0.0007548358453377713,mule_laundering,1
8038D3520,79,0.0001034500594837842,0.0,mule_laundering,0
801C0F2B0,79,7.758754461283815e-05,0.0,mule_laundering,0
80C1B9E20,79,7.758754461283815e-05,0.0,mule_laundering,0
80F6B88B0,80,7.758754461283815e-05,0.0,mule_laundering,0
8064545E0,80,7.758754461283815e-05,0.0,mule_laundering,0
80662A070,80,7.758754461283815e-05,0.0,mule_laundering,0
8014BDC90,81,5.17250297418921e-05,0.0,mule_laundering,0
80537F610,81,7.758754461283815e-05,0.0,mule_laundering,0
806C8F2A0,81,5.17250297418921e-05,0.0,mule_laundering,0
80195DE20,82,5.17250297418921e-05,0.0,mule_laundering,0
801E2BC20,82,0.0001034500594837842,0.0,mule_laundering,0
807E97240,82,7.758754461283815e-05,0.0,mule_laundering,0
8009CF210,2,5.17250297418921e-05,7.672744514849779e-06,mule_laundering,1
8011AB110,2,0.0001034500594837842,0.0002449243501875081,mule_laundering,1
806C7CF80,2,7.758754461283815e-05,0.00026013190223716544,mule_laundering,1
803FF9220,2,7.758754461283815e-05,1.5321218930642757e-05,mule_laundering,1
81114D580,2,0.00012931257435473025,0.0002525453683348421,mule_laundering,1
809BD8BC0,2,5.17250297418921e-05,7.672744514849779e-06,mule_laundering,1
80B3E96E0,83,5.17250297418921e-05,1.72421225052804e-08,mule_laundering,1
801F8CCB0,83,0.0001551750892256763,1.551791025475236e-07,mule_laundering,1
801C92FF0,83,7.758754461283815e-05,3.44842450105608e-08,mule_laundering,1
807A61380,28,7.758754461283815e-05,5.370921160394845e-05,mule_laundering,1
802D53D80,28,0.0001034500594837842,3.8363722574248894e-05,mule_laundering,1
80EE2B9B0,28,7.758754461283815e-05,1.5345489029699558e-05,mule_laundering,1
80B7347A0,84,7.758754461283815e-05,0.0,mule_laundering,0
802D878C0,84,0.0001034500594837842,0.0,mule_laundering,0
8063F5290,84,5.17250297418921e-05,0.0,mule_laundering,0
80A1C7710,28,0.0001034500594837842,0.0002448726238199921,mule_laundering,1
80A09CF50,28,7.758754461283815e-05,0.00022194060088796916,mule_laundering,1
8067AD0A0,28,5.17250297418921e-05,7.660609465321379e-06,mule_laundering,1
80296CA20,58,5.17250297418921e-05,7.672744514849779e-06,mule_laundering,1
80F390FC0,58,0.000517250297418921,0.004993031806218853,mule_laundering,1
801ABC430,58,0.0001034500594837842,6.138195611879823e-05,mule_laundering,1
8012E62B0,58,5.17250297418921e-05,7.672744514849779e-06,mule_laundering,1
8043B07C0,58,7.758754461283815e-05,1.5345489029699558e-05,mule_laundering,1
80399CED0,58,5.17250297418921e-05,7.672744514849779e-06,mule_laundering,1
80BF4C160,58,7.758754461283815e-05,1.5345489029699558e-05,mule_laundering,1
80C21E690,58,7.758754461283815e-05,0.001850033135528863,mule_laundering,1
806A3D750,58,5.17250297418921e-05,7.672744514849779e-06,mule_laundering,1
805CA5A30,58,7.758754461283815e-05,1.5345489029699558e-05,mule_laundering,1
8031B5390,58,5.17250297418921e-05,7.672744514849779e-06,mule_laundering,1
808C45FE0,58,5.17250297418921e-05,7.672744514849779e-06,mule_laundering,1
805284730,58,7.758754461283815e-05,1.5345489029699558e-05,mule_laundering,1
801D43090,58,7.758754461283815e-05,0.0015681187298591179,mule_laundering,1
807DC76A0,58,7.758754461283815e-05,1.5345489029699558e-05,mule_laundering,1
80E0D4970,58,7.758754461283815e-05,1.5345489029699558e-05,mule_laundering,1
812D8B2C0,85,5.17250297418921e-05,0.0,mule_laundering,0
812D8B310,85,7.758754461283815e-05,0.0,mule_laundering,0
8148D50E1,75,7.758754461283815e-05,2.4138971507392564e-07,mule_laundering,1
8001275E0,41,0.00012931257435473025,0.00063935762603649,mule_laundering,1
801BF9C50,0,0.0001034500594837842,1.9155998103366526e-05,mule_laundering,1
801BFA830,0,0.0001034500594837842,0.00021813009181430236,mule_laundering,1
801BF9690,0,0.0001034500594837842,1.5345489029699558e-05,mule_laundering,1
801BF9ED0,0,0.00012931257435473025,0.00026778740462950993,mule_laundering,1
801FFD5D0,2,7.758754461283815e-05,1.5321218930642757e-05,mule_laundering,1
805A66B50,2,0.0001034500594837842,2.3018233544549336e-05,mule_laundering,1
806954880,86,0.0001034500594837842,0.00023785507996034312,mule_laundering,1
808567BF0,2,5.17250297418921e-05,7.672744514849779e-06,legit,1
809942DA0,2,5.17250297418921e-05,7.672744514849779e-06,mule_laundering,1
80AE91D70,2,5.17250297418921e-05,7.672744514849779e-06,mule_laundering,1
80C095D40,2,5.17250297418921e-05,7.672744514849779e-06,mule_laundering,1
80DA37190,2,5.17250297418921e-05,7.672744514849779e-06,mule_laundering,1
80DEF3AB0,87,0.0001034500594837842,1.379369800422432e-07,mule_laundering,0
80DEF52A0,87,0.0001034500594837842,8.6210612526402e-08,mule_laundering,0
80DEF3F60,87,7.758754461283815e-05,3.44842450105608e-08,legit,0
80B617BB0,88,7.758754461283815e-05,3.44842450105608e-08,legit,0
80E102CE0,88,5.17250297418921e-05,5.17263675158412e-08,legit,0
80E1B9E30,89,0.00012931257435473025,0.00026020087072718657,mule_laundering,0
80E65F260,2,7.758754461283815e-05,3.8363722574248894e-05,mule_laundering,1
80EBBC760,2,5.17250297418921e-05,7.672744514849779e-06,mule_laundering,1
80ED95BC0,2,7.758754461283815e-05,1.5345489029699558e-05,mule_laundering,1
813E4FC50,2,0.0001034500594837842,3.0690978059399115e-05,mule_laundering,1
80023CE80,28,0.00012931257435473025,1.7339992076834187e-05,mule_laundering,1
800B9A040,1,0.00012931257435473025,0.0003195002902545824,legit,1
801545F20,33,7.758754461283815e-05,0.0002759180846707883,mule_laundering,1
802C0EB70,28,5.17250297418921e-05,7.672744514849779e-06,mule_laundering,1
80488BAA0,28,7.758754461283815e-05,1.5345489029699558e-05,mule_laundering,1
806E6AB10,90,7.758754461283815e-05,0.0,mule_laundering,0
806E6A840,90,0.00012931257435473025,0.0,mule_laundering,0
8080989C0,28,5.17250297418921e-05,7.672744514849779e-06,legit,1
80940A1D0,28,0.0001034500594837842,3.0690978059399115e-05,mule_laundering,1
8025EF980,41,0.0001034500594837842,9.8297351598787e-05,mule_laundering,1
80BA52310,41,0.0001034500594837842,2.3018233544549336e-05,legit,1
80BB6F8B0,28,5.17250297418921e-05,7.672744514849779e-06,mule_laundering,1
8126C7AF0,28,5.17250297418921e-05,7.672744514849779e-06,legit,1
8035D8120,50,0.00012931257435473025,3.0690978059399115e-05,mule_laundering,1
80E6DDAA0,50,7.758754461283815e-05,5.370921160394845e-05,legit,1
8039E1760,91,7.758754461283815e-05,0.0,legit,0
803D8FB40,91,5.17250297418921e-05,0.0,legit,0
8044B81B0,54,7.758754461283815e-05,1.5345489029699558e-05,mule_laundering,1
8046A3860,54,5.17250297418921e-05,7.672744514849779e-06,legit,1
8083BDEE0,61,0.00012931257435473025,0.000437026109597135,mule_laundering,1
808415380,61,5.17250297418921e-05,7.672744514849779e-06,legit,1
80A471A70,12,5.17250297418921e-05,7.672744514849779e-06,legit,1
80A5F2BC0,3,7.758754461283815e-05,0.00033427488252125835,mule_laundering,1
80A7ACF10,12,5.17250297418921e-05,7.672744514849779e-06,legit,1
80B233700,12,5.17250297418921e-05,7.672744514849779e-06,legit,1
100428930,92,0.0006982879015155433,0.0007348592611750507,mule_laundering,1
80CDE2C70,92,7.758754461283815e-05,1.5345489029699558e-05,legit,1
80EACD8B0,99,5.17250297418921e-05,7.672744514849779e-06,legit,1
80F62A3F0,99,0.0001034500594837842,2.2981828395964136e-05,mule_laundering,1
80F97E2B0,99,5.17250297418921e-05,7.672744514849779e-06,legit,1
80FCE8E50,99,0.0001034500594837842,3.0690978059399115e-05,mule_laundering,1
8136DE741,75,7.758754461283815e-05,2.4138971507392564e-07,legit,1
81464BCA1,75,5.17250297418921e-05,1.2069485753696282e-07,legit,1
80005E9C0,41,0.00012931257435473025,4.100417263096687e-05,mule_laundering,1
800126360,41,7.758754461283815e-05,1.5825275346806464e-05,mule_laundering,1
801726B10,2,5.17250297418921e-05,7.672744514849779e-06,mule_laundering,1
8017419F0,2,5.17250297418921e-05,7.672744514849779e-06,legit,1
802CC46F0,2,0.00012931257435473025,3.0690978059399115e-05,mule_laundering,1
8032F35E0,2,5.17250297418921e-05,7.672744514849779e-06,mule_laundering,1
8032F5C90,2,7.758754461283815e-05,2.3018233544549336e-05,mule_laundering,1
8033AA1B0,2,5.17250297418921e-05,7.672744514849779e-06,mule_laundering,1
803E2DB70,2,5.17250297418921e-05,7.672744514849779e-06,legit,1
8013DB9A0,93,0.00012931257435473025,8.879693090219407e-07,mule_laundering,1
804867F30,93,5.17250297418921e-05,7.241691452217768e-07,legit,1
805E98B50,2,5.17250297418921e-05,7.672744514849779e-06,mule_laundering,1
8078F20E0,2,5.17250297418921e-05,7.672744514849779e-06,mule_laundering,1
807A2BAB0,2,0.0001034500594837842,0.00022195784301047464,legit,1
80D7CA690,2,5.17250297418921e-05,7.672744514849779e-06,legit,1
8116F87F0,2,7.758754461283815e-05,3.8363722574248894e-05,legit,1
8126C9320,2,7.758754461283815e-05,1.5345489029699558e-05,legit,1
812BBD210,2,5.17250297418921e-05,7.672744514849779e-06,legit,1
8145682F0,2,5.17250297418921e-05,7.672744514849779e-06,legit,1
8001A4020,41,0.00012931257435473025,2.1406263033057295e-05,mule_laundering,1
8001253F0,104,0.00012931257435473025,0.0011757596290498066,mule_laundering,1
800248110,104,0.00012931257435473025,0.0004665201086253719,mule_laundering,1
8001C80F0,104,0.00012931257435473025,0.00027544290702185447,mule_laundering,1
80027D490,104,7.758754461283815e-05,0.000244855381697487,mule_laundering,1
802AF2300,28,7.758754461283815e-05,1.5345489029699558e-05,legit,1
802F36550,28,5.17250297418921e-05,7.672744514849779e-06,mule_laundering,1
803BEF990,12,0.0002586251487094605,0.0003747659254376371,mule_laundering,1
805791710,28,0.0001034500594837842,4.596365679192827e-05,mule_laundering,1
807B6ACC0,28,0.0001034500594837842,3.8363722574248894e-05,mule_laundering,1
80B5FE8C0,28,0.0001034500594837842,2.3018233544549336e-05,mule_laundering,1
80DA92320,28,5.17250297418921e-05,7.660609465321379e-06,mule_laundering,1
80ED80D80,95,5.17250297418921e-05,1.72421225052804e-08,mule_laundering,0
80ED815E0,95,0.0001034500594837842,6.89684900211216e-08,mule_laundering,0
814272760,50,7.758754461283815e-05,1.5345489029699558e-05,legit,1
803FBEE10,54,7.758754461283815e-05,5.370921160394845e-05,mule_laundering,1
100428780,3,0.0014483008327729789,0.003989538184228647,mule_laundering,1
805FBE980,3,0.0001034500594837842,2.2981828395964136e-05,mule_laundering,1
806133EA0,96,7.758754461283815e-05,0.0,legit,0
8062D5920,96,7.758754461283815e-05,0.0,legit,0
806B33320,60,0.0001034500594837842,0.0001204581607979603,mule_laundering,1
806B9FA20,97,0.00012931257435473025,0.00023016386174280876,mule_laundering,1
806C5E8E0,97,0.0001034500594837842,0.00010238277922488467,mule_laundering,1
806FCC0A0,60,0.0001034500594837842,2.3018233544549336e-05,mule_laundering,1
80892F9B0,61,7.758754461283815e-05,1.5345489029699558e-05,mule_laundering,1
8094A1350,42,0.0001034500594837842,3.0690978059399115e-05,mule_laundering,1
80B75C040,36,7.758754461283815e-05,2.3018233544549336e-05,mule_laundering,1
80FC38120,98,5.17250297418921e-05,0.0,mule_laundering,0
80FC385D0,98,0.0001034500594837842,0.0,mule_laundering,0
810688480,70,7.758754461283815e-05,1.5345489029699558e-05,mule_laundering,1
810C568C0,70,0.0001034500594837842,2.3018233544549336e-05,legit,1
8119C4980,70,5.17250297418921e-05,7.672744514849779e-06,mule_laundering,1
81239C5C0,36,0.0001034500594837842,0.0033089685511243656,mule_laundering,1
80C50EE70,36,0.0001034500594837842,0.0034225367316781984,mule_laundering,1
806EE41E0,36,0.0001034500594837842,0.00041661917514410074,mule_laundering,1
8038A9100,36,0.00012931257435473025,0.0006736856148347831,mule_laundering,1
80B4D3030,36,0.00012931257435473025,0.00026789085736454157,mule_laundering,1
8016E2C30,36,0.0001034500594837842,2.3018233544549336e-05,mule_laundering,1
811BE88E0,71,7.758754461283815e-05,1.5345489029699558e-05,mule_laundering,1
80DED0520,12,7.758754461283815e-05,3.619760778862469e-05,mule_laundering,1
80A451570,12,0.0001034500594837842,4.8555967207202206e-05,mule_laundering,1
80D179410,12,0.0001034500594837842,3.193743479919606e-05,mule_laundering,1
80A976860,12,7.758754461283815e-05,1.1698412320421879e-05,mule_laundering,1
80BAEB330,12,7.758754461283815e-05,1.1573309333557607e-05,mule_laundering,1
806D399E0,12,0.0001034500594837842,8.47018292084889e-05,mule_laundering,1
80BE74FC0,12,0.0001034500594837842,0.0001065987090001055,mule_laundering,1
80EA93ED0,12,0.0001034500594837842,0.0001429922354414787,mule_laundering,1
8079EC940,12,0.00012931257435473025,5.4145808452028546e-05,mule_laundering,1
80F93F560,12,0.0001034500594837842,9.129833872667618e-05,mule_laundering,1
80F1AF380,100,0.0004138002379351368,0.0007649982459562414,mule_laundering,1
80A817660,100,5.17250297418921e-05,7.672744514849779e-06,mule_laundering,1
80D210C20,100,7.758754461283815e-05,1.5345489029699558e-05,mule_laundering,1
809ACB660,100,7.758754461283815e-05,1.5345489029699558e-05,mule_laundering,1
811F9C580,100,0.00012931257435473025,3.0690978059399115e-05,mule_laundering,1
808CE0050,100,0.0001034500594837842,0.0007520707378374425,mule_laundering,1
803158350,100,5.17250297418921e-05,7.672744514849779e-06,mule_laundering,1
810C0C4D0,100,5.17250297418921e-05,7.672744514849779e-06,mule_laundering,1
8113C5790,100,7.758754461283815e-05,1.5345489029699558e-05,mule_laundering,1
805F9C820,100,7.758754461283815e-05,0.00023721712142764777,mule_laundering,1
8023ED8B0,100,7.758754461283815e-05,1.5345489029699558e-05,mule_laundering,1
81203F670,100,5.17250297418921e-05,7.672744514849779e-06,mule_laundering,1
8043B2310,100,7.758754461283815e-05,1.5345489029699558e-05,mule_laundering,1
80EF0F190,101,0.0001034500594837842,0.0,mule_laundering,0
80F5B71F0,101,7.758754461283815e-05,0.0,mule_laundering,0
806F3FE20,101,5.17250297418921e-05,0.0,mule_laundering,0
813E44241,102,0.0001034500594837842,0.0,legit,0
813DB32C1,102,5.17250297418921e-05,0.0,legit,0
8142D6901,75,0.0001034500594837842,6.03474287684814e-07,legit,1
800139380,103,0.00012931257435473025,0.0005745824102065466,mule_laundering,1
800109820,104,0.0001034500594837842,4.965419281208754e-05,mule_laundering,1
8001E6840,104,0.0001034500594837842,1.0865918425727036e-05,mule_laundering,1
80115AE30,2,5.17250297418921e-05,7.672744514849779e-06,mule_laundering,1
8015CC830,2,0.0001551750892256763,6.138195611879823e-05,mule_laundering,1
8035FCAE0,2,0.0001034500594837842,2.3018233544549336e-05,mule_laundering,1
8045188F0,2,5.17250297418921e-05,7.672744514849779e-06,legit,1
80484E690,105,5.17250297418921e-05,0.0,legit,1
80484E640,105,0.0001034500594837842,0.0,mule_laundering,1
8091FEC60,2,7.758754461283815e-05,1.5345489029699558e-05,legit,1
80E2C7260,106,7.758754461283815e-05,0.0,mule_laundering,0
80E2C73A0,106,5.17250297418921e-05,0.0,mule_laundering,0
80F258D80,2,0.0001034500594837842,4.603646708909867e-05,mule_laundering,1
81038E8F0,2,7.758754461283815e-05,1.5345489029699558e-05,legit,1
8104B21B0,2,5.17250297418921e-05,7.672744514849779e-06,mule_laundering,1
810EF66A0,2,5.17250297418921e-05,7.672744514849779e-06,mule_laundering,1
811175900,2,5.17250297418921e-05,7.672744514849779e-06,legit,1
811216600,2,7.758754461283815e-05,1.5345489029699558e-05,legit,1
811DF0B30,2,5.17250297418921e-05,7.672744514849779e-06,legit,1
812473F10,2,5.17250297418921e-05,7.672744514849779e-06,legit,1
8073649F0,2,7.758754461283815e-05,2.3018233544549336e-05,mule_laundering,1
81400D8D0,2,5.17250297418921e-05,7.672744514849779e-06,legit,1
814228930,2,5.17250297418921e-05,7.672744514849779e-06,legit,1
80103A420,107,5.17250297418921e-05,0.0,mule_laundering,0
802533E40,107,7.758754461283815e-05,0.0,mule_laundering,0
80211F620,108,5.17250297418921e-05,0.0,mule_laundering,0
8019C6830,108,5.17250297418921e-05,0.0,mule_laundering,0
800A75B90,109,7.758754461283815e-05,0.0,mule_laundering,1
80162B4B0,109,7.758754461283815e-05,0.0,mule_laundering,1
8010AA4F0,110,7.758754461283815e-05,3.44842450105608e-08,mule_laundering,0
8015B5F50,110,7.758754461283815e-05,6.89684900211216e-08,mule_laundering,0
800DD9900,111,5.17250297418921e-05,0.0,mule_laundering,0
8006F0580,111,7.758754461283815e-05,0.0,mule_laundering,0
800587B60,112,7.758754461283815e-05,0.0,mule_laundering,0
802679190,112,5.17250297418921e-05,0.0,mule_laundering,0
801947FF0,103,0.0001034500594837842,6.219140099522878e-05,mule_laundering,1
800639010,103,0.0001034500594837842,8.510618180474642e-05,mule_laundering,1
800ACE160,113,5.17250297418921e-05,0.0,mule_laundering,0
800AEC6D0,113,5.17250297418921e-05,0.0,mule_laundering,0
8020543A0,11,7.758754461283815e-05,1.5345489029699558e-05,mule_laundering,1
8018DC000,11,7.758754461283815e-05,3.0690978059399115e-05,mule_laundering,1
801A58F80,114,5.17250297418921e-05,0.0,mule_laundering,0
80048D890,114,5.17250297418921e-05,0.0,mule_laundering,0
800BBBEC0,115,0.00012931257435473025,0.0,mule_laundering,0
801732D60,115,7.758754461283815e-05,0.0,mule_laundering,0
8010647D0,2,7.758754461283815e-05,1.5345489029699558e-05,mule_laundering,1
801CFFF90,2,0.00012931257435473025,4.603646708909867e-05,mule_laundering,1
801BA48E0,116,0.0001034500594837842,8.626812460947498e-08,mule_laundering,0
80044F690,116,7.758754461283815e-05,6.89684900211216e-08,mule_laundering,0
8000631E0,104,0.0002586251487094605,0.0014971059921433882,mule_laundering,1
8001FD490,6,0.0001034500594837842,2.8105964038978396e-05,mule_laundering,1
800865880,6,0.0001034500594837842,2.6719542509016195e-05,mule_laundering,1
8010D1180,28,0.00018103760409662236,6.128487572257103e-05,mule_laundering,1
8014E85C0,50,0.00012931257435473025,0.0013183819868699052,mule_laundering,1
803D15580,37,7.758754461283815e-05,0.0003308645687767698,mule_laundering,1
805A69430,28,5.17250297418921e-05,7.672744514849779e-06,mule_laundering,1
8070B96C0,28,7.758754461283815e-05,1.5345489029699558e-05,mule_laundering,1
8078D03C0,117,7.758754461283815e-05,0.0,mule_laundering,0
8078D1920,117,5.17250297418921e-05,0.0,mule_laundering,0
808A3ED00,28,5.17250297418921e-05,7.672744514849779e-06,mule_laundering,1
80983A6C0,28,5.17250297418921e-05,7.672744514849779e-06,legit,1
80B7C97B0,118,0.0001034500594837842,0.00011053948185969187,mule_laundering,1
80BBE3D80,28,5.17250297418921e-05,7.672744514849779e-06,legit,1
812FAD420,28,0.0001034500594837842,0.00025257985257985243,mule_laundering,1
800045C50,50,0.0001034500594837842,2.3018233544549336e-05,mule_laundering,1
8035B6450,50,5.17250297418921e-05,7.672744514849779e-06,legit,1
803875D70,54,5.17250297418921e-05,7.672744514849779e-06,mule_laundering,1
80549CF00,3,7.758754461283815e-05,6.138195611879823e-05,mule_laundering,1
8064773A0,119,0.00012931257435473025,3.2760032760032763e-07,mule_laundering,1
8074C23A0,119,7.758754461283815e-05,1.72421225052804e-07,mule_laundering,1
800094540,120,7.758754461283815e-05,1.0352174953136998e-07,legit,1
8082C47C0,120,7.758754461283815e-05,1.72421225052804e-07,legit,1
808DC8060,61,5.17250297418921e-05,7.672744514849779e-06,mule_laundering,1
809D92430,121,5.17250297418921e-05,0.0,mule_laundering,0
809D92480,121,7.758754461283815e-05,0.0,mule_laundering,0
80C1898B0,36,7.758754461283815e-05,0.0003594292857450753,mule_laundering,1
80D9DB220,92,5.17250297418921e-05,7.672744514849779e-06,legit,1
80F16B020,99,5.17250297418921e-05,7.672744514849779e-06,legit,1
80EAFB760,122,0.0001034500594837842,1.2069485753696282e-07,mule_laundering,1
80F4E20E0,122,0.0001034500594837842,6.89684900211216e-08,mule_laundering,1
8117D80B0,70,5.17250297418921e-05,7.672744514849779e-06,legit,1
811A00890,71,0.00023276263383851444,0.00014487653682415699,mule_laundering,1
811B6E2B0,71,0.0001034500594837842,7.819302556144662e-06,mule_laundering,1
811FCA7B0,71,0.0002069001189675684,0.00011851192955790376,mule_laundering,1
801F72730,2,7.758754461283815e-05,2.3018233544549336e-05,legit,1
8033F0340,123,7.758754461283815e-05,0.0004892969524548473,mule_laundering,1
8057E95C0,2,7.758754461283815e-05,2.3018233544549336e-05,mule_laundering,1
805A6C010,2,0.0001034500594837842,3.0690978059399115e-05,mule_laundering,1
8017556D0,124,5.17250297418921e-05,0.0,legit,0
8079D2FE0,124,7.758754461283815e-05,0.0,legit,0
809FBC0B0,2,5.17250297418921e-05,7.672744514849779e-06,mule_laundering,1
807CA1330,2,7.758754461283815e-05,1.5345489029699558e-05,mule_laundering,1
80D983820,2,5.17250297418921e-05,7.672744514849779e-06,legit,1
8048506A0,125,5.17250297418921e-05,0.0,legit,1
80E0F9310,125,0.0001034500594837842,0.0,legit,1
80E4039F0,2,5.17250297418921e-05,7.672744514849779e-06,mule_laundering,1
810572220,2,5.17250297418921e-05,7.672744514849779e-06,legit,1
810766370,2,5.17250297418921e-05,7.672744514849779e-06,mule_laundering,1
81115FDA0,2,5.17250297418921e-05,7.672744514849779e-06,mule_laundering,1
81118E180,2,5.17250297418921e-05,7.672744514849779e-06,mule_laundering,1
8003AA6D0,104,0.0001551750892256763,0.000248410814238348,mule_laundering,1
800CA77E0,28,0.00012931257435473025,7.672744514849779e-05,mule_laundering,1
800D72260,7,5.17250297418921e-05,7.660609465321379e-06,mule_laundering,1
800D945E0,7,0.0001034500594837842,0.00025042458726669254,mule_laundering,1
800D7DDB0,7,0.0001034500594837842,0.00023764394606499867,mule_laundering,1
800D78EB0,7,0.0001034500594837842,6.0989615726457845e-05,mule_laundering,1
80070EC40,33,0.0001034500594837842,7.461624835384594e-05,mule_laundering,1
80775CB60,33,5.17250297418921e-05,7.672744514849779e-06,legit,1
80784CCE0,19,0.0001034500594837842,0.000648364707475519,mule_laundering,1
80C496510,28,5.17250297418921e-05,7.672744514849779e-06,legit,1
80D517870,127,7.758754461283815e-05,0.0,mule_laundering,0
80D53AB60,127,5.17250297418921e-05,0.0,mule_laundering,0
810419A40,28,5.17250297418921e-05,7.672744514849779e-06,legit,1
8036095E0,1,7.758754461283815e-05,3.661115785517699e-05,mule_laundering,1
80480D400,128,5.17250297418921e-05,5.17263675158412e-08,legit,0
80B133BD0,128,7.758754461283815e-05,3.44842450105608e-08,legit,0
803DAA300,54,5.17250297418921e-05,7.672744514849779e-06,mule_laundering,1
804375F60,54,5.17250297418921e-05,7.672744514849779e-06,legit,1
8047A2980,3,5.17250297418921e-05,7.672744514849779e-06,legit,1
80540B830,3,7.758754461283815e-05,1.5345489029699558e-05,legit,1
8060B7D80,60,5.17250297418921e-05,7.672744514849779e-06,legit,1
806371FB0,60,5.17250297418921e-05,7.672744514849779e-06,legit,1
8087271A0,61,5.17250297418921e-05,7.672744514849779e-06,mule_laundering,1
809022C20,129,0.0001034500594837842,0.0,mule_laundering,0
809022E50,129,5.17250297418921e-05,0.0,mule_laundering,0
8096F2B30,42,0.0001034500594837842,0.0004962694494256732,mule_laundering,1
8099B8650,130,0.0001034500594837842,3.620652302892656e-05,account_takeover,1
809EE0CF0,42,7.758754461283815e-05,1.5345489029699558e-05,legit,1
80B0BDFC0,12,7.758754461283815e-05,1.5345489029699558e-05,mule_laundering,1
80C973130,36,7.758754461283815e-05,1.5345489029699558e-05,legit,1
80CB503D0,36,5.17250297418921e-05,7.672744514849779e-06,legit,1
80D59FF50,92,0.0001034500594837842,0.0007583366278103114,mule_laundering,1
80D785770,92,5.17250297418921e-05,7.672744514849779e-06,mule_laundering,1
80E5FF6C0,99,5.17250297418921e-05,7.672744514849779e-06,mule_laundering,1
80E9EF930,99,0.0001034500594837842,3.0690978059399115e-05,mule_laundering,1
800C22560,131,7.758754461283815e-05,0.0,legit,0
800F674E0,131,5.17250297418921e-05,0.0,legit,0
8019225A0,132,0.0001034500594837842,0.0,mule_laundering,1
8030CA090,132,5.17250297418921e-05,0.0,legit,1
8001A6140,104,0.0001551750892256763,0.0006823320841167828,mule_laundering,1
80428E1F0,104,5.17250297418921e-05,7.672744514849779e-06,legit,1
807D6C2E0,2,5.17250297418921e-05,7.672744514849779e-06,mule_laundering,1
8087578E0,2,7.758754461283815e-05,1.5345489029699558e-05,legit,1
80A0E50B0,2,7.758754461283815e-05,0.00022195784301047464,mule_laundering,1
80E129010,133,5.17250297418921e-05,0.0,legit,0
80E128A50,133,7.758754461283815e-05,0.0,legit,0
80EF87160,2,5.17250297418921e-05,7.672744514849779e-06,legit,1
810778EA0,2,7.758754461283815e-05,1.5345489029699558e-05,legit,1
811E1EF40,2,7.758754461283815e-05,1.5345489029699558e-05,mule_laundering,1
812D47670,134,5.17250297418921e-05,0.0,legit,0
812D489E0,134,0.0001034500594837842,0.0,mule_laundering,0
812D465A0,134,7.758754461283815e-05,0.0,mule_laundering,0
80005F430,92,0.00018103760409662236,0.0006602284828934938,mule_laundering,1
800063990,104,0.0001034500594837842,0.00038363125947788693,mule_laundering,1
80010D740,104,0.0002069001189675684,0.0003010832084994764,mule_laundering,1
800205030,28,0.0001034500594837842,9.408452406164076e-06,mule_laundering,1
800238830,28,0.00012931257435473025,2.907367816458726e-05,mule_laundering,1
80023BB50,28,0.00018103760409662236,0.0003201969024331448,mule_laundering,1
802046130,28,0.0001034500594837842,2.3018233544549336e-05,mule_laundering,1
800178CC0,104,5.17250297418921e-05,7.672744514849779e-06,mule_laundering,1
800283B60,104,0.00018103760409662236,0.0006404442346691245,mule_laundering,1
800202780,104,0.0001034500594837842,3.1817750765119185e-05,mule_laundering,1
800119810,104,0.0001034500594837842,1.6069658174921334e-05,mule_laundering,1
8001B0FA0,104,0.00012931257435473025,2.814535905444997e-05,mule_laundering,1
8002A0E00,31,0.00018103760409662236,5.637578138529044e-05,mule_laundering,1
800115860,31,5.17250297418921e-05,7.672744514849779e-06,mule_laundering,1
804E19360,28,7.758754461283815e-05,1.5345489029699558e-05,mule_laundering,1
807481DB0,28,0.00012931257435473025,3.8363722574248894e-05,mule_laundering,1
80B3D84B0,28,0.00012931257435473025,3.0690978059399115e-05,legit,1
80B51D7A0,28,5.17250297418921e-05,7.672744514849779e-06,legit,1
80C7EC610,28,7.758754461283815e-05,3.0690978059399115e-05,legit,1
8134C9060,28,7.758754461283815e-05,1.5345489029699558e-05,legit,1
81358BC60,135,5.17250297418921e-05,0.0,mule_laundering,1
81358EB50,135,7.758754461283815e-05,0.0,mule_laundering,1
81358E560,135,0.0001034500594837842,0.0,legit,1
802FEC480,50,5.17250297418921e-05,7.672744514849779e-06,legit,1
8038D0CF0,50,5.17250297418921e-05,7.672744514849779e-06,legit,1
80B92FEE0,50,0.0001034500594837842,4.9650856349420954e-05,mule_laundering,1
803CD14B0,54,5.17250297418921e-05,7.672744514849779e-06,mule_laundering,1
80C453D30,54,7.758754461283815e-05,1.5345489029699558e-05,legit,1
804A2A910,3,7.758754461283815e-05,1.5345489029699558e-05,legit,1
805954BD0,3,5.17250297418921e-05,7.672744514849779e-06,mule_laundering,1
805CACDE0,3,7.758754461283815e-05,1.5345489029699558e-05,mule_laundering,1
8080FB750,136,7.758754461283815e-05,3.44842450105608e-08,legit,1
8085CE990,136,7.758754461283815e-05,6.89684900211216e-08,mule_laundering,1
812C92030,61,5.17250297418921e-05,7.672744514849779e-06,mule_laundering,1
809E3EC30,42,7.758754461283815e-05,3.0690978059399115e-05,legit,1
809E59CF0,42,5.17250297418921e-05,7.672744514849779e-06,legit,1
80B7B84C0,36,0.0001034500594837842,0.00025249364196732626,mule_laundering,1
80C9AD100,36,7.758754461283815e-05,6.128487572257103e-05,mule_laundering,1
80E23D7C0,99,5.17250297418921e-05,7.672744514849779e-06,legit,1
811EE71F0,71,7.758754461283815e-05,2.3018233544549336e-05,legit,1
812D43B30,71,5.17250297418921e-05,7.672744514849779e-06,mule_laundering,1
800D9DA40,2,7.758754461283815e-05,2.3018233544549336e-05,mule_laundering,1
801711CB0,2,0.0001034500594837842,0.00023723436355015307,legit,1
80225F930,2,7.758754461283815e-05,0.00021430234061813015,legit,1
802AB9080,60,0.00012931257435473025,6.138195611879823e-05,mule_laundering,1
802AB9030,60,5.17250297418921e-05,7.672744514849779e-06,legit,1
8052A6130,2,5.17250297418921e-05,7.672744514849779e-06,legit,1
807D1E1A0,2,0.00012931257435473025,3.8363722574248894e-05,mule_laundering,1
807D35E70,2,5.17250297418921e-05,0.00020664683822578563,legit,1
8081D8F80,52,0.00012931257435473025,0.0007228905186799924,mule_laundering,1
808E5E2E0,2,7.758754461283815e-05,1.5345489029699558e-05,mule_laundering,1
80A1819A0,2,0.00012931257435473025,3.0690978059399115e-05,mule_laundering,1
80A644540,137,7.758754461283815e-05,0.0,legit,0
80A6B3650,137,5.17250297418921e-05,0.0,legit,0
80D286160,138,0.00012931257435473025,0.00022250959093064358,mule_laundering,1
80A644EB0,2,0.00012931257435473025,4.603646708909867e-05,mule_laundering,1
80DCC7ED0,2,7.758754461283815e-05,1.5345489029699558e-05,legit,1
813253D40,2,7.758754461283815e-05,1.5345489029699558e-05,legit,1
8134E9CF0,2,7.758754461283815e-05,1.5345489029699558e-05,legit,1
8000FD100,104,0.00012931257435473025,8.326795183728224e-05,mule_laundering,1
800259050,41,0.00012931257435473025,2.7784859363806733e-05,mule_laundering,1
8001BA1D0,1,0.0001034500594837842,2.1974737315961202e-05,mule_laundering,1
800ED8300,28,5.17250297418921e-05,7.672744514849779e-06,mule_laundering,1
801E76440,28,7.758754461283815e-05,3.1586532782705044e-05,mule_laundering,1
80DE09FE0,28,7.758754461283815e-05,1.5345489029699558e-05,legit,1
812E08910,50,5.17250297418921e-05,7.672744514849779e-06,legit,1
803B922B0,54,7.758754461283815e-05,4.603646708909867e-05,legit,1
80C45D220,54,0.0001034500594837842,3.0690978059399115e-05,mule_laundering,1
805E2E560,3,7.758754461283815e-05,1.5345489029699558e-05,mule_laundering,1
80622F650,60,5.17250297418921e-05,7.672744514849779e-06,legit,1
8087EA840,61,5.17250297418921e-05,7.672744514849779e-06,legit,1
809082760,42,5.17250297418921e-05,7.672744514849779e-06,legit,1
809E87A20,42,0.00012931257435473025,0.00023726884779516359,mule_laundering,1
80C8F6840,36,5.17250297418921e-05,7.672744514849779e-06,legit,1
80D673E90,92,0.0001034500594837842,2.3018233544549336e-05,legit,1
80D77C380,92,7.758754461283815e-05,1.5345489029699558e-05,legit,1
8119FD960,71,0.00012931257435473025,0.0002296133454028191,mule_laundering,1
81235EAA0,71,0.0001551750892256763,5.879753603830086e-05,mule_laundering,1
811FFF630,71,0.0001034500594837842,1.9181861287124447e-05,mule_laundering,1
812D0C600,71,0.0001034500594837842,1.5345489029699558e-05,mule_laundering,1
813D90D71,75,5.17250297418921e-05,1.2069485753696282e-07,mule_laundering,1
8143FCE61,75,7.758754461283815e-05,2.4138971507392564e-07,legit,1
8001ECD70,0,0.0003103501784513526,0.0002653294428568472,mule_laundering,1
800859800,0,7.758754461283815e-05,5.370921160394845e-05,mule_laundering,1
80087FCB0,2,0.0001551750892256763,4.603646708909867e-05,mule_laundering,1
800957210,31,0.00023276263383851444,0.00012176479281742449,mule_laundering,1
800CD60F0,2,5.17250297418921e-05,7.672744514849779e-06,mule_laundering,1
8031636E0,2,5.17250297418921e-05,7.672744514849779e-06,legit,1
8055DC880,2,7.758754461283815e-05,1.5321218930642757e-05,mule_laundering,1
805A3ED30,139,7.758754461283815e-05,0.0,mule_laundering,0
805A3F090,139,5.17250297418921e-05,0.0,mule_laundering,0
806A6E4C0,2,7.758754461283815e-05,1.5345489029699558e-05,legit,1
809FFE610,2,5.17250297418921e-05,7.672744514849779e-06,mule_laundering,1
80A64E190,2,5.17250297418921e-05,7.672744514849779e-06,legit,1
80E7A2B80,140,7.758754461283815e-05,0.0,mule_laundering,0
80E7A2C70,140,5.17250297418921e-05,0.0,mule_laundering,0
80F91F6D0,2,5.17250297418921e-05,7.672744514849779e-06,legit,1
810D0D150,2,7.758754461283815e-05,1.5345489029699558e-05,mule_laundering,1
8114870C0,2,0.00012931257435473025,3.0690978059399115e-05,mule_laundering,1
811BDDBB0,2,7.758754461283815e-05,0.00021430234061813015,legit,1
8135B93C0,2,5.17250297418921e-05,7.672744514849779e-06,mule_laundering,1
803306D10,2,0.0001034500594837842,3.0690978059399115e-05,mule_laundering,1
8141EEE70,2,5.17250297418921e-05,7.672744514849779e-06,legit,1
80022DF30,104,0.0002069001189675684,0.0002229851461639089,mule_laundering,1
801087CE0,37,7.758754461283815e-05,0.0003308645687767698,mule_laundering,1
802785180,141,7.758754461283815e-05,0.0,mule_laundering,1
8027851D0,141,5.17250297418921e-05,0.0,mule_laundering,1
806605240,4,7.758754461283815e-05,0.00026780578725051107,mule_laundering,1
80688D560,28,0.0001034500594837842,2.3018233544549336e-05,mule_laundering,1
80912ADD0,28,5.17250297418921e-05,7.672744514849779e-06,legit,1
80BB69B40,28,5.17250297418921e-05,7.672744514849779e-06,legit,1
80C0C6DF0,28,7.758754461283815e-05,1.5345489029699558e-05,mule_laundering,1
812518140,28,5.17250297418921e-05,7.672744514849779e-06,legit,1
812549300,28,7.758754461283815e-05,1.5345489029699558e-05,legit,1
80310D890,50,5.17250297418921e-05,7.660609465321379e-06,legit,1
8062015D0,60,5.17250297418921e-05,7.672744514849779e-06,mule_laundering,1
8074161D0,60,5.17250297418921e-05,7.672744514849779e-06,mule_laundering,1
807ECF370,61,7.758754461283815e-05,1.5345489029699558e-05,mule_laundering,1
80C66AC60,61,5.17250297418921e-05,7.672744514849779e-06,legit,1
80EB99530,99,5.17250297418921e-05,7.672744514849779e-06,legit,1
80EF3B2E0,99,5.17250297418921e-05,7.672744514849779e-06,mule_laundering,1
8129FE950,71,7.758754461283815e-05,1.5345489029699558e-05,legit,1
813C8A041,75,5.17250297418921e-05,1.2069485753696282e-07,legit,1
800057620,2,7.758754461283815e-05,0.00026777016250700467,mule_laundering,1
800059C00,1,0.0001551750892256763,0.0004164322615670273,mule_laundering,1
8006D5E90,19,0.00018103760409662236,0.0006154049737669215,mule_laundering,1
800A4B110,19,0.0002586251487094605,0.0008842367179209287,mule_laundering,1
803D3C380,142,5.17250297418921e-05,0.0,mule_laundering,0
803D3CB00,142,7.758754461283815e-05,0.0,mule_laundering,0
804EE56B0,2,7.758754461283815e-05,1.5345489029699558e-05,legit,1
804FEA230,2,7.758754461283815e-05,1.5345489029699558e-05,legit,1
805B50FB0,143,0.0001034500594837842,0.00036722272511746195,mule_laundering,1
806D37450,2,0.0001034500594837842,2.3018233544549336e-05,mule_laundering,1
807250050,2,7.758754461283815e-05,1.5345489029699558e-05,legit,1
80C8A6500,2,5.17250297418921e-05,7.672744514849779e-06,legit,1
80D6DA310,2,5.17250297418921e-05,7.672744514849779e-06,legit,1
80D7B95D0,2,5.17250297418921e-05,0.00020664683822578563,mule_laundering,1
80E51FDB0,2,5.17250297418921e-05,7.672744514849779e-06,legit,1
80FFF4150,144,7.758754461283815e-05,7.672744514849779e-06,mule_laundering,1
800E01900,28,0.00012931257435473025,3.0690978059399115e-05,account_takeover,1
801BDF930,28,7.758754461283815e-05,2.3018233544549336e-05,mule_laundering,1
8029AA9C0,28,7.758754461283815e-05,1.5345489029699558e-05,legit,1
802B15110,145,5.17250297418921e-05,5.17263675158412e-08,mule_laundering,0
802B15160,145,7.758754461283815e-05,3.44842450105608e-08,mule_laundering,0
8031DBFE0,11,0.0001034500594837842,4.60422144632671e-05,mule_laundering,1
8067D6500,28,7.758754461283815e-05,6.138195611879823e-05,legit,1
806E6FE50,28,0.0001034500594837842,4.603646708909867e-05,mule_laundering,1
80D3EE350,28,0.0001034500594837842,2.3018233544549336e-05,legit,1
80AA68C00,7,0.00012931257435473025,0.0006584870696780513,mule_laundering,1
8115C79B0,7,0.0001551750892256763,0.000699482228392508,mule_laundering,1
8116734B0,146,7.758754461283815e-05,0.0,mule_laundering,0
811673500,146,0.0001034500594837842,0.0,mule_laundering,0
811B159E0,28,5.17250297418921e-05,0.00020664683822578544,mule_laundering,1
8007C1440,40,0.0001034500594837842,6.640060343258943e-05,mule_laundering,1
803F23430,54,5.17250297418921e-05,7.672744514849779e-06,legit,1
8044F5A10,54,0.0001034500594837842,2.3018233544549336e-05,mule_laundering,1
8044F5E00,54,7.758754461283815e-05,3.8363722574248894e-05,mule_laundering,1
80452D7D0,147,0.0001034500594837842,0.0,legit,0
80452E6A0,147,5.17250297418921e-05,0.0,legit,0
805FB7CF0,3,0.0001034500594837842,2.3018233544549336e-05,legit,1
805FB7740,3,0.0001034500594837842,0.0002907539118065434,legit,1
8060CDA10,60,0.0001034500594837842,4.603646708909867e-05,mule_laundering,1
808697F70,61,0.0001551750892256763,0.0022523288475676667,mule_laundering,1
808C07DC0,61,7.758754461283815e-05,0.00021430234061813006,mule_laundering,1
809132DE0,148,0.0001034500594837842,0.0,legit,0
8097EDB50,148,5.17250297418921e-05,0.0,legit,0
80A27C700,12,0.00012931257435473025,0.0007242959206428903,mule_laundering,1
80A5DFA40,12,0.0001551750892256763,0.0008876526899066119,mule_laundering,1
80A8B0140,12,7.758754461283815e-05,2.3018233544549336e-05,mule_laundering,1
80A2399A0,149,7.758754461283815e-05,0.0,mule_laundering,0
80AC32E20,149,5.17250297418921e-05,0.0,legit,0
80CBB3060,36,5.17250297418921e-05,7.672744514849779e-06,mule_laundering,1
80F5C2B50,150,0.0001034500594837842,0.0,mule_laundering,1
80F5C4390,150,5.17250297418921e-05,0.0,mule_laundering,1
80F8A2F50,99,5.17250297418921e-05,7.672744514849779e-06,legit,1
8107D06D0,70,5.17250297418921e-05,7.672744514849779e-06,mule_laundering,1
8117C12D0,70,5.17250297418921e-05,7.672744514849779e-06,legit,1
813C75971,75,5.17250297418921e-05,1.2069485753696282e-07,legit,1
800704A30,2,5.17250297418921e-05,7.672744514849779e-06,mule_laundering,1
800AF50A0,2,5.17250297418921e-05,7.672744514849779e-06,legit,1
80226C7A0,41,7.758754461283815e-05,0.0004965929269525037,mule_laundering,1
80365D680,2,5.17250297418921e-05,7.660609465321379e-06,mule_laundering,1
80668F370,2,5.17250297418921e-05,7.672744514849779e-06,legit,1
80A387200,152,0.00012931257435473025,0.0,mule_laundering,1
80A387610,152,7.758754461283815e-05,0.0,legit,1
80B319CA0,2,5.17250297418921e-05,7.672744514849779e-06,legit,1
80C2836A0,2,7.758754461283815e-05,1.5345489029699558e-05,legit,1
80DA83990,153,7.758754461283815e-05,5.17263675158412e-08,mule_laundering,1
80DAA12D0,153,0.00012931257435473025,1.551791025475236e-07,mule_laundering,1
80DA3D3F0,153,7.758754461283815e-05,3.44842450105608e-08,mule_laundering,1
80DA7E4F0,153,5.17250297418921e-05,1.72421225052804e-07,legit,1
80F2F7770,2,7.758754461283815e-05,1.5345489029699558e-05,mule_laundering,1
813B9CA10,2,7.758754461283815e-05,1.5345489029699558e-05,mule_laundering,1
8001D6FF0,28,0.0001034500594837842,0.00014168394330513686,mule_laundering,1
80023E0E0,104,0.0001034500594837842,0.0004589879054322739,mule_laundering,1
8001ADC70,104,0.0001034500594837842,4.093569528488824e-05,mule_laundering,1
800289C70,104,7.758754461283815e-05,5.617773157955626e-05,mule_laundering,1
80043DF50,41,0.0001034500594837842,1.5321218930642757e-05,mule_laundering,1
801A954A0,28,0.0001034500594837842,3.8363722574248894e-05,mule_laundering,1
80203FBF0,28,0.0001034500594837842,3.0690978059399115e-05,mule_laundering,1
802695C50,28,7.758754461283815e-05,1.5345489029699558e-05,mule_laundering,1
802A679B0,154,5.17250297418921e-05,3.44842450105608e-08,mule_laundering,0
802A667C0,154,5.17250297418921e-05,1.72421225052804e-08,mule_laundering,0
8031C4390,28,5.17250297418921e-05,7.672744514849779e-06,legit,1
806272460,28,0.0001034500594837842,2.3018233544549336e-05,mule_laundering,1
807B705E0,155,7.758754461283815e-05,0.00012660028449502133,mule_laundering,1
80848AAC0,28,7.758754461283815e-05,1.5345489029699558e-05,legit,1
80A67EE90,28,5.17250297418921e-05,7.672744514849779e-06,legit,1
80BC910C0,28,5.17250297418921e-05,7.672744514849779e-06,legit,1
80C80B940,28,5.17250297418921e-05,7.672744514849779e-06,legit,1
811060DC0,28,0.00012931257435473025,3.0690978059399115e-05,mule_laundering,1
813590DB0,28,5.17250297418921e-05,7.672744514849779e-06,legit,1
80B0F5100,50,7.758754461283815e-05,1.5321218930642757e-05,mule_laundering,1
8120D3E20,50,7.758754461283815e-05,1.5345489029699558e-05,legit,1
804DA7470,156,7.758754461283815e-05,0.0,mule_laundering,0
804BEA660,156,5.17250297418921e-05,0.0,legit,0
8050C5D60,3,5.17250297418921e-05,7.672744514849779e-06,legit,1
806111720,60,5.17250297418921e-05,7.672744514849779e-06,mule_laundering,1
808926900,61,5.17250297418921e-05,7.672744514849779e-06,legit,1
809626EF0,42,7.758754461283815e-05,1.5345489029699558e-05,legit,1
80ADDAA80,12,5.17250297418921e-05,3.8363722574248894e-05,mule_laundering,1
80C9F23E0,36,7.758754461283815e-05,1.5345489029699558e-05,legit,1
81006D1E0,157,7.758754461283815e-05,0.0,mule_laundering,0
81033C930,157,5.17250297418921e-05,0.0,legit,0
810989DE0,70,0.0001034500594837842,2.3018233544549336e-05,legit,1
8123B4D50,71,5.17250297418921e-05,7.672744514849779e-06,mule_laundering,1
800C050D0,54,5.17250297418921e-05,7.672744514849779e-06,mule_laundering,1
8044B4190,54,7.758754461283815e-05,2.3018233544549336e-05,mule_laundering,1
80CDF9CD0,158,7.758754461283815e-05,0.0,mule_laundering,0
808838010,158,7.758754461283815e-05,0.0,mule_laundering,0
808E9DCD0,159,5.17250297418921e-05,0.0,mule_laundering,0
811F91690,159,5.17250297418921e-05,0.0,mule_laundering,0
80A2953E0,12,7.758754461283815e-05,0.00021803490180354778,mule_laundering,1
8021309A0,12,0.0001034500594837842,0.0002440265742346124,mule_laundering,1
8102394B0,160,7.758754461283815e-05,3.44842450105608e-08,mule_laundering,0
810DF3480,160,7.758754461283815e-05,6.89684900211216e-08,mule_laundering,0
802958DB0,28,0.0001034500594837842,4.603646708909867e-05,mule_laundering,1
810E1A430,28,0.0001034500594837842,2.3018233544549336e-05,mule_laundering,1
8015A3ED0,156,5.17250297418921e-05,0.0,mule_laundering,0
811FA3310,161,7.758754461283815e-05,5.17263675158412e-08,mule_laundering,0
80932CC40,161,5.17250297418921e-05,1.72421225052804e-08,mule_laundering,0
8083E2D60,162,0.0001034500594837842,0.0,mule_laundering,0
811DFB6B0,162,7.758754461283815e-05,0.0,mule_laundering,0
810FB7950,163,7.758754461283815e-05,0.0,mule_laundering,0
80445F940,163,5.17250297418921e-05,0.0,mule_laundering,0
8047B6D80,164,7.758754461283815e-05,0.0,mule_laundering,0
8090E3020,164,7.758754461283815e-05,0.0,mule_laundering,0
800A3E5A0,153,5.17250297418921e-05,1.72421225052804e-08,mule_laundering,1
813B90731,75,7.758754461283815e-05,2.4138971507392564e-07,mule_laundering,1
814276A51,165,7.758754461283815e-05,5.17263675158412e-08,mule_laundering,0
814278FE1,165,5.17250297418921e-05,1.72421225052804e-08,mule_laundering,0
8009F1D10,42,7.758754461283815e-05,0.0012538706816849394,mule_laundering,1
8003E7740,54,0.00012931257435473025,0.0008198110009552427,mule_laundering,1
8021C45F0,54,7.758754461283815e-05,3.8363722574248894e-05,mule_laundering,1
80245F620,2,7.758754461283815e-05,5.370921160394845e-05,legit,1
80276BA30,2,5.17250297418921e-05,7.672744514849779e-06,legit,1
80138AA40,166,0.0001034500594837842,6.89684900211216e-08,mule_laundering,1
80491D7A0,166,0.0001034500594837842,1.2069485753696282e-07,mule_laundering,1
80728BE90,167,7.758754461283815e-05,0.0006567247254020892,mule_laundering,1
80273FB80,168,0.0001034500594837842,3.8363722574248894e-05,mule_laundering,1
80757D080,168,7.758754461283815e-05,2.3018233544549336e-05,mule_laundering,1
80857FD20,2,0.0001034500594837842,3.0690978059399115e-05,mule_laundering,1
808580380,2,5.17250297418921e-05,7.672744514849779e-06,mule_laundering,1
808D08470,16,7.758754461283815e-05,0.0,legit,1
808F9E440,169,5.17250297418921e-05,0.0,mule_laundering,0
808F9E990,169,5.17250297418921e-05,0.0,mule_laundering,0
809B979F0,2,7.758754461283815e-05,1.5345489029699558e-05,mule_laundering,1
80BAA63E0,2,5.17250297418921e-05,7.672744514849779e-06,legit,1
80D32DBE0,2,7.758754461283815e-05,1.5345489029699558e-05,legit,1
81108E620,2,5.17250297418921e-05,7.672744514849779e-06,mule_laundering,1
80D3200C0,2,5.17250297418921e-05,0.00020664683822578563,legit,1
813484320,2,0.00012931257435473025,4.603646708909867e-05,mule_laundering,1
800058470,33,0.0001034500594837842,1.7079909803021932e-05,mule_laundering,1
80012E100,33,7.758754461283815e-05,8.376797850482061e-06,mule_laundering,1
8001B3D10,1,7.758754461283815e-05,1.3225693225693225e-05,mule_laundering,1
802BEE490,28,5.17250297418921e-05,7.672744514849779e-06,legit,1
802C2BF80,28,5.17250297418921e-05,7.672744514849779e-06,legit,1
80595BED0,28,0.00012931257435473025,6.138195611879823e-05,mule_laundering,1
806931820,28,5.17250297418921e-05,7.672744514849779e-06,legit,1
8078F4DB0,28,7.758754461283815e-05,0.00021430234061812996,legit,1
80878BA20,1,0.0001034500594837842,0.0022090534975259227,mule_laundering,1
80C575BC0,28,7.758754461283815e-05,1.5345489029699558e-05,legit,1
80D216A80,28,5.17250297418921e-05,7.672744514849779e-06,legit,1
811F5B0C0,28,5.17250297418921e-05,7.672744514849779e-06,mule_laundering,1
81294A5D0,28,5.17250297418921e-05,7.672744514849779e-06,legit,1
802374C40,50,0.0001034500594837842,0.0028638960624304305,mule_laundering,1
80256C060,170,0.00012931257435473025,1.2069485753696282e-07,mule_laundering,1
8030A5760,170,0.00012931257435473025,2.4138971507392564e-07,mule_laundering,1
8037E5BB0,50,0.0001034500594837842,6.138195611879823e-05,legit,1
8056D2690,50,5.17250297418921e-05,7.672744514849779e-06,mule_laundering,1
808DE9400,171,5.17250297418921e-05,0.0,mule_laundering,0
808DEA500,171,5.17250297418921e-05,1.72421225052804e-08,mule_laundering,0
80B12BA80,50,0.0001034500594837842,2.3018233544549336e-05,mule_laundering,1
80B12DE00,50,7.758754461283815e-05,3.8363722574248894e-05,mule_laundering,1
812E270F0,50,5.17250297418921e-05,7.672744514849779e-06,legit,1
803F8AD80,54,7.758754461283815e-05,1.5345489029699558e-05,legit,1
804409300,12,0.0001034500594837842,0.0010531640637927487,mule_laundering,1
80609E910,60,0.0001034500594837842,9.96267080477607e-05,legit,1
8060EC5E0,60,0.00012931257435473025,0.00024879433248106134,mule_laundering,1
806D871B0,60,5.17250297418921e-05,7.672744514849779e-06,legit,1
80869DF30,33,7.758754461283815e-05,0.00011185155916659323,mule_laundering,1
80A6FEF40,12,7.758754461283815e-05,1.5345489029699558e-05,legit,1
80CF5B3C0,92,7.758754461283815e-05,1.5345489029699558e-05,mule_laundering,1
80E44F430,172,7.758754461283815e-05,0.0,legit,0
80EB41570,172,7.758754461283815e-05,0.0,mule_laundering,0
810248670,173,7.758754461283815e-05,0.0,legit,0
811329E00,173,5.17250297418921e-05,0.0,legit,0
811BCF2E0,71,0.00012931257435473025,0.00018587853935845408,mule_laundering,1
811EDAA30,71,0.0001034500594837842,7.672744514849779e-06,mule_laundering,1
811EDA940,71,0.0002069001189675684,1.5563889248099774e-05,mule_laundering,1
811EDA5B0,71,0.0001034500594837842,1.5345489029699558e-05,mule_laundering,1
8003B4110,2,7.758754461283815e-05,1.5345489029699558e-05,legit,1
800B328D0,2,7.758754461283815e-05,7.672744514849779e-06,mule_laundering,1
8013A3BC0,2,7.758754461283815e-05,2.3018233544549336e-05,mule_laundering,1
800A83420,174,5.17250297418921e-05,0.0,legit,1
801A57580,174,0.0001034500594837842,0.0,legit,1
8019ED7B0,175,7.758754461283815e-05,0.0009536100693995431,mule_laundering,1
801DB4300,175,0.0002069001189675684,0.000741036867352657,mule_laundering,1
8021199E0,176,7.758754461283815e-05,0.0018952179827218991,mule_laundering,1
802BE4C90,2,0.0001034500594837842,3.830304732660689e-05,mule_laundering,1
802C5A9E0,2,5.17250297418921e-05,7.672744514849779e-06,legit,1
80352F4B0,2,0.00012931257435473025,3.8363722574248894e-05,mule_laundering,1
804C78710,2,7.758754461283815e-05,1.5345489029699558e-05,legit,1
805B5BC60,177,5.17250297418921e-05,0.0,mule_laundering,0
805B5C500,177,7.758754461283815e-05,0.0,mule_laundering,0
80600BE00,2,0.0001034500594837842,1.5345489029699558e-05,legit,1
8066D7B00,19,0.00012931257435473025,0.0019558834161287524,mule_laundering,1
80B39AF40,2,7.758754461283815e-05,1.5345489029699558e-05,legit,1
80B97F460,2,7.758754461283815e-05,0.000244855381697487,legit,1
80C987C00,178,0.0001551750892256763,0.0,mule_laundering,0
80C988190,178,7.758754461283815e-05,0.0,mule_laundering,0
80EB87650,179,0.00012931257435473025,8.440018966334756e-05,legit,1
80ED33D50,2,5.17250297418921e-05,7.672744514849779e-06,mule_laundering,1
80BDE5EA0,0,5.17250297418921e-05,7.672744514849779e-06,legit,1
80FDA84F0,0,0.00012931257435473025,3.8363722574248894e-05,mule_laundering,1
80FE4C630,2,5.17250297418921e-05,7.672744514849779e-06,legit,1
80FF26B70,180,5.17250297418921e-05,0.0,mule_laundering,0
80FF26D00,180,7.758754461283815e-05,0.0,mule_laundering,0
8001B0770,33,0.0001034500594837842,4.119704775207167e-05,mule_laundering,1
8001FE5D0,28,7.758754461283815e-05,4.449468917808396e-05,mule_laundering,1
801FEF760,28,7.758754461283815e-05,1.5345489029699558e-05,mule_laundering,1
8020791A0,181,0.00012931257435473025,0.0,mule_laundering,1
80207A270,181,0.00012931257435473025,0.0,mule_laundering,1
80207A2C0,181,0.00012931257435473025,0.0,mule_laundering,1
802078880,181,0.0001034500594837842,0.0,mule_laundering,1
8041A9DD0,28,7.758754461283815e-05,3.0690978059399115e-05,mule_laundering,1
8075F52F0,28,5.17250297418921e-05,7.672744514849779e-06,legit,1
808323650,28,7.758754461283815e-05,2.3018233544549336e-05,mule_laundering,1
80A662100,12,7.758754461283815e-05,0.00022442922758712225,legit,1
80BF33570,28,7.758754461283815e-05,1.5345489029699558e-05,legit,1
80D0919B0,28,5.17250297418921e-05,7.672744514849779e-06,legit,1
80EBE2F00,41,7.758754461283815e-05,0.00042642543000141227,mule_laundering,1
8057D8B40,182,0.0001034500594837842,0.0,mule_laundering,0
812E5CC20,182,5.17250297418921e-05,0.0,legit,0
810730950,50,0.0001034500594837842,5.370921160394845e-05,mule_laundering,1
803EB9240,54,0.0001551750892256763,4.603646708909867e-05,account_takeover,1
8052436B0,3,5.17250297418921e-05,7.672744514849779e-06,mule_laundering,1
8054100E0,4,0.0003103501784513526,0.0006407839953697424,mule_laundering,1
805CAEFB0,4,5.17250297418921e-05,7.672744514849779e-06,legit,1
808728C10,61,0.0001034500594837842,0.0008466767245714614,mule_laundering,1
809852800,33,0.00012931257435473025,0.0014328092875832577,mule_laundering,1
80A4AD6C0,93,0.0001034500594837842,1.72421225052804e-07,mule_laundering,1
80A4AD800,93,7.758754461283815e-05,6.89684900211216e-08,mule_laundering,1
80C029390,36,5.17250297418921e-05,7.672744514849779e-06,mule_laundering,1
80DD96660,99,0.0001034500594837842,3.0690978059399115e-05,mule_laundering,1
80DDAB2B0,100,0.0001034500594837842,0.001063088619332542,mule_laundering,1
80E28C820,99,5.17250297418921e-05,7.672744514849779e-06,legit,1
80F035DA0,99,7.758754461283815e-05,2.3018233544549336e-05,mule_laundering,1
80F64CF30,99,5.17250297418921e-05,7.672744514849779e-06,legit,1
80F4E5810,99,5.17250297418921e-05,7.672744514849779e-06,legit,1
80F69BBE0,99,7.758754461283815e-05,2.3018233544549336e-05,legit,1
810D29430,70,7.758754461283815e-05,1.5345489029699558e-05,mule_laundering,1
812D1AC00,71,0.0001551750892256763,2.3026854605801974e-05,mule_laundering,1
811ED7DF0,71,0.0004913877825479749,0.00016190810045793578,mule_laundering,1
8119F8CC0,71,0.00023276263383851444,0.00022681574273197608,mule_laundering,1
8120D49E0,71,0.0001551750892256763,7.810681494892021e-06,mule_laundering,1
81235EC40,71,0.0001551750892256763,0.0004132793080161501,mule_laundering,1
81235EE30,71,0.00012931257435473025,7.672744514849779e-06,mule_laundering,1
811A67510,71,0.00028448766358040654,3.544857984112131e-05,mule_laundering,1
8000DA7D0,71,5.17250297418921e-05,7.672744514849779e-06,mule_laundering,1
8120D4990,71,0.00018103760409662236,3.940590521358154e-05,mule_laundering,1
812D1A410,71,0.00023276263383851444,0.0004698025995459657,mule_laundering,1
812D1A650,71,0.0001551750892256763,5.230012954089431e-05,mule_laundering,1
812D1B280,71,0.0002069001189675684,2.3018233544549336e-05,mule_laundering,1
811A65E30,71,0.0003362126933222986,0.000151067723660216,mule_laundering,1
811E03C30,71,0.0001034500594837842,5.370921160394845e-05,mule_laundering,1
8137542F1,75,0.00012931257435473025,2.9484029484029485e-06,mule_laundering,1
8001093C0,104,0.0001551750892256763,0.00025612971192422185,mule_laundering,1
8016136C0,2,0.0001034500594837842,2.3018233544549336e-05,mule_laundering,1
80459C170,2,5.17250297418921e-05,7.672744514849779e-06,mule_laundering,1
805EB6DE0,2,0.0001551750892256763,6.138195611879823e-05,mule_laundering,1
800CEE5B0,41,5.17250297418921e-05,7.672744514849779e-06,legit,1
807195E30,41,0.0001034500594837842,2.3018233544549336e-05,mule_laundering,1
807B27240,2,7.758754461283815e-05,1.5345489029699558e-05,mule_laundering,1
80BD9F500,184,5.17250297418921e-05,7.672744514849779e-06,legit,1
80C95D120,184,0.0001034500594837842,2.3018233544549336e-05,mule_laundering,1
80E112E90,2,0.0001034500594837842,3.0690978059399115e-05,mule_laundering,1
8078741A0,2,0.0001034500594837842,3.8363722574248894e-05,mule_laundering,1
810D0D880,2,7.758754461283815e-05,1.5345489029699558e-05,legit,1
810DA44D0,2,7.758754461283815e-05,1.5345489029699558e-05,mule_laundering,1
8117A2720,2,7.758754461283815e-05,1.5345489029699558e-05,legit,1
812B94060,2,5.17250297418921e-05,7.672744514849779e-06,legit,1
812C89B50,2,7.758754461283815e-05,1.5345489029699558e-05,legit,1
813AB8C90,2,5.17250297418921e-05,7.672744514849779e-06,mule_laundering,1
80EBB5550,27,5.17250297418921e-05,0.0,legit,0
800165A30,1,0.0001551750892256763,0.0005926363963711196,mule_laundering,1
80027A2B0,104,0.00018103760409662236,0.0002521391336535193,mule_laundering,1
801544370,28,0.0001034500594837842,5.370921160394845e-05,mule_laundering,1
800054B70,28,0.0003103501784513526,0.00035524483600758445,mule_laundering,1
80012E0B0,28,0.00012931257435473025,0.00025469831727644945,mule_laundering,1
8002438B0,28,0.0001034500594837842,4.789629994811577e-05,mule_laundering,1
8002924E0,28,7.758754461283815e-05,1.5345489029699558e-05,mule_laundering,1
800240F20,104,7.758754461283815e-05,2.6138692411386575e-05,mule_laundering,1
8001205B0,28,7.758754461283815e-05,4.022355543326601e-05,mule_laundering,1
8000B4150,28,0.00012931257435473025,9.401420872727041e-05,mule_laundering,1
8001021C0,104,7.758754461283815e-05,8.234853921452004e-06,mule_laundering,1
8033289C0,28,7.758754461283815e-05,1.5345489029699558e-05,mule_laundering,1
804B708E0,28,5.17250297418921e-05,7.672744514849779e-06,mule_laundering,1
807202060,28,5.17250297418921e-05,7.672744514849779e-06,mule_laundering,1
8046D4CA0,185,7.758754461283815e-05,0.0,mule_laundering,0
80821CDC0,185,5.17250297418921e-05,0.0,legit,0
8067D6C60,72,0.0001034500594837842,0.0,mule_laundering,1
808E56A90,72,7.758754461283815e-05,0.0,mule_laundering,1
80BA66B60,28,7.758754461283815e-05,1.5345489029699558e-05,mule_laundering,1
80D085870,28,5.17250297418921e-05,7.672744514849779e-06,mule_laundering,1
80EBEE410,28,0.00012931257435473025,6.9054700633648e-05,legit,1
8116A08E0,28,5.17250297418921e-05,7.672744514849779e-06,mule_laundering,1
810F388F0,186,7.758754461283815e-05,0.0,legit,0
812F85840,186,7.758754461283815e-05,0.0,legit,0
81357F010,28,7.758754461283815e-05,1.5345489029699558e-05,mule_laundering,1
803959550,50,5.17250297418921e-05,7.672744514849779e-06,mule_laundering,1
80A209200,187,0.0001034500594837842,4.603646708909867e-05,mule_laundering,1
80F5E0100,187,7.758754461283815e-05,2.3018233544549336e-05,legit,1
803F9CB00,54,0.0001034500594837842,0.0005629078849839952,mule_laundering,1
804404E30,61,0.0001034500594837842,0.0003739065700263593,mule_laundering,1
805016710,3,0.0002069001189675684,0.00048171041855252385,mule_laundering,1
8083F9670,61,0.0001034500594837842,2.3018233544549336e-05,mule_laundering,1
8138BC4B0,61,5.17250297418921e-05,7.672744514849779e-06,mule_laundering,1
80A81E300,12,7.758754461283815e-05,1.5345489029699558e-05,legit,1
80B2BAB30,12,7.758754461283815e-05,3.8363722574248894e-05,legit,1
80BEEC940,36,5.17250297418921e-05,7.672744514849779e-06,legit,1
80C5937A0,36,5.17250297418921e-05,7.672744514849779e-06,legit,1
80C8F7670,36,5.17250297418921e-05,7.672744514849779e-06,mule_laundering,1
80E81D550,99,5.17250297418921e-05,7.672744514849779e-06,mule_laundering,1
810534E20,70,0.0001034500594837842,0.0005045389887495151,mule_laundering,1
810BCE380,188,0.0001034500594837842,0.0,mule_laundering,1
810F4EE40,188,5.17250297418921e-05,0.0,legit,1
811E4E860,71,0.0001034500594837842,5.370921160394845e-05,mule_laundering,1
811FFE910,71,5.17250297418921e-05,7.672744514849779e-06,mule_laundering,1
800059440,2,0.0001034500594837842,3.8363722574248894e-05,mule_laundering,1
8000F49E0,104,0.00012931257435473025,0.0005714292637679595,mule_laundering,1
80010A750,104,0.0001034500594837842,0.0002147970758547439,mule_laundering,1
8006FA4B0,189,7.758754461283815e-05,0.00047405380656434986,mule_laundering,1
8006ECDD0,190,7.758754461283815e-05,0.0,mule_laundering,1
8006FC0B0,190,7.758754461283815e-05,0.0,mule_laundering,1
800A506C0,2,7.758754461283815e-05,0.00021430234061813015,legit,1
800A483E0,37,0.00012931257435473025,0.0003020483041011711,mule_laundering,1
802BE7A30,37,5.17250297418921e-05,0.0002066468382257856,legit,1
8033C6610,2,5.17250297418921e-05,7.672744514849779e-06,legit,1
80508F570,2,7.758754461283815e-05,1.5345489029699558e-05,legit,1
8057178A0,2,0.00012931257435473025,0.0002448898659424976,legit,1
80684E270,2,5.17250297418921e-05,7.672744514849779e-06,legit,1
809BBC7B0,189,7.758754461283815e-05,0.00047405380656434986,mule_laundering,1
80AA7BFF0,2,5.17250297418921e-05,7.672744514849779e-06,mule_laundering,1
80AEED230,2,7.758754461283815e-05,1.5345489029699558e-05,mule_laundering,1
805B8DC40,2,0.0001034500594837842,1.5345489029699558e-05,legit,1
80E04FEB0,2,0.0001034500594837842,1.5345489029699558e-05,legit,1
80E6C34F0,191,0.0001034500594837842,0.0010520543719394104,mule_laundering,1
80CD081C0,192,5.17250297418921e-05,0.0,legit,0
81282DC40,192,5.17250297418921e-05,0.0,legit,0
81284CD80,2,5.17250297418921e-05,7.672744514849779e-06,mule_laundering,1
813AB5140,2,5.17250297418921e-05,7.672744514849779e-06,mule_laundering,1
81444CE70,2,5.17250297418921e-05,7.672744514849779e-06,legit,1
80012EBD0,103,0.0001034500594837842,0.0002380516105222743,mule_laundering,1
8001426D0,103,0.0001551750892256763,5.310731619998895e-05,mule_laundering,1
80012AE10,193,0.0001034500594837842,0.0005843211104554969,mule_laundering,1
8001B7DB0,193,0.00012931257435473025,0.000561772245801369,mule_laundering,1
8031C7040,28,5.17250297418921e-05,7.672744514849779e-06,mule_laundering,1
800D92330,19,0.0001034500594837842,0.0005880216107122947,mule_laundering,1
806517760,19,7.758754461283815e-05,0.00024485538169748697,mule_laundering,1
807B06D50,28,5.17250297418921e-05,7.672744514849779e-06,mule_laundering,1
80A651880,28,7.758754461283815e-05,2.3018233544549336e-05,mule_laundering,1
80FEF8700,28,5.17250297418921e-05,7.672744514849779e-06,legit,1
8056945C0,50,7.758754461283815e-05,1.5345489029699558e-05,mule_laundering,1
80B2C2980,50,5.17250297418921e-05,7.672744514849779e-06,mule_laundering,1
804895E90,61,0.0001551750892256763,0.0004528575241845304,mule_laundering,1
80E6DD130,61,5.17250297418921e-05,7.672744514849779e-06,legit,1
804145C00,54,5.17250297418921e-05,7.672744514849779e-06,legit,1
804FABD20,3,0.0001034500594837842,3.8363722574248894e-05,mule_laundering,1
806B9AF90,194,5.17250297418921e-05,0.0,mule_laundering,0
806B9B6A0,194,5.17250297418921e-05,0.0,mule_laundering,0
807173BB0,60,5.17250297418921e-05,7.672744514849779e-06,legit,1
8086B92E0,61,7.758754461283815e-05,1.5345489029699558e-05,mule_laundering,1
808CED9F0,195,5.17250297418921e-05,0.0,legit,0
810D03440,195,5.17250297418921e-05,0.0,legit,0
8091A58E0,196,5.17250297418921e-05,5.17263675158412e-08,mule_laundering,0
8091A6BC0,196,7.758754461283815e-05,3.44842450105608e-08,mule_laundering,0
80950C280,42,5.17250297418921e-05,7.672744514849779e-06,mule_laundering,1
80985A590,42,5.17250297418921e-05,7.672744514849779e-06,mule_laundering,1
80A134400,12,5.17250297418921e-05,7.672744514849779e-06,mule_laundering,1
80AA2D0C0,12,7.758754461283815e-05,1.5345489029699558e-05,mule_laundering,1
80C166500,36,7.758754461283815e-05,4.603646708909867e-05,mule_laundering,1
80CE17920,92,5.17250297418921e-05,7.672744514849779e-06,mule_laundering,1
80D5E56F0,92,5.17250297418921e-05,7.672744514849779e-06,mule_laundering,1
80D8110B0,197,7.758754461283815e-05,0.0,mule_laundering,0
80D811100,197,5.17250297418921e-05,0.0,mule_laundering,0
80D851850,92,7.758754461283815e-05,1.5345489029699558e-05,legit,1
811D5F740,71,7.758754461283815e-05,0.0002143023406181301,mule_laundering,1
812416640,71,7.758754461283815e-05,0.0002143023406181301,mule_laundering,1
801795C40,2,5.17250297418921e-05,7.672744514849779e-06,legit,1
801CAB360,2,5.17250297418921e-05,7.672744514849779e-06,legit,1
80623D240,2,7.758754461283815e-05,1.5345489029699558e-05,legit,1
806246EA0,2,5.17250297418921e-05,7.672744514849779e-06,legit,1
807D9DB50,2,5.17250297418921e-05,7.660609465321379e-06,mule_laundering,1
8081D5D00,2,7.758754461283815e-05,3.8363722574248894e-05,mule_laundering,1
808FD5990,2,7.758754461283815e-05,1.5345489029699558e-05,mule_laundering,1
80D0257F0,2,7.758754461283815e-05,2.3018233544549336e-05,mule_laundering,1
80D293020,2,5.17250297418921e-05,7.672744514849779e-06,legit,1
800060E60,33,0.0002069001189675684,8.573017103443349e-05,mule_laundering,1
8000FFBD0,104,0.0001034500594837842,0.00030045241641836685,mule_laundering,1
800124BD0,103,0.0001034500594837842,0.00015202398065496,mule_laundering,1
8001B4210,103,0.0001034500594837842,0.0001074184232078969,mule_laundering,1
8006822A0,198,7.758754461283815e-05,0.0,mule_laundering,0
8006823E0,198,0.0001034500594837842,0.0,mule_laundering,0
800AEBD70,28,0.0001034500594837842,3.8363722574248894e-05,mule_laundering,1
800932A10,199,5.17250297418921e-05,0.0,legit,0
801EE3CD0,199,0.0001551750892256763,0.0,mule_laundering,0
8069ACD00,28,5.17250297418921e-05,7.672744514849779e-06,legit,1
80819EB90,200,7.758754461283815e-05,6.89684900211216e-08,mule_laundering,0
80819EBE0,200,7.758754461283815e-05,3.44842450105608e-08,mule_laundering,0
81446A1B0,28,5.17250297418921e-05,7.672744514849779e-06,legit,1
80381EF60,50,0.0001034500594837842,2.3018233544549336e-05,mule_laundering,1
804050080,54,5.17250297418921e-05,4.603646708909867e-05,legit,1
80E93C8D0,54,7.758754461283815e-05,0.00021430234061813015,mule_laundering,1
80951DFD0,42,7.758754461283815e-05,2.3018233544549336e-05,mule_laundering,1
80A1D8010,12,0.0001034500594837842,4.603646708909867e-05,mule_laundering,1
80A845760,12,7.758754461283815e-05,2.3018233544549336e-05,mule_laundering,1
80AD54F00,12,5.17250297418921e-05,7.672744514849779e-06,legit,1
80E50AC50,52,0.0001034500594837842,2.3018233544549336e-05,legit,1
80E50A610,52,0.00012931257435473025,5.3717832665201086e-05,mule_laundering,1
80E50ACF0,52,5.17250297418921e-05,7.672744514849779e-06,legit,1
80FBFDAA0,201,5.17250297418921e-05,0.0,mule_laundering,0
80FBFE2F0,201,5.17250297418921e-05,0.0,mule_laundering,0
808338D40,202,0.00046552526767702887,0.0005660229871262806,mule_laundering,1
8095B6AF0,202,0.00012931257435473025,2.3018233544549336e-05,mule_laundering,1
80AEBECB0,202,0.00046552526767702887,0.00058136847615598,mule_laundering,1
803892E30,202,0.0001034500594837842,0.00043612224664856236,mule_laundering,1
806D47B10,202,0.0001034500594837842,0.0011335326283707942,mule_laundering,1
801396710,202,0.0001034500594837842,1.5345489029699558e-05,mule_laundering,1
80B9F0EE0,202,7.758754461283815e-05,0.00020664683822578555,mule_laundering,1
80ABDD6E0,202,7.758754461283815e-05,7.672744514849779e-06,mule_laundering,1
801DA8990,202,7.758754461283815e-05,7.672744514849779e-06,mule_laundering,1
806DA0590,202,0.0001034500594837842,5.165151480940955e-05,mule_laundering,1
80A32F2B0,202,0.0001034500594837842,1.5345489029699558e-05,mule_laundering,1
806694250,202,7.758754461283815e-05,7.672744514849779e-06,mule_laundering,1
81024EED0,202,7.758754461283815e-05,7.660609465321379e-06,mule_laundering,1
803CA44E0,202,7.758754461283815e-05,7.672744514849779e-06,mule_laundering,1
800AB4E80,202,0.0001034500594837842,1.5345489029699558e-05,mule_laundering,1
80EF96640,202,7.758754461283815e-05,7.672744514849779e-06,mule_laundering,1
804162D10,202,7.758754461283815e-05,7.672744514849779e-06,mule_laundering,1
80CB4E960,202,7.758754461283815e-05,7.672744514849779e-06,mule_laundering,1
814711861,75,7.758754461283815e-05,2.0704349906273996e-07,mule_laundering,1
8000EEE80,104,0.0001551750892256763,0.002524291055011827,mule_laundering,1
802EAF7D0,193,0.00012931257435473025,0.0007234672958889904,mule_laundering,1
8015DADA0,19,0.00012931257435473025,0.00043915316546895507,mule_laundering,1
80574A780,19,5.17250297418921e-05,7.660609465321379e-06,legit,1
806FDA690,2,7.758754461283815e-05,1.5345489029699558e-05,mule_laundering,1
807219A20,2,5.17250297418921e-05,7.672744514849779e-06,legit,1
80B9BA4B0,2,7.758754461283815e-05,2.3018233544549336e-05,legit,1
80D125D70,2,0.0001034500594837842,2.3018233544549336e-05,mule_laundering,1
80DBCA150,2,7.758754461283815e-05,1.5345489029699558e-05,legit,1
80ACD8330,203,7.758754461283815e-05,0.0,mule_laundering,0
812D2C640,203,7.758754461283815e-05,0.0,legit,0
813F311B0,2,5.17250297418921e-05,7.672744514849779e-06,legit,1
802125640,93,0.0001034500594837842,2.241475925686452e-07,mule_laundering,1
800BFED10,93,0.0001034500594837842,1.465580412948834e-07,mule_laundering,1
80150CB00,93,0.0001034500594837842,1.2069485753696282e-07,mule_laundering,1
801309540,93,0.0001034500594837842,1.465580412948834e-07,mule_laundering,1
800463160,93,0.00012931257435473025,2.5863183757920603e-07,mule_laundering,1
8009FD760,93,7.758754461283815e-05,3.2760032760032763e-07,mule_laundering,1
8003A56A0,93,0.0001034500594837842,6.552006552006553e-07,mule_laundering,1
800776AF0,93,0.0001034500594837842,1.0603905340747447e-06,mule_laundering,1
8018245C0,93,0.0001034500594837842,7.069270227164964e-07,mule_laundering,1
800A092D0,28,5.17250297418921e-05,7.672744514849779e-06,legit,1
800D75DA0,28,7.758754461283815e-05,3.0690978059399115e-05,mule_laundering,1
8001027C0,0,7.758754461283815e-05,3.0690978059399115e-05,mule_laundering,1
800246FC0,0,0.00012931257435473025,0.00020601149022201655,mule_laundering,1
800137450,0,7.758754461283815e-05,1.5345489029699558e-05,mule_laundering,1
800117590,0,0.0001551750892256763,3.899890461412262e-05,mule_laundering,1
800A180A0,0,5.17250297418921e-05,7.672744514849779e-06,mule_laundering,1
8001D7610,0,0.0001034500594837842,4.276339907918855e-05,mule_laundering,1
803358660,28,5.17250297418921e-05,7.672744514849779e-06,mule_laundering,1
8067982B0,28,7.758754461283815e-05,1.5345489029699558e-05,mule_laundering,1
80F279610,204,5.17250297418921e-05,0.0,legit,0
80F266EE0,204,5.17250297418921e-05,0.0,legit,0
812F3E350,205,5.17250297418921e-05,0.0,mule_laundering,0
812F3ED70,205,5.17250297418921e-05,0.0,mule_laundering,0
803AEEB30,54,7.758754461283815e-05,0.00021430234061813015,mule_laundering,1
805DAB3C0,7,7.758754461283815e-05,0.0004250642488587154,mule_laundering,1
80621F6E0,60,5.17250297418921e-05,7.672744514849779e-06,mule_laundering,1
806F5CF70,60,5.17250297418921e-05,7.672744514849779e-06,mule_laundering,1
80876D2D0,61,5.17250297418921e-05,0.00020664683822578558,mule_laundering,1
809179610,42,5.17250297418921e-05,7.672744514849779e-06,mule_laundering,1
809D090F0,42,7.758754461283815e-05,3.8363722574248894e-05,legit,1
80C929AA0,36,5.17250297418921e-05,7.672744514849779e-06,legit,1
80DAFF780,206,5.17250297418921e-05,0.0,mule_laundering,0
80DAFF7D0,206,5.17250297418921e-05,0.0,mule_laundering,0
80E7E59C0,99,5.17250297418921e-05,7.672744514849779e-06,legit,1
80FCFACD0,99,5.17250297418921e-05,7.672744514849779e-06,legit,1
813A831A1,75,5.17250297418921e-05,1.2069485753696282e-07,legit,1
813A83061,75,0.0001034500594837842,4.827794301478513e-07,legit,1
8146222E1,75,7.758754461283815e-05,3.620845726108884e-07,mule_laundering,1
8001C5A50,37,0.00018103760409662236,0.00040268842065508987,mule_laundering,1
8006E4A40,1,0.0001034500594837842,0.000267856373119531,mule_laundering,1
8008DD4A0,2,5.17250297418921e-05,7.672744514849779e-06,mule_laundering,1
800A28DE0,2,5.17250297418921e-05,7.672744514849779e-06,mule_laundering,1
801437980,2,5.17250297418921e-05,0.00020664683822578563,legit,1
803217370,2,5.17250297418921e-05,7.672744514849779e-06,mule_laundering,1
803AC08F0,2,7.758754461283815e-05,1.5345489029699558e-05,mule_laundering,1
803E47E50,92,0.0001034500594837842,0.0003862367630788682,mule_laundering,1
8022CFEB0,60,0.00012931257435473025,0.0004590306249332186,mule_laundering,1
8022CFF00,60,7.758754461283815e-05,0.0006609114803876825,mule_laundering,1
8072CA810,2,5.17250297418921e-05,7.672744514849779e-06,legit,1
80BB9E670,40,7.758754461283815e-05,0.00027664913177378553,mule_laundering,1
80BDDEE60,2,7.758754461283815e-05,2.3018233544549336e-05,mule_laundering,1
80C7F9990,2,7.758754461283815e-05,1.5345489029699558e-05,mule_laundering,1
80D0C52B0,207,0.00012931257435473025,0.0,mule_laundering,0
80D0C53F0,207,5.17250297418921e-05,0.0,mule_laundering,0
80E3C0300,2,0.0001034500594837842,4.603646708909867e-05,mule_laundering,1
80E4A8A30,2,7.758754461283815e-05,1.5345489029699558e-05,legit,1
80F2BDA90,2,5.17250297418921e-05,7.672744514849779e-06,mule_laundering,1
8116BBD10,2,5.17250297418921e-05,7.672744514849779e-06,legit,1
811A06780,208,7.758754461283815e-05,0.0,mule_laundering,0
811A06AA0,208,5.17250297418921e-05,0.0,mule_laundering,0
808792440,209,5.17250297418921e-05,0.0,legit,0
813EF2B00,209,5.17250297418921e-05,0.0,legit,0
8009E34E0,28,7.758754461283815e-05,0.00023115624942433128,mule_laundering,1
8021353D0,28,5.17250297418921e-05,7.672744514849779e-06,mule_laundering,1
80266F880,28,7.758754461283815e-05,2.3018233544549336e-05,mule_laundering,1
8033FEFC0,28,5.17250297418921e-05,7.672744514849779e-06,mule_laundering,1
802ECA4F0,28,5.17250297418921e-05,7.672744514849779e-06,legit,1
80AAEA800,28,7.758754461283815e-05,1.5345489029699558e-05,legit,1
80BAEADA0,28,7.758754461283815e-05,1.5345489029699558e-05,mule_laundering,1
810633B70,28,0.0001034500594837842,2.3018233544549336e-05,legit,1
8126D6190,28,0.0001034500594837842,2.2981828395964136e-05,mule_laundering,1
8134E1C20,28,7.758754461283815e-05,1.5345489029699558e-05,legit,1
814413B10,28,7.758754461283815e-05,1.5345489029699558e-05,legit,1
80F5EC2D0,210,7.758754461283815e-05,0.0,mule_laundering,0
80F5EC4B0,210,5.17250297418921e-05,0.0,mule_laundering,0
805874660,42,7.758754461283815e-05,0.00013120242220616656,mule_laundering,1
8071508C0,60,0.0001034500594837842,2.3018233544549336e-05,legit,1
8073B64D0,60,5.17250297418921e-05,7.660609465321379e-06,legit,1
808102200,61,5.17250297418921e-05,7.672744514849779e-06,mule_laundering,1
808BFC430,61,5.17250297418921e-05,7.672744514849779e-06,legit,1
809313DD0,42,7.758754461283815e-05,2.3018233544549336e-05,mule_laundering,1
8098A91A0,42,7.758754461283815e-05,0.0007486912022901418,mule_laundering,1
80A2DBC10,12,5.17250297418921e-05,7.672744514849779e-06,legit,1
80C5D9130,61,7.758754461283815e-05,1.5345489029699558e-05,legit,1
80CD76230,61,7.758754461283815e-05,3.0690978059399115e-05,mule_laundering,1
80F1E5DD0,99,0.0001034500594837842,2.3018233544549336e-05,mule_laundering,1
8078FF6E0,70,5.17250297418921e-05,7.672744514849779e-06,legit,1
810D72720,211,5.17250297418921e-05,0.0,mule_laundering,0
810D729E0,211,7.758754461283815e-05,0.0,mule_laundering,0
81185CF50,70,5.17250297418921e-05,7.660609465321379e-06,legit,1
812A09CF0,212,5.17250297418921e-05,0.0,mule_laundering,0
812A09D40,212,5.17250297418921e-05,0.0,mule_laundering,0
811DC01A0,71,0.00012931257435473025,0.00023726884779516359,mule_laundering,1
813412D60,71,5.17250297418921e-05,7.672744514849779e-06,legit,1
80014F7B0,33,0.00012931257435473025,0.00014937125546029273,mule_laundering,1
8009AA0A0,2,0.0001551750892256763,0.00025257985257985265,mule_laundering,1
8009A9760,2,7.758754461283815e-05,1.5345489029699558e-05,mule_laundering,1
80108E830,31,7.758754461283815e-05,0.0001122587333113649,mule_laundering,1
8012525C0,3,7.758754461283815e-05,8.27334511545038e-06,mule_laundering,1
80312ACC0,2,0.0001034500594837842,2.3018233544549336e-05,legit,1
800A93050,213,5.17250297418921e-05,0.0,legit,0
806B93860,213,7.758754461283815e-05,0.0,legit,0
80C7C6FA0,2,7.758754461283815e-05,2.3018233544549336e-05,mule_laundering,1
80CEAAA80,2,5.17250297418921e-05,7.672744514849779e-06,legit,1
80D2ACC90,2,7.758754461283815e-05,0.00021430234061813015,mule_laundering,1
80E35ECE0,2,5.17250297418921e-05,7.672744514849779e-06,legit,1
80376AD20,214,5.17250297418921e-05,1.72421225052804e-08,legit,0
80E6B61D0,214,0.0001034500594837842,1.034527350316824e-07,mule_laundering,0
8100C03D0,2,5.17250297418921e-05,7.672744514849779e-06,legit,1
8101EB710,2,7.758754461283815e-05,1.5345489029699558e-05,legit,1
810400680,2,5.17250297418921e-05,7.660609465321379e-06,legit,1
811FBC760,2,5.17250297418921e-05,7.672744514849779e-06,mule_laundering,1
81331DFE0,2,5.17250297418921e-05,7.672744514849779e-06,mule_laundering,1
814009C90,215,7.758754461283815e-05,0.0,mule_laundering,0
81400AC00,215,7.758754461283815e-05,0.0,mule_laundering,0
814009CE0,215,7.758754461283815e-05,0.0,mule_laundering,0
8145B9BD0,2,5.17250297418921e-05,7.672744514849779e-06,legit,1
814620720,2,7.758754461283815e-05,1.5345489029699558e-05,legit,1
80022EEB0,104,0.0001034500594837842,0.0001840165247628758,mule_laundering,1
80029BCF0,104,0.0001034500594837842,0.00013703252755171,mule_laundering,1
801B2FBA0,28,5.17250297418921e-05,0.00020664683822578544,legit,1
801CA6730,28,7.758754461283815e-05,3.0690978059399115e-05,legit,1
801EEA820,28,5.17250297418921e-05,7.672744514849779e-06,legit,1
802949330,216,5.17250297418921e-05,0.0,mule_laundering,1
8028C0B00,216,0.0001034500594837842,0.0,mule_laundering,1
803B9D2A0,12,7.758754461283815e-05,0.00010355978677759792,mule_laundering,1
804ED53A0,217,7.758754461283815e-05,0.0,mule_laundering,0
804ED58D0,217,5.17250297418921e-05,0.0,legit,0
80021B2C0,31,7.758754461283815e-05,3.537821052429627e-05,mule_laundering,1
808E88790,31,7.758754461283815e-05,3.779555609953658e-05,mule_laundering,1
80AC0B060,218,0.0001034500594837842,0.0,mule_laundering,0
80AC0B2E0,218,5.17250297418921e-05,0.0,mule_laundering,0
80B844B30,28,5.17250297418921e-05,7.672744514849779e-06,legit,1
80BA8AD00,219,7.758754461283815e-05,0.00042053536790378885,mule_laundering,1
80DE7A190,28,7.758754461283815e-05,1.5345489029699558e-05,legit,1
80EF73430,50,7.758754461283815e-05,1.5345489029699558e-05,mule_laundering,1
80EFDDBB0,220,7.758754461283815e-05,0.0006955127376180008,mule_laundering,1
8041258B0,54,5.17250297418921e-05,7.672744514849779e-06,legit,1
806471170,176,7.758754461283815e-05,0.001074319838812893,mule_laundering,1
808724500,61,7.758754461283815e-05,1.5345489029699558e-05,mule_laundering,1
80AAA9F10,61,7.758754461283815e-05,1.5345489029699558e-05,legit,1
809CE7680,42,5.17250297418921e-05,7.672744514849779e-06,mule_laundering,1
80AA72E10,221,5.17250297418921e-05,1.2069485753696282e-07,mule_laundering,1
80AA72BA0,221,0.0001034500594837842,1.034527350316824e-07,mule_laundering,1
810207C50,70,7.758754461283815e-05,1.5345489029699558e-05,legit,1
811816590,70,7.758754461283815e-05,1.5345489029699558e-05,legit,1
8123E0720,71,7.758754461283815e-05,2.3018233544549336e-05,mule_laundering,1
81279F7A0,71,5.17250297418921e-05,7.672744514849779e-06,legit,1
812D0A940,71,7.758754461283815e-05,7.660609465321379e-06,mule_laundering,1
8031FC940,28,7.758754461283815e-05,1.5345489029699558e-05,mule_laundering,1
8015C6BB0,28,0.0001034500594837842,3.8363722574248894e-05,mule_laundering,1
802FFC060,222,7.758754461283815e-05,0.0,mule_laundering,1
802AD27C0,222,0.00012931257435473025,0.0,mule_laundering,1
8024DBCA0,83,0.0001034500594837842,2.069054700633648e-07,mule_laundering,1
807E3D970,83,0.00012931257435473025,2.758739600844864e-07,mule_laundering,1
800C15270,223,5.17250297418921e-05,0.0,mule_laundering,0
8094155B0,223,5.17250297418921e-05,0.0,mule_laundering,0
80C627820,224,5.17250297418921e-05,0.0,mule_laundering,0
8066D12D0,224,5.17250297418921e-05,0.0,mule_laundering,0
801804D80,225,5.17250297418921e-05,0.0,mule_laundering,0
80B81C1B0,225,5.17250297418921e-05,0.0,mule_laundering,0
8094AA6D0,31,5.17250297418921e-05,7.672744514849779e-06,mule_laundering,1
80DFD0950,226,7.758754461283815e-05,0.0,mule_laundering,0
808A026E0,226,7.758754461283815e-05,0.0,mule_laundering,0
80AE3D7E0,227,5.17250297418921e-05,3.44842450105608e-08,mule_laundering,0
802FACFC0,227,5.17250297418921e-05,1.72421225052804e-08,mule_laundering,0
804DBD7D0,228,5.17250297418921e-05,0.0,mule_laundering,0
805868B60,228,5.17250297418921e-05,0.0,mule_laundering,0
80421CC70,28,5.17250297418921e-05,7.672744514849779e-06,mule_laundering,1
813CC3021,75,5.17250297418921e-05,1.2069485753696282e-07,mule_laundering,1
813CC84B1,229,5.17250297418921e-05,0.0,mule_laundering,0
813CC8051,229,7.758754461283815e-05,0.0,mule_laundering,0
800CEA850,2,0.0001034500594837842,2.3018233544549336e-05,mule_laundering,1
801779BC0,230,5.17250297418921e-05,0.0,legit,0
801778FE0,230,5.17250297418921e-05,0.0,legit,0
8028F8BE0,2,5.17250297418921e-05,0.00020664683822578563,mule_laundering,1
805A6C100,2,5.17250297418921e-05,7.672744514849779e-06,mule_laundering,1
80724FA90,2,5.17250297418921e-05,7.672744514849779e-06,mule_laundering,1
80971F450,2,7.758754461283815e-05,1.5345489029699558e-05,legit,1
80A15C870,2,0.0001034500594837842,2.3018233544549336e-05,legit,1
80A755EC0,2,7.758754461283815e-05,2.3018233544549336e-05,mule_laundering,1
80BCF7E40,2,7.758754461283815e-05,2.3018233544549336e-05,mule_laundering,1
80228C6F0,2,5.17250297418921e-05,7.672744514849779e-06,mule_laundering,1
80E582330,2,7.758754461283815e-05,1.5345489029699558e-05,legit,1
80053C0B0,193,0.0001034500594837842,3.0690978059399115e-05,mule_laundering,1
813AE79E0,193,5.17250297418921e-05,7.672744514849779e-06,legit,1
81425F530,2,5.17250297418921e-05,7.672744514849779e-06,mule_laundering,1
801018DA0,33,7.758754461283815e-05,1.4568535425609387e-05,mule_laundering,1
8028C3340,28,7.758754461283815e-05,1.5345489029699558e-05,legit,1
80294C950,28,0.0001034500594837842,2.3018233544549336e-05,legit,1
80357EC10,109,0.00012931257435473025,0.0,mule_laundering,1
80DEB03B0,28,5.17250297418921e-05,7.672744514849779e-06,legit,1
80EE57B00,28,5.17250297418921e-05,7.672744514849779e-06,legit,1
811ABD000,28,7.758754461283815e-05,3.0690978059399115e-05,mule_laundering,1
814422CF0,50,5.17250297418921e-05,7.672744514849779e-06,mule_laundering,1
803FA2490,54,5.17250297418921e-05,7.672744514849779e-06,mule_laundering,1
806B445D0,60,0.0001034500594837842,6.138195611879823e-05,mule_laundering,1
807412AD0,60,7.758754461283815e-05,1.5345489029699558e-05,mule_laundering,1
808355D30,61,7.758754461283815e-05,3.0690978059399115e-05,legit,1
80B20B740,61,5.17250297418921e-05,7.672744514849779e-06,legit,1
8090EE1D0,231,7.758754461283815e-05,0.0,mule_laundering,0
8090EF0B0,231,5.17250297418921e-05,0.0,mule_laundering,0
80C046B80,36,0.00012931257435473025,4.603646708909867e-05,mule_laundering,1
81485A410,36,0.0001034500594837842,2.3018233544549336e-05,legit,1
80CEEC460,232,0.0001034500594837842,0.0,mule_laundering,1
80CEE9820,232,7.758754461283815e-05,0.0,mule_laundering,1
80CEE98C0,232,0.0001034500594837842,0.0,mule_laundering,1
80FC9A300,99,7.758754461283815e-05,1.5345489029699558e-05,legit,1
810AB4010,233,5.17250297418921e-05,0.0,legit,0
811208580,233,0.0001034500594837842,0.0,legit,0
8095AF170,31,0.00038793772306419075,0.0002838915470494418,mule_laundering,1
802783AA0,31,5.17250297418921e-05,7.672744514849779e-06,mule_laundering,1
804ED8800,31,5.17250297418921e-05,7.672744514849779e-06,mule_laundering,1
80EB89D80,31,5.17250297418921e-05,7.672744514849779e-06,mule_laundering,1
800E9BC40,31,5.17250297418921e-05,7.672744514849779e-06,mule_laundering,1
804902340,31,5.17250297418921e-05,7.672744514849779e-06,mule_laundering,1
801D989A0,31,5.17250297418921e-05,7.672744514849779e-06,mule_laundering,1
80AA3F780,31,7.758754461283815e-05,1.5345489029699558e-05,mule_laundering,1
80F2FC160,31,0.0001034500594837842,2.3018233544549336e-05,mule_laundering,1
80FCC36A0,31,0.0001034500594837842,2.3018233544549336e-05,mule_laundering,1
801DF7660,31,7.758754461283815e-05,1.5345489029699558e-05,mule_laundering,1
80623F410,31,7.758754461283815e-05,3.8363722574248894e-05,mule_laundering,1
80017C540,31,0.0001034500594837842,0.00033880252899391657,mule_laundering,1
80FD3CE00,31,7.758754461283815e-05,1.5345489029699558e-05,mule_laundering,1
814004211,75,5.17250297418921e-05,1.2069485753696282e-07,mule_laundering,1
8141391B1,75,5.17250297418921e-05,1.2069485753696282e-07,legit,1
8003A4750,37,7.758754461283815e-05,0.0003414444015163337,mule_laundering,1
80044E450,31,0.0001034500594837842,2.2828570196991252e-05,mule_laundering,1
800D0F970,144,0.0001034500594837842,1.5345489029699558e-05,mule_laundering,1
80125D6D0,2,0.00012931257435473025,5.370921160394845e-05,mule_laundering,1
804EE2580,41,5.17250297418921e-05,7.672744514849779e-06,mule_laundering,1
804EE25D0,41,0.0001034500594837842,3.6915395479988786e-05,mule_laundering,1
806038E90,234,0.0001034500594837842,0.0,mule_laundering,0
806039280,234,5.17250297418921e-05,0.0,mule_laundering,0
808B1C350,1,0.0006465628717736513,0.007049715484804112,mule_laundering,1
809F49D20,1,0.0001034500594837842,0.00021430234061813004,mule_laundering,1
80A633EB0,118,0.0001034500594837842,0.00030240935214177436,mule_laundering,1
80BEC43B0,2,7.758754461283815e-05,1.5345489029699558e-05,mule_laundering,1
80BFDA960,2,5.17250297418921e-05,7.672744514849779e-06,legit,1
80EC30550,2,5.17250297418921e-05,7.672744514849779e-06,mule_laundering,1
810B20FC0,2,0.0001034500594837842,2.3018233544549336e-05,mule_laundering,1
8015DEDF0,2,7.758754461283815e-05,0.00022957886115780856,mule_laundering,1
8001D71F0,28,0.0001034500594837842,4.603646708909867e-05,mule_laundering,1
800E47B20,28,0.0001034500594837842,2.3018233544549336e-05,mule_laundering,1
800E58E80,28,5.17250297418921e-05,7.672744514849779e-06,mule_laundering,1
8015936C0,235,0.0001034500594837842,0.0,mule_laundering,1
801592AD0,235,7.758754461283815e-05,0.0,legit,1
807F309C0,28,7.758754461283815e-05,1.5345489029699558e-05,legit,1
80BB794A0,28,7.758754461283815e-05,1.5345489029699558e-05,legit,1
80BFB8900,28,7.758754461283815e-05,0.00022957886115780837,mule_laundering,1
80C37F640,236,7.758754461283815e-05,0.0,mule_laundering,0
80C37F690,236,7.758754461283815e-05,0.0,mule_laundering,0
80D46FB30,28,7.758754461283815e-05,2.3018233544549336e-05,mule_laundering,1
803E8C610,144,0.0001034500594837842,2.1493290966975183e-05,legit,1
80D6271B0,144,7.758754461283815e-05,1.628087417561102e-05,mule_laundering,1
80EDD3E90,28,5.17250297418921e-05,0.00020664683822578544,legit,1
80AE37980,237,0.0001551750892256763,1.8966334755808442e-07,mule_laundering,1
8132C0720,237,0.0001034500594837842,5.17263675158412e-08,legit,1
8134E8B60,238,5.17250297418921e-05,0.0,mule_laundering,0
8134EAB60,238,7.758754461283815e-05,0.0,mule_laundering,0
8039A7AD0,50,0.00012931257435473025,0.00028311565153670416,mule_laundering,1
806A2ADF0,50,7.758754461283815e-05,1.5321218930642757e-05,legit,1
804177C70,54,5.17250297418921e-05,7.672744514849779e-06,legit,1
8056546F0,3,7.758754461283815e-05,1.5345489029699558e-05,legit,1
80628DED0,60,0.0001551750892256763,0.001413517604779248,mule_laundering,1
806ABE0A0,60,0.00012931257435473025,0.0014052314101772637,mule_laundering,1
8089E4030,61,5.17250297418921e-05,7.672744514849779e-06,legit,1
80E85B510,11,7.758754461283815e-05,0.0002312854401762942,mule_laundering,1
80A87DBC0,12,0.0001034500594837842,3.0690978059399115e-05,mule_laundering,1
80A847310,12,0.00012931257435473025,0.00041428662436209125,mule_laundering,1
80AFF0AA0,12,7.758754461283815e-05,1.5345489029699558e-05,legit,1
80CB3E7D0,36,7.758754461283815e-05,1.5345489029699558e-05,legit,1
80C668E50,36,7.758754461283815e-05,2.3018233544549336e-05,legit,1
80CB9D430,36,5.17250297418921e-05,7.672744514849779e-06,legit,1
80EEE7830,99,7.758754461283815e-05,0.0002143023406181301,mule_laundering,1
80F4A1E60,99,7.758754461283815e-05,1.5345489029699558e-05,legit,1
80F69DD60,99,5.17250297418921e-05,7.672744514849779e-06,legit,1
80FB5A610,99,5.17250297418921e-05,7.672744514849779e-06,legit,1
80FF724A0,70,7.758754461283815e-05,3.8363722574248894e-05,mule_laundering,1
811BCD660,239,7.758754461283815e-05,0.0,mule_laundering,0
811BCDC50,239,5.17250297418921e-05,0.0,mule_laundering,0
811E4EC90,71,0.0001034500594837842,3.0690978059399115e-05,mule_laundering,1
81239D9C0,71,5.17250297418921e-05,7.672744514849779e-06,legit,1
80011AE70,31,7.758754461283815e-05,0.000137146390769261,mule_laundering,1
800750120,7,0.0001551750892256763,0.00233937556285619,mule_laundering,1
800E73F90,2,0.0001034500594837842,2.3018233544549336e-05,mule_laundering,1
803E45380,2,5.17250297418921e-05,7.672744514849779e-06,legit,1
8070B76F0,191,7.758754461283815e-05,0.00022257104678157316,legit,1
807B251D0,240,7.758754461283815e-05,0.0,mule_laundering,0
807B25220,240,5.17250297418921e-05,0.0,mule_laundering,0
80B902730,2,5.17250297418921e-05,7.672744514849779e-06,mule_laundering,1
80125E1F0,241,7.758754461283815e-05,0.0,legit,0
80C0D8680,241,5.17250297418921e-05,0.0,legit,0
80C798460,2,5.17250297418921e-05,7.672744514849779e-06,mule_laundering,1
810585E10,2,7.758754461283815e-05,1.5345489029699558e-05,mule_laundering,1
810B24C80,2,7.758754461283815e-05,3.0690978059399115e-05,mule_laundering,1
8135D6D90,2,5.17250297418921e-05,7.672744514849779e-06,mule_laundering,1
80012D760,103,7.758754461283815e-05,1.4413723983101994e-05,mule_laundering,1
8008AF700,28,0.00012931257435473025,0.0002602353549721969,mule_laundering,1
802620FE0,28,7.758754461283815e-05,1.5345489029699558e-05,mule_laundering,1
8020442F0,28,0.00012931257435473025,0.00020952978579212843,legit,1
80488EFC0,28,7.758754461283815e-05,1.5345489029699558e-05,legit,1
802097E60,4,7.758754461283815e-05,0.00025854056483243053,mule_laundering,1
8066051F0,4,0.0001034500594837842,0.0002617449656633736,mule_laundering,1
807B3A0D0,28,0.0001551750892256763,4.603646708909867e-05,account_takeover,1
80A8E1370,242,5.17250297418921e-05,0.0,legit,0
80A8E1B80,242,5.17250297418921e-05,0.0,legit,0
80807BAD0,28,0.0001034500594837842,3.0690978059399115e-05,mule_laundering,1
80B9CC820,28,7.758754461283815e-05,3.8363722574248894e-05,legit,1
802BB2970,243,5.17250297418921e-05,1.72421225052804e-08,legit,0
80C8B0920,243,5.17250297418921e-05,3.44842450105608e-08,legit,0
8115FB4F0,28,0.0001034500594837842,2.2981828395964136e-05,legit,1
812495AB0,28,7.758754461283815e-05,0.00021430234061812996,mule_laundering,1
814501F10,28,7.758754461283815e-05,2.3018233544549336e-05,mule_laundering,1
814502D90,28,5.17250297418921e-05,7.672744514849779e-06,mule_laundering,1
803C3F3C0,54,7.758754461283815e-05,1.5345489029699558e-05,legit,1
8086B2A90,61,7.758754461283815e-05,1.5345489029699558e-05,legit,1
809612FB0,42,5.17250297418921e-05,7.672744514849779e-06,mule_laundering,1
80A12B9C0,12,7.758754461283815e-05,3.5707066977811313e-05,mule_laundering,1
80AD88880,12,5.17250297418921e-05,7.672744514849779e-06,legit,1
80CBB59F0,36,5.17250297418921e-05,0.00020664683822578566,mule_laundering,1
80D6F1560,92,7.758754461283815e-05,1.5345489029699558e-05,mule_laundering,1
80EA93430,99,7.758754461283815e-05,1.5345489029699558e-05,legit,1
80FB0EB90,99,7.758754461283815e-05,1.5345489029699558e-05,mule_laundering,1
80FD297B0,70,5.17250297418921e-05,7.672744514849779e-06,mule_laundering,1
810EC0FB0,70,5.17250297418921e-05,7.672744514849779e-06,legit,1
811C293A0,71,7.758754461283815e-05,1.5345489029699558e-05,mule_laundering,1
80F443FD0,120,5.17250297418921e-05,3.44842450105608e-08,mule_laundering,1
807697CA0,120,0.0001034500594837842,1.379369800422432e-07,mule_laundering,1
8091D1780,244,5.17250297418921e-05,0.0,mule_laundering,0
80662F8F0,244,0.0001034500594837842,0.0,mule_laundering,0
803F405F0,245,7.758754461283815e-05,0.0,mule_laundering,0
801C3C0D0,245,7.758754461283815e-05,0.0,mule_laundering,0
80C5AEED0,246,5.17250297418921e-05,0.0,mule_laundering,0
80B3748B0,246,5.17250297418921e-05,0.0,mule_laundering,0
800181850,33,7.758754461283815e-05,3.0642437861285514e-05,mule_laundering,1
80A222330,33,7.758754461283815e-05,1.5345489029699558e-05,mule_laundering,1
80005BD00,247,0.0002069001189675684,0.00034436612991035914,mule_laundering,1
800D21FF0,144,7.758754461283815e-05,0.0002148368464157938,mule_laundering,1
800E25B20,144,0.0001551750892256763,0.00019949135738609423,mule_laundering,1
801008340,247,5.17250297418921e-05,7.672744514849779e-06,legit,1
801094270,247,7.758754461283815e-05,0.00022195784301047464,mule_laundering,1
801504B30,2,7.758754461283815e-05,3.0690978059399115e-05,legit,1
801773AE0,2,0.0001034500594837842,3.0690978059399115e-05,mule_laundering,1
802395810,2,0.0001034500594837842,3.8363722574248894e-05,mule_laundering,1
803487BD0,2,5.17250297418921e-05,7.672744514849779e-06,legit,1
8055CAB00,2,0.0001034500594837842,2.3018233544549336e-05,mule_laundering,1
8065BF270,2,5.17250297418921e-05,7.672744514849779e-06,legit,1
807F20BD0,2,7.758754461283815e-05,1.5345489029699558e-05,legit,1
808A97F90,2,7.758754461283815e-05,1.5345489029699558e-05,legit,1
80E158220,2,7.758754461283815e-05,1.5321218930642757e-05,mule_laundering,1
80E9D3B30,2,5.17250297418921e-05,7.660609465321379e-06,legit,1
80FB8A6A0,248,0.0001034500594837842,0.0005962325962325963,mule_laundering,1
808ED6780,41,0.0001034500594837842,0.00021502650976335192,mule_laundering,1
810183CE0,41,0.0001034500594837842,9.129703866545972e-06,mule_laundering,1
8145D4C50,2,7.758754461283815e-05,1.5345489029699558e-05,mule_laundering,1
8009C88F0,28,5.17250297418921e-05,7.672744514849779e-06,mule_laundering,1
800CA7600,28,0.0001034500594837842,0.00021430234061812996,mule_laundering,1
801EF0FC0,28,5.17250297418921e-05,7.672744514849779e-06,legit,1
8031C17D0,28,0.00012931257435473025,6.138195611879823e-05,mule_laundering,1
80BB6BEC0,28,5.17250297418921e-05,7.672744514849779e-06,mule_laundering,1
810B69B90,28,0.0001034500594837842,3.8363722574248894e-05,mule_laundering,1
80789F9B0,249,0.0001034500594837842,0.0,legit,0
807AAA1B0,249,7.758754461283815e-05,0.0,mule_laundering,0
807E3A570,50,5.17250297418921e-05,7.672744514849779e-06,legit,1
804D9FA50,58,7.758754461283815e-05,2.1093956022185695e-05,mule_laundering,1
80541A900,3,7.758754461283815e-05,0.0002143023406181301,mule_laundering,1
800091EE0,61,7.758754461283815e-05,3.8363722574248894e-05,mule_laundering,1
8087CD7D0,61,0.0001034500594837842,3.8363722574248894e-05,legit,1
80AF544C0,12,0.0001034500594837842,2.3018233544549336e-05,legit,1
80CD5BC70,36,5.17250297418921e-05,0.00020664683822578566,legit,1
80D74FDE0,250,5.17250297418921e-05,0.0,legit,0
80D852750,250,5.17250297418921e-05,0.0,legit,0
80F316AD0,99,5.17250297418921e-05,7.672744514849779e-06,legit,1
80F441E70,99,5.17250297418921e-05,7.672744514849779e-06,legit,1
81017DE20,70,5.17250297418921e-05,7.672744514849779e-06,mule_laundering,1
80CAE3930,189,0.0001034500594837842,2.3018233544549336e-05,mule_laundering,1
808E44B10,189,0.0007241504163864894,0.0014851513226956155,mule_laundering,1
80CA21140,189,5.17250297418921e-05,7.672744514849779e-06,mule_laundering,1
808099880,189,7.758754461283815e-05,1.5345489029699558e-05,mule_laundering,1
80D8F53F0,189,0.0001034500594837842,2.183484198188364e-05,mule_laundering,1
808098770,189,5.17250297418921e-05,7.672744514849779e-06,mule_laundering,1
801798880,189,7.758754461283815e-05,3.0690978059399115e-05,mule_laundering,1
8017F7FF0,189,0.0001034500594837842,2.3018233544549336e-05,mule_laundering,1
8078D10C0,189,7.758754461283815e-05,0.00047405380656434986,mule_laundering,1
8044CB690,189,7.758754461283815e-05,1.5345489029699558e-05,mule_laundering,1
804A5FE50,189,7.758754461283815e-05,0.000244855381697487,mule_laundering,1
801F788B0,189,5.17250297418921e-05,7.672744514849779e-06,mule_laundering,1
807A05580,189,7.758754461283815e-05,1.5345489029699558e-05,mule_laundering,1
80EADAC60,189,0.0001034500594837842,5.370921160394845e-05,mule_laundering,1
811097150,189,7.758754461283815e-05,1.5345489029699558e-05,mule_laundering,1
80C2A6210,189,5.17250297418921e-05,7.672744514849779e-06,mule_laundering,1
80A2728D0,189,5.17250297418921e-05,7.672744514849779e-06,mule_laundering,1
8063E7160,189,7.758754461283815e-05,1.5321218930642757e-05,mule_laundering,1
809478870,189,0.00012931257435473025,5.370921160394845e-05,mule_laundering,1
80B115F60,189,7.758754461283815e-05,1.5345489029699558e-05,mule_laundering,1
8089A5CB0,189,7.758754461283815e-05,1.5345489029699558e-05,mule_laundering,1
8026A8370,189,5.17250297418921e-05,7.672744514849779e-06,mule_laundering,1
80BA57230,189,5.17250297418921e-05,7.672744514849779e-06,mule_laundering,1
813415910,71,7.758754461283815e-05,1.5345489029699558e-05,legit,1
814053281,75,5.17250297418921e-05,1.0352174953136998e-07,legit,1
8148B1DE1,75,5.17250297418921e-05,1.2069485753696282e-07,legit,1
8003E2010,40,0.0001551750892256763,5.9968825896803745e-05,mule_laundering,1
800C9D690,130,0.00012931257435473025,3.0501314711841028e-05,legit,1
80208F660,130,7.758754461283815e-05,7.77619724988146e-06,mule_laundering,1
802AB4F60,2,5.17250297418921e-05,7.672744514849779e-06,legit,1
8030E62D0,2,5.17250297418921e-05,7.660609465321379e-06,legit,1
805447960,2,5.17250297418921e-05,7.672744514849779e-06,mule_laundering,1
8059F5E80,2,5.17250297418921e-05,7.672744514849779e-06,legit,1
808FC1560,251,0.0001034500594837842,0.0004052760894866158,mule_laundering,1
809E18930,104,7.758754461283815e-05,2.3018233544549336e-05,mule_laundering,1
809E191B0,104,5.17250297418921e-05,7.672744514849779e-06,mule_laundering,1
809F14180,2,5.17250297418921e-05,7.672744514849779e-06,mule_laundering,1
80C1092F0,2,0.0001034500594837842,2.3018233544549336e-05,legit,1
80D1E0A80,2,5.17250297418921e-05,7.672744514849779e-06,legit,1
80E05DDF0,2,5.17250297418921e-05,7.672744514849779e-06,mule_laundering,1
8111290F0,2,7.758754461283815e-05,1.5345489029699558e-05,mule_laundering,1
81336FCC0,2,7.758754461283815e-05,1.5345489029699558e-05,mule_laundering,1
8001D5B50,104,0.00038793772306419075,0.0013125065643735346,mule_laundering,1
800122600,31,0.00018103760409662236,0.0008750670381887357,mule_laundering,1
8002DBAE0,31,0.0001034500594837842,0.0003899995689469374,mule_laundering,1
801673D30,28,7.758754461283815e-05,1.5345489029699558e-05,mule_laundering,1
808C1DDE0,28,7.758754461283815e-05,1.5345489029699558e-05,mule_laundering,1
80A0C8450,12,0.0001034500594837842,0.00010264359116033732,account_takeover,1
80B518560,28,5.17250297418921e-05,7.672744514849779e-06,mule_laundering,1
81096C2E0,28,5.17250297418921e-05,7.672744514849779e-06,mule_laundering,1
8110628B0,28,5.17250297418921e-05,7.672744514849779e-06,legit,1
81289D4E0,28,5.17250297418921e-05,7.672744514849779e-06,legit,1
809F58E70,50,7.758754461283815e-05,0.0002143023406181301,legit,1
8046D2E70,54,5.17250297418921e-05,7.672744514849779e-06,legit,1
804745FE0,54,5.17250297418921e-05,7.672744514849779e-06,legit,1
8050D1D60,3,0.0001034500594837842,2.2981828395964136e-05,legit,1
805345420,3,5.17250297418921e-05,7.672744514849779e-06,mule_laundering,1
805345920,3,7.758754461283815e-05,2.3018233544549336e-05,mule_laundering,1
805CF8EF0,3,5.17250297418921e-05,7.672744514849779e-06,legit,1
806545F80,60,7.758754461283815e-05,2.3018233544549336e-05,mule_laundering,1
807540A30,252,5.17250297418921e-05,0.0,mule_laundering,0
807540F90,252,7.758754461283815e-05,0.0,mule_laundering,0
808CC3750,61,5.17250297418921e-05,7.672744514849779e-06,legit,1
8097DADE0,42,5.17250297418921e-05,7.672744514849779e-06,mule_laundering,1
80A7EB460,12,7.758754461283815e-05,2.3018233544549336e-05,mule_laundering,1
80A953D80,12,5.17250297418921e-05,7.672744514849779e-06,mule_laundering,1
80B70CA10,36,5.17250297418921e-05,7.672744514849779e-06,mule_laundering,1
80D61AF60,92,7.758754461283815e-05,1.5345489029699558e-05,mule_laundering,1
80D6D4030,92,5.17250297418921e-05,7.672744514849779e-06,mule_laundering,1
80E57D3D0,99,7.758754461283815e-05,3.8363722574248894e-05,mule_laundering,1
80F849930,99,0.0001034500594837842,2.3018233544549336e-05,legit,1
80E4F9540,253,7.758754461283815e-05,0.0,legit,0
80F8E8F00,253,5.17250297418921e-05,0.0,legit,0
8117C9CF0,70,0.00012931257435473025,3.8363722574248894e-05,mule_laundering,1
8143F2991,75,7.758754461283815e-05,2.0704349906273996e-07,legit,1
801267440,2,5.17250297418921e-05,7.672744514849779e-06,mule_laundering,1
804191CF0,254,0.00012931257435473025,5.370921160394845e-05,legit,0
80426FC30,41,0.00012931257435473025,0.00014486442448164919,mule_laundering,1
804DB8AD0,2,5.17250297418921e-05,7.672744514849779e-06,legit,1
8060537E0,2,7.758754461283815e-05,6.138195611879823e-05,legit,1
806689160,19,7.758754461283815e-05,3.715997610734454e-05,mule_laundering,1
806D3B040,2,5.17250297418921e-05,7.672744514849779e-06,mule_laundering,1
80AB17260,255,0.00012931257435473025,0.0,legit,0
80AB17120,255,5.17250297418921e-05,0.0,legit,0
80971C460,2,5.17250297418921e-05,7.672744514849779e-06,legit,1
80C880450,2,5.17250297418921e-05,7.672744514849779e-06,legit,1
80D7F8DD0,2,5.17250297418921e-05,0.00020664683822578563,mule_laundering,1
8115451A0,2,7.758754461283815e-05,1.5345489029699558e-05,legit,1
81314ECF0,2,5.17250297418921e-05,7.672744514849779e-06,legit,1
8012353F0,28,5.17250297418921e-05,7.672744514849779e-06,legit,1
8026181D0,28,5.17250297418921e-05,7.672744514849779e-06,legit,1
8028974A0,28,5.17250297418921e-05,7.672744514849779e-06,legit,1
802955F60,28,7.758754461283815e-05,2.3018233544549336e-05,mule_laundering,1
80B881D20,28,5.17250297418921e-05,7.672744514849779e-06,legit,1
80D2537C0,33,7.758754461283815e-05,0.0003727108291963249,mule_laundering,1
810FE30E0,28,0.0001034500594837842,0.00025257985257985243,mule_laundering,1
813B52A50,28,7.758754461283815e-05,1.5345489029699558e-05,mule_laundering,1
80A205550,50,7.758754461283815e-05,0.00022194060088796933,mule_laundering,1
803B8ACD0,54,5.17250297418921e-05,0.00020664683822578563,mule_laundering,1
805771E00,256,5.17250297418921e-05,0.0,mule_laundering,0
805771EF0,256,5.17250297418921e-05,0.0,mule_laundering,0
805967D50,3,5.17250297418921e-05,7.672744514849779e-06,legit,1
806532180,60,5.17250297418921e-05,7.660609465321379e-06,legit,1
806EDE2E0,60,7.758754461283815e-05,1.5345489029699558e-05,legit,1
8076957E0,61,7.758754461283815e-05,1.5345489029699558e-05,mule_laundering,1
807F84FE0,61,7.758754461283815e-05,1.5345489029699558e-05,mule_laundering,1
807EE72F0,190,7.758754461283815e-05,0.0,mule_laundering,1
808406960,190,0.0001034500594837842,0.0,mule_laundering,1
80A10CBD0,257,0.0001034500594837842,0.0,mule_laundering,0
80A10D150,257,5.17250297418921e-05,0.0,mule_laundering,0
80B061620,12,0.0001034500594837842,0.00027353720855004867,mule_laundering,1
80D5F5C50,92,5.17250297418921e-05,7.660609465321379e-06,mule_laundering,1
8106AD340,70,5.17250297418921e-05,7.672744514849779e-06,legit,1
80FF97A50,258,5.17250297418921e-05,0.0,legit,0
8112A7070,258,5.17250297418921e-05,0.0,legit,0
811B9B110,71,0.00018103760409662236,1.5615474480870232e-05,mule_laundering,1
811B9B160,71,0.00018103760409662236,7.942729966020463e-06,mule_laundering,1
812005450,71,5.17250297418921e-05,7.672744514849779e-06,legit,1
800659240,259,7.758754461283815e-05,6.9054700633648e-05,mule_laundering,0
80089D190,260,5.17250297418921e-05,0.0,legit,0
800BBD220,260,7.758754461283815e-05,0.0,legit,0
801DD8640,2,5.17250297418921e-05,7.672744514849779e-06,mule_laundering,1
802503A30,2,5.17250297418921e-05,7.672744514849779e-06,legit,1
806D143C0,2,7.758754461283815e-05,1.5345489029699558e-05,legit,1
8091D9410,2,5.17250297418921e-05,7.672744514849779e-06,legit,1
809C486E0,2,5.17250297418921e-05,7.672744514849779e-06,mule_laundering,1
809F93CB0,2,7.758754461283815e-05,1.5345489029699558e-05,mule_laundering,1
80A3807D0,2,0.00012931257435473025,3.0690978059399115e-05,mule_laundering,1
80388CD20,7,7.758754461283815e-05,2.3018233544549336e-05,mule_laundering,1
80B7FD340,7,5.17250297418921e-05,7.672744514849779e-06,legit,1
80B8B18B0,78,7.758754461283815e-05,0.0002616963874661595,mule_laundering,1
80C208360,41,0.0001034500594837842,0.0004376128785219695,mule_laundering,1
80A0F2C60,261,7.758754461283815e-05,3.44842450105608e-08,legit,0
80D1F6C00,261,0.0001034500594837842,8.6210612526402e-08,legit,0
80EBCBA60,2,5.17250297418921e-05,7.672744514849779e-06,mule_laundering,1
81112BB40,2,5.17250297418921e-05,7.672744514849779e-06,mule_laundering,1
81147C450,2,7.758754461283815e-05,2.3018233544549336e-05,mule_laundering,1
8126FD8E0,2,5.17250297418921e-05,7.672744514849779e-06,legit,1
812CD37E0,2,7.758754461283815e-05,1.5345489029699558e-05,mule_laundering,1
80178FAA0,28,7.758754461283815e-05,0.00024492435018750794,mule_laundering,1
80029D5F0,103,0.0002069001189675684,0.0005705820365625805,mule_laundering,1
801FD9E70,103,7.758754461283815e-05,0.00042290317973237614,mule_laundering,1
8023B7850,262,7.758754461283815e-05,3.44842450105608e-08,legit,0
802A65540,262,7.758754461283815e-05,0.0,mule_laundering,0
802B00A50,28,0.00012931257435473025,2.3018233544549336e-05,mule_laundering,1
806B22C00,28,5.17250297418921e-05,7.672744514849779e-06,legit,1
80BF34020,54,7.758754461283815e-05,0.002976315540863181,mule_laundering,1
8002AE7E0,104,0.00012931257435473025,0.0005664995617627197,mule_laundering,1
80E427DE0,104,0.0001034500594837842,0.0005427647743437218,mule_laundering,1
80F0EA5F0,28,7.758754461283815e-05,1.5345489029699558e-05,mule_laundering,1
80BBE96A0,263,5.17250297418921e-05,0.0,legit,0
813259E20,263,5.17250297418921e-05,0.0,legit,0
813ED5D40,28,5.17250297418921e-05,7.672744514849779e-06,mule_laundering,1
802591FE0,193,7.758754461283815e-05,2.3018233544549336e-05,mule_laundering,1
8146F5D10,193,5.17250297418921e-05,7.672744514849779e-06,legit,1
8040E8500,54,5.17250297418921e-05,7.672744514849779e-06,mule_laundering,1
805CAD3F0,264,7.758754461283815e-05,3.44842450105608e-08,mule_laundering,0
805CAD530,264,0.0001034500594837842,8.6210612526402e-08,mule_laundering,0
8092A1BA0,265,5.17250297418921e-05,0.0,legit,0
80961D460,265,5.17250297418921e-05,0.0,legit,0
80A5DCAE0,266,7.758754461283815e-05,0.0002575496499419945,mule_laundering,1
80C602850,36,7.758754461283815e-05,0.00022195784301047466,mule_laundering,1
80C602990,36,5.17250297418921e-05,7.672744514849779e-06,mule_laundering,1
80CCA2D20,92,7.758754461283815e-05,1.5345489029699558e-05,mule_laundering,1
80F73EBA0,99,5.17250297418921e-05,0.0002066468382257856,mule_laundering,1
81054CBF0,21,7.758754461283815e-05,3.0690978059399115e-05,mule_laundering,1
8114103E0,21,7.758754461283815e-05,1.5345489029699558e-05,legit,1
811429E30,267,5.17250297418921e-05,8.6210612526402e-08,legit,0
811429DE0,267,7.758754461283815e-05,1.034527350316824e-07,legit,0
810C00610,268,5.17250297418921e-05,0.0,legit,1
8115E83F0,268,7.758754461283815e-05,0.0,legit,1
814596F01,75,7.758754461283815e-05,2.4138971507392564e-07,mule_laundering,1
8149035D1,75,7.758754461283815e-05,2.4138971507392564e-07,legit,1
800F41330,2,7.758754461283815e-05,0.00021430234061813015,legit,1
8015F56C0,2,5.17250297418921e-05,7.672744514849779e-06,mule_laundering,1
801998160,193,0.00012931257435473025,3.0694809642178064e-05,mule_laundering,1
8024A24D0,193,5.17250297418921e-05,7.672744514849779e-06,legit,1
804602630,2,7.758754461283815e-05,1.5345489029699558e-05,mule_laundering,1
8073356E0,2,5.17250297418921e-05,7.672744514849779e-06,legit,1
8036B0360,2,7.758754461283815e-05,1.5345489029699558e-05,legit,1
80894DAD0,2,7.758754461283815e-05,4.603646708909867e-05,mule_laundering,1
809A2D990,2,5.17250297418921e-05,7.672744514849779e-06,legit,1
8036A00A0,269,5.17250297418921e-05,0.0,legit,0
809C340F0,269,7.758754461283815e-05,0.0,legit,0
80A059DD0,2,0.0001034500594837842,3.0690978059399115e-05,mule_laundering,1
80B535C20,2,7.758754461283815e-05,0.00021430234061813015,mule_laundering,1
802E6E910,40,0.00012931257435473025,0.00026142433760162294,mule_laundering,1
80D202F60,270,0.0001034500594837842,6.138195611879823e-05,legit,0
80D3010E0,2,5.17250297418921e-05,7.672744514849779e-06,legit,1
809B90F50,271,7.758754461283815e-05,5.17263675158412e-08,mule_laundering,0
80D38EF00,271,5.17250297418921e-05,1.72421225052804e-08,legit,0
80DD7E790,272,0.0001034500594837842,9.120430067798487e-05,mule_laundering,1
80DF1FC30,2,5.17250297418921e-05,7.672744514849779e-06,mule_laundering,1
80DF70590,2,0.00012931257435473025,4.603646708909867e-05,mule_laundering,1
80E89CEF0,2,5.17250297418921e-05,7.672744514849779e-06,legit,1
8100AD0C0,2,7.758754461283815e-05,1.5345489029699558e-05,mule_laundering,1
80DEE6E80,2,7.758754461283815e-05,1.5345489029699558e-05,mule_laundering,1
8141AA570,2,5.17250297418921e-05,7.672744514849779e-06,mule_laundering,1
8001D8590,31,0.00012931257435473025,4.35709680222634e-05,mule_laundering,1
800235EC0,31,0.00012931257435473025,0.0001299523532896768,mule_laundering,1
804879130,28,7.758754461283815e-05,1.5345489029699558e-05,mule_laundering,1
805378640,28,5.17250297418921e-05,7.672744514849779e-06,legit,1
800166070,273,7.758754461283815e-05,0.0,mule_laundering,1
808EBC2B0,273,0.00012931257435473025,0.0,mule_laundering,1
80AEEEDD0,28,7.758754461283815e-05,1.5345489029699558e-05,mule_laundering,1
808B6EC60,28,7.758754461283815e-05,2.3018233544549336e-05,mule_laundering,1
80C0D3710,28,0.0001034500594837842,2.3018233544549336e-05,mule_laundering,1
80FBB3D90,28,5.17250297418921e-05,7.672744514849779e-06,mule_laundering,1
811670990,28,5.17250297418921e-05,7.672744514849779e-06,legit,1
81265AAE0,28,5.17250297418921e-05,7.672744514849779e-06,mule_laundering,1
812FEE1C0,28,5.17250297418921e-05,7.672744514849779e-06,legit,1
8144F4050,28,5.17250297418921e-05,7.672744514849779e-06,legit,1
8144F8300,274,5.17250297418921e-05,0.0,mule_laundering,0
8144F9340,274,5.17250297418921e-05,0.0,mule_laundering,0
802FCC770,50,7.758754461283815e-05,3.0690978059399115e-05,mule_laundering,1
80CAC3630,50,5.17250297418921e-05,7.660609465321379e-06,legit,1
80B0F25F0,50,5.17250297418921e-05,7.672744514849779e-06,mule_laundering,1
803B5DA70,54,0.00012931257435473025,3.8363722574248894e-05,mule_laundering,1
8060DB870,60,7.758754461283815e-05,1.5345489029699558e-05,legit,1
8061CC1E0,60,0.0001034500594837842,0.0002219578430104746,legit,1
806F2FBF0,60,7.758754461283815e-05,1.5345489029699558e-05,legit,1
8085E6CB0,61,7.758754461283815e-05,7.672744514849779e-06,legit,1
809D12E20,275,7.758754461283815e-05,0.0,mule_laundering,0
809D12F60,275,7.758754461283815e-05,0.0,mule_laundering,0
80C91D950,36,7.758754461283815e-05,2.3018233544549336e-05,mule_laundering,1
80E8E1A70,276,5.17250297418921e-05,1.72421225052804e-08,mule_laundering,0
80E8E1B10,276,7.758754461283815e-05,0.0,mule_laundering,0
80E9C9510,99,5.17250297418921e-05,7.672744514849779e-06,legit,1
80EB1C680,99,0.0001034500594837842,2.3018233544549336e-05,mule_laundering,1
802528AE0,277,7.758754461283815e-05,0.0,mule_laundering,0
8034D1800,277,0.0001034500594837842,0.0,mule_laundering,0
8037EB780,277,0.0001034500594837842,0.0,mule_laundering,0
811E8CA60,278,5.17250297418921e-05,1.7253624921894996e-08,legit,0
811F61C50,278,5.17250297418921e-05,5.17263675158412e-08,legit,0
814587A31,75,0.0001034500594837842,3.620845726108884e-07,mule_laundering,1
8148FEA11,75,5.17250297418921e-05,1.2069485753696282e-07,mule_laundering,1
8004825B0,0,7.758754461283815e-05,0.0002524936419673262,mule_laundering,1
80064E510,0,0.00012931257435473025,3.830304732660689e-05,mule_laundering,1
800E86C80,41,0.00012931257435473025,0.00012368163353809297,mule_laundering,1
802ED99C0,2,7.758754461283815e-05,1.5345489029699558e-05,legit,1
8034D2BB0,2,5.17250297418921e-05,7.672744514849779e-06,mule_laundering,1
804E61630,2,5.17250297418921e-05,7.672744514849779e-06,legit,1
80518D090,2,0.0001034500594837842,3.8363722574248894e-05,mule_laundering,1
806D5CDD0,279,0.0001034500594837842,0.0,legit,1
806E0F510,279,7.758754461283815e-05,0.0,mule_laundering,1
8075791A0,2,0.0001034500594837842,0.00022959610328031384,mule_laundering,1
807CEBAF0,2,5.17250297418921e-05,7.672744514849779e-06,mule_laundering,1
809930160,39,0.0001034500594837842,0.0001074184232078969,mule_laundering,1
809AACF30,2,5.17250297418921e-05,7.672744514849779e-06,legit,1
809FD9E00,2,7.758754461283815e-05,1.5345489029699558e-05,legit,1
80A716810,184,0.0001551750892256763,0.0003682917367127894,mule_laundering,1
80B4A85B0,2,7.758754461283815e-05,1.5345489029699558e-05,mule_laundering,1
80D106450,280,5.17250297418921e-05,0.0,mule_laundering,0
80D107070,280,7.758754461283815e-05,0.0,mule_laundering,0
8051E63C0,281,7.758754461283815e-05,0.0,legit,0
80D3382E0,281,0.0001034500594837842,0.0,mule_laundering,0
80D288160,2,5.17250297418921e-05,7.672744514849779e-06,legit,1
80E165930,2,5.17250297418921e-05,7.672744514849779e-06,legit,1
80ED20E80,2,0.0001034500594837842,7.672744514849779e-06,mule_laundering,1
80D34EF60,282,7.758754461283815e-05,0.0,legit,0
81394B1F0,282,5.17250297418921e-05,0.0,legit,0
8145B1450,2,5.17250297418921e-05,7.672744514849779e-06,legit,1
80016E400,103,7.758754461283815e-05,1.4595652633930146e-05,mule_laundering,1
800202F00,33,0.00012931257435473025,7.248244177897201e-05,mule_laundering,1
800550B60,33,0.00012931257435473025,0.00010541461284083361,mule_laundering,1
801AF4D70,174,5.17250297418921e-05,0.0,legit,1
801AF5660,174,0.0001551750892256763,0.0,mule_laundering,1
801ADDA10,174,5.17250297418921e-05,0.0,mule_laundering,1
801AE2DE0,174,5.17250297418921e-05,0.0,legit,1
801ADF230,174,5.17250297418921e-05,0.0,legit,1
802EAF120,28,7.758754461283815e-05,3.8363722574248894e-05,mule_laundering,1
8041F7E90,28,5.17250297418921e-05,7.672744514849779e-06,mule_laundering,1
808A58D40,28,0.0001034500594837842,4.603646708909867e-05,mule_laundering,1
8001B94D0,31,0.00012931257435473025,3.8363722574248894e-05,mule_laundering,1
80BB72070,31,5.17250297418921e-05,7.672744514849779e-06,legit,1
80D4712D0,28,7.758754461283815e-05,2.3018233544549336e-05,mule_laundering,1
80E7BCD50,28,5.17250297418921e-05,7.672744514849779e-06,legit,1
80ED44F00,28,7.758754461283815e-05,4.947452889476577e-05,legit,1
810276F30,28,7.758754461283815e-05,1.5345489029699558e-05,mule_laundering,1
81084C820,28,7.758754461283815e-05,7.672744514849779e-06,mule_laundering,1
811005A70,28,0.0001034500594837842,2.3018233544549336e-05,legit,1
812F97AF0,247,0.00018103760409662236,0.0003090529191589336,account_takeover,1
8144A1AC0,28,7.758754461283815e-05,1.5345489029699558e-05,mule_laundering,1
8036AB180,50,7.758754461283815e-05,1.5345489029699558e-05,mule_laundering,1
8042F5AB0,54,5.17250297418921e-05,7.672744514849779e-06,mule_laundering,1
804716B40,54,5.17250297418921e-05,7.672744514849779e-06,legit,1
80C42C340,54,5.17250297418921e-05,7.672744514849779e-06,mule_laundering,1
806D73DD0,97,0.00012931257435473025,0.00019640758413975694,mule_laundering,1
806E5B990,97,0.0001034500594837842,0.00040309115256483615,mule_laundering,1
808C56630,61,5.17250297418921e-05,7.672744514849779e-06,mule_laundering,1
80A7322F0,283,5.17250297418921e-05,0.0,mule_laundering,0
80A732840,283,5.17250297418921e-05,0.0,mule_laundering,0
80E4605F0,99,0.0001034500594837842,3.0690978059399115e-05,mule_laundering,1
80F6C6760,99,5.17250297418921e-05,7.672744514849779e-06,legit,1
80F70E250,99,5.17250297418921e-05,7.672744514849779e-06,mule_laundering,1
810A4C640,70,7.758754461283815e-05,1.5345489029699558e-05,legit,1
8005C1C10,2,5.17250297418921e-05,7.672744514849779e-06,mule_laundering,1
80064E5B0,0,5.17250297418921e-05,7.672744514849779e-06,mule_laundering,1
800BBF440,2,5.17250297418921e-05,7.672744514849779e-06,mule_laundering,1
80119B0C0,284,7.758754461283815e-05,6.138195611879823e-05,legit,1
8022308A0,54,7.758754461283815e-05,0.0005621741779344996,mule_laundering,1
8043AA3B0,2,0.0001034500594837842,2.3018233544549336e-05,legit,1
804F51990,2,0.00012931257435473025,3.0690978059399115e-05,mule_laundering,1
805164ED0,31,7.758754461283815e-05,0.0006122345149831663,mule_laundering,1
8051999D0,2,7.758754461283815e-05,7.672744514849779e-06,mule_laundering,1
805AAE130,2,7.758754461283815e-05,1.5345489029699558e-05,legit,1
805DCA070,2,7.758754461283815e-05,1.5345489029699558e-05,legit,1
80788FD10,2,5.17250297418921e-05,7.672744514849779e-06,mule_laundering,1
8084645B0,2,0.0001034500594837842,2.3018233544549336e-05,mule_laundering,1
8014542C0,11,7.758754461283815e-05,0.00022961334540281915,legit,1
80B616350,11,7.758754461283815e-05,1.5345489029699558e-05,legit,1
80C0D8D70,2,7.758754461283815e-05,1.5345489029699558e-05,mule_laundering,1
80F1AF780,285,7.758754461283815e-05,3.44842450105608e-08,mule_laundering,0
80F1AF9B0,285,5.17250297418921e-05,5.17263675158412e-08,mule_laundering,0
811C5CDB0,2,7.758754461283815e-05,1.5345489029699558e-05,mule_laundering,1
8136A3560,2,5.17250297418921e-05,7.672744514849779e-06,mule_laundering,1
80010F3C0,33,0.0001034500594837842,0.00011162622698507922,mule_laundering,1
80016A6A0,33,0.00012931257435473025,1.877278401330462e-05,mule_laundering,1
8002DA960,104,0.00012931257435473025,2.1514981706369267e-05,mule_laundering,1
800DA3FC0,28,7.758754461283815e-05,1.5345489029699558e-05,mule_laundering,1
8058171C0,28,5.17250297418921e-05,7.672744514849779e-06,legit,1
80637CE00,28,5.17250297418921e-05,7.672744514849779e-06,mule_laundering,1
8075D0600,28,5.17250297418921e-05,7.672744514849779e-06,mule_laundering,1
80B656EB0,28,7.758754461283815e-05,1.5345489029699558e-05,mule_laundering,1
8018AF9F0,286,0.0001034500594837842,0.0,legit,0
8110D9140,286,5.17250297418921e-05,0.0,legit,0
812262410,28,5.17250297418921e-05,0.00020664683822578544,legit,1
8141D5800,287,7.758754461283815e-05,0.0,mule_laundering,0
8141D58A0,287,5.17250297418921e-05,0.0,mule_laundering,0
814483570,28,5.17250297418921e-05,7.672744514849779e-06,mule_laundering,1
80B76EEA0,104,0.0002586251487094605,0.00024258806227283586,mule_laundering,1
803FBD8A0,54,0.0001034500594837842,2.3018233544549336e-05,mule_laundering,1
8040BE8F0,288,7.758754461283815e-05,0.0,mule_laundering,0
8044A0F40,288,7.758754461283815e-05,0.0,legit,0
805008A00,289,5.17250297418921e-05,0.0,legit,0
805008C30,289,7.758754461283815e-05,0.0,legit,0
80843D3E0,61,5.17250297418921e-05,7.672744514849779e-06,mule_laundering,1
8085DD9A0,61,7.758754461283815e-05,4.603646708909867e-05,mule_laundering,1
808A08B80,61,0.0001034500594837842,3.8363722574248894e-05,mule_laundering,1
809311AB0,42,7.758754461283815e-05,1.5345489029699558e-05,mule_laundering,1
8095D1790,42,0.0001034500594837842,4.603646708909867e-05,mule_laundering,1
80A856A20,12,0.0001034500594837842,4.603646708909867e-05,mule_laundering,1
80FDF7CB0,290,0.0001034500594837842,0.0,mule_laundering,1
81024EA20,290,7.758754461283815e-05,0.0,legit,1
8000E1590,71,0.00046552526767702887,0.0009916514223659437,mule_laundering,1
80100D270,7,5.17250297418921e-05,7.672744514849779e-06,mule_laundering,1
800055A70,41,0.00012931257435473025,0.0009395821809335425,mule_laundering,1
8001BA930,104,0.0002069001189675684,0.00021275649725410444,mule_laundering,1
8010AE030,52,0.0001034500594837842,0.0002449243501875081,mule_laundering,1
8017C4780,291,0.0001034500594837842,0.0002676494676494677,mule_laundering,1
8019EFA70,292,7.758754461283815e-05,0.0,mule_laundering,0
8019EFB60,292,5.17250297418921e-05,0.0,mule_laundering,0
804A799C0,2,5.17250297418921e-05,7.672744514849779e-06,mule_laundering,1
808E53900,293,7.758754461283815e-05,0.0,mule_laundering,0
808E53A90,293,7.758754461283815e-05,0.0,mule_laundering,0
80940CC90,2,7.758754461283815e-05,1.5345489029699558e-05,legit,1
80B445750,123,0.00012931257435473025,0.0004743307901202639,mule_laundering,1
80BD61DE0,2,5.17250297418921e-05,7.672744514849779e-06,legit,1
80CD42140,2,7.758754461283815e-05,0.0004132591922065607,legit,1
80E751E40,247,0.0001034500594837842,3.052108967860918e-05,account_takeover,1
80D9A9270,294,0.00012931257435473025,1.810422863054442e-07,mule_laundering,1
80EC324D0,294,7.758754461283815e-05,6.89684900211216e-08,legit,1
80EC3A5F0,2,5.17250297418921e-05,7.672744514849779e-06,legit,1
80F700BF0,2,7.758754461283815e-05,1.5345489029699558e-05,legit,1
8113D2CF0,295,0.0001034500594837842,0.0,mule_laundering,0
8113D3660,295,0.0001034500594837842,0.0,mule_laundering,0
801F4A170,28,5.17250297418921e-05,7.672744514849779e-06,legit,1
802DC3430,28,5.17250297418921e-05,7.672744514849779e-06,mule_laundering,1
806ACD7F0,104,0.0001034500594837842,0.00010445159463241845,mule_laundering,1
80806B1D0,28,7.758754461283815e-05,5.370921160394845e-05,mule_laundering,1
8080B4690,28,5.17250297418921e-05,7.672744514849779e-06,legit,1
812BF8F30,28,7.758754461283815e-05,1.5345489029699558e-05,mule_laundering,1
812DAAEF0,28,5.17250297418921e-05,0.00020664683822578544,legit,1
8132635A0,28,5.17250297418921e-05,7.672744514849779e-06,legit,1
800367070,50,0.0001034500594837842,0.00035184275184275184,mule_laundering,1
8021678B0,50,0.0001034500594837842,0.00024490710806500285,mule_laundering,1
80367ED30,50,5.17250297418921e-05,7.660609465321379e-06,legit,1
809F4CBF0,50,7.758754461283815e-05,1.5345489029699558e-05,mule_laundering,1
80D9AE640,50,5.17250297418921e-05,7.672744514849779e-06,legit,1
804A862E0,3,7.758754461283815e-05,3.0690978059399115e-05,mule_laundering,1
804792FB0,76,7.758754461283815e-05,2.3018233544549336e-05,legit,1
804B98460,76,5.17250297418921e-05,7.672744514849779e-06,legit,1
805D08850,3,5.17250297418921e-05,7.672744514849779e-06,legit,1
8087C0BC0,61,5.17250297418921e-05,7.672744514849779e-06,legit,1
813814C00,296,5.17250297418921e-05,0.0,mule_laundering,0
813814C50,296,5.17250297418921e-05,0.0,mule_laundering,0
80A7EBB90,12,0.0001034500594837842,3.8363722574248894e-05,mule_laundering,1
80F1AE600,99,0.0001034500594837842,3.8363722574248894e-05,mule_laundering,1
80F6C2FD0,297,5.17250297418921e-05,1.72421225052804e-08,mule_laundering,0
80F6C64B0,297,5.17250297418921e-05,3.44842450105608e-08,mule_laundering,0
80F94D570,298,5.17250297418921e-05,0.0,mule_laundering,0
80F94D5C0,298,5.17250297418921e-05,0.0,mule_laundering,0
8088FE560,33,7.758754461283815e-05,1.5345489029699558e-05,mule_laundering,1
80F984C70,33,0.0005948378420317592,0.00185424450791009,mule_laundering,1
803520BA0,33,7.758754461283815e-05,1.5345489029699558e-05,mule_laundering,1
802B47C40,33,5.17250297418921e-05,7.672744514849779e-06,mule_laundering,1
81051FEB0,33,5.17250297418921e-05,7.672744514849779e-06,mule_laundering,1
80DFDC710,33,7.758754461283815e-05,1.5345489029699558e-05,mule_laundering,1
802F3F8B0,33,7.758754461283815e-05,1.5345489029699558e-05,mule_laundering,1
80A7F7340,33,5.17250297418921e-05,7.672744514849779e-06,mule_laundering,1
805198780,33,7.758754461283815e-05,0.0009518987757716412,mule_laundering,1
80D1ACBE0,33,5.17250297418921e-05,7.672744514849779e-06,mule_laundering,1
8004F4660,33,7.758754461283815e-05,1.5345489029699558e-05,mule_laundering,1
806DF1F70,33,0.0001034500594837842,0.0003803835737111747,mule_laundering,1
8093F4D70,33,7.758754461283815e-05,1.5345489029699558e-05,mule_laundering,1
80AD70170,33,5.17250297418921e-05,7.672744514849779e-06,mule_laundering,1
80DE48320,33,0.0001551750892256763,0.00039572906274087423,mule_laundering,1
808D193A0,33,5.17250297418921e-05,3.8363722574248894e-05,mule_laundering,1
80E4A4620,33,7.758754461283815e-05,1.5345489029699558e-05,mule_laundering,1
80DC84FA0,33,7.758754461283815e-05,1.5345489029699558e-05,mule_laundering,1
812411030,33,0.0001034500594837842,2.3018233544549336e-05,mule_laundering,1
80B5B33D0,33,5.17250297418921e-05,7.672744514849779e-06,mule_laundering,1
813E9CB91,75,5.17250297418921e-05,1.2069485753696282e-07,legit,1
8033A0A30,2,7.758754461283815e-05,1.5345489029699558e-05,mule_laundering,1
805AE5230,2,5.17250297418921e-05,7.672744514849779e-06,mule_laundering,1
805B78410,2,7.758754461283815e-05,0.00021430234061813015,legit,1
801656E30,299,7.758754461283815e-05,6.89684900211216e-08,mule_laundering,1
805EC6EB0,299,7.758754461283815e-05,0.0,mule_laundering,1
801853DC0,100,0.0001034500594837842,0.0002219578430104746,legit,1
806301AA0,2,7.758754461283815e-05,1.5345489029699558e-05,legit,1
808EA3530,2,0.0001034500594837842,2.3018233544549336e-05,legit,1
809B76480,11,7.758754461283815e-05,6.138195611879823e-05,legit,1
80E37DD40,11,5.17250297418921e-05,7.672744514849779e-06,legit,1
810A2B4C0,2,7.758754461283815e-05,1.5345489029699558e-05,legit,1
811CEF000,2,0.0001034500594837842,3.0690978059399115e-05,mule_laundering,1
811DEE370,2,5.17250297418921e-05,7.672744514849779e-06,legit,1
812F815F0,2,5.17250297418921e-05,7.672744514849779e-06,legit,1
8000EC7E0,0,0.0001034500594837842,2.3897581792318635e-05,mule_laundering,1
80028E6D0,41,0.0001034500594837842,1.953819848556691e-05,mule_laundering,1
800ADE000,33,7.758754461283815e-05,0.0002759180846707883,mule_laundering,1
800D50B30,28,7.758754461283815e-05,3.0690978059399115e-05,mule_laundering,1
8016754D0,28,5.17250297418921e-05,7.672744514849779e-06,mule_laundering,1
8017AFC60,301,7.758754461283815e-05,0.0,mule_laundering,0
8017B2C40,301,0.0001034500594837842,0.0,mule_laundering,0
802032810,28,5.17250297418921e-05,7.672744514849779e-06,mule_laundering,1
802084EB0,28,5.17250297418921e-05,7.672744514849779e-06,mule_laundering,1
80775D2D0,28,7.758754461283815e-05,1.5345489029699558e-05,mule_laundering,1
807F2A4F0,28,5.17250297418921e-05,7.672744514849779e-06,legit,1
809753C60,28,5.17250297418921e-05,7.660609465321379e-06,legit,1
80B5ED590,12,5.17250297418921e-05,7.672744514849779e-06,legit,1
80BF35070,302,7.758754461283815e-05,0.0,mule_laundering,0
80E2E2CB0,302,5.17250297418921e-05,0.0,legit,0
80823AAB0,28,5.17250297418921e-05,7.672744514849779e-06,mule_laundering,1
8131821A0,28,5.17250297418921e-05,7.672744514849779e-06,legit,1
804C0A570,3,5.17250297418921e-05,7.672744514849779e-06,mule_laundering,1
805C2AFB0,303,7.758754461283815e-05,0.0,mule_laundering,0
805C2B8A0,303,5.17250297418921e-05,0.0,mule_laundering,0
8050C4F60,304,5.17250297418921e-05,0.0,legit,0
805E72A40,304,0.0001034500594837842,0.0,mule_laundering,0
8062E09A0,60,0.00012931257435473025,0.0002601491443596707,mule_laundering,1
808C64AD0,61,5.17250297418921e-05,7.672744514849779e-06,mule_laundering,1
80D68A470,92,5.17250297418921e-05,7.672744514849779e-06,mule_laundering,1
80D68A420,92,7.758754461283815e-05,2.3018233544549336e-05,mule_laundering,1
80F499B50,99,7.758754461283815e-05,1.5345489029699558e-05,legit,1
80FD68BC0,70,0.0001034500594837842,3.0690978059399115e-05,mule_laundering,1
80FDB2A50,70,7.758754461283815e-05,2.3018233544549336e-05,mule_laundering,1
814623F11,75,5.17250297418921e-05,1.2069485753696282e-07,mule_laundering,1
80044A5D0,40,0.0001551750892256763,0.0009781590411993193,mule_laundering,1
8011B4A60,2,7.758754461283815e-05,1.5345489029699558e-05,mule_laundering,1
8019EDDE0,175,0.00012931257435473025,0.0009832147937411096,mule_laundering,1
802154DE0,2,0.0001034500594837842,3.0690978059399115e-05,mule_laundering,1
802154E30,2,5.17250297418921e-05,7.672744514849779e-06,mule_laundering,1
803614A60,2,5.17250297418921e-05,7.672744514849779e-06,mule_laundering,1
803949A90,2,7.758754461283815e-05,1.5345489029699558e-05,mule_laundering,1
8059E6A90,2,7.758754461283815e-05,1.5345489029699558e-05,mule_laundering,1
802CCDF10,189,0.00012931257435473025,0.0006634418433287639,mule_laundering,1
8010BAAC0,50,0.0001034500594837842,0.00018314257620477719,mule_laundering,1
808592ED0,50,0.0001034500594837842,5.188685236532129e-05,mule_laundering,1
80C2640F0,2,5.17250297418921e-05,7.672744514849779e-06,legit,1
80D4AFD60,305,7.758754461283815e-05,0.0004740031897926635,mule_laundering,1
80BDDC0E0,306,7.758754461283815e-05,0.0,legit,0
80E383040,306,5.17250297418921e-05,0.0,legit,0
8051A4680,2,0.0001034500594837842,4.603646708909867e-05,mule_laundering,1
812A398E0,2,5.17250297418921e-05,7.672744514849779e-06,legit,1
813987BD0,2,5.17250297418921e-05,7.660609465321379e-06,legit,1
8000F9560,104,0.0001034500594837842,5.103901183729949e-05,mule_laundering,1
8001BD460,104,0.00012931257435473025,0.0008858548868174527,mule_laundering,1
8003DF900,104,0.0001034500594837842,2.3781005886269043e-05,mule_laundering,1
800C75DC0,0,0.00012931257435473025,7.847242842289286e-05,legit,1
801E2A890,0,0.0001034500594837842,4.349833441467285e-05,mule_laundering,1
806C1C2B0,28,0.0001034500594837842,0.00023723436355015289,mule_laundering,1
80BB84180,28,7.758754461283815e-05,1.5345489029699558e-05,legit,1
80BF3BF90,307,0.0001034500594837842,0.00011684961790224954,mule_laundering,1
8110FA000,144,7.758754461283815e-05,0.002393135975507924,mule_laundering,1
80FE9DE30,28,0.0001034500594837842,2.3018233544549336e-05,mule_laundering,1
802FDD680,191,0.0001034500594837842,0.00018938498236605164,mule_laundering,1
80D9A8880,50,0.00012931257435473025,3.8363722574248894e-05,account_takeover,1
80452D470,54,0.00046552526767702887,0.0033011021766698617,mule_laundering,1
805600240,3,5.17250297418921e-05,7.672744514849779e-06,mule_laundering,1
8061550E0,60,7.758754461283815e-05,1.5345489029699558e-05,legit,1
806BE6B90,60,7.758754461283815e-05,1.5345489029699558e-05,legit,1
80956F230,42,5.17250297418921e-05,7.672744514849779e-06,mule_laundering,1
8099F9D40,42,7.758754461283815e-05,1.5345489029699558e-05,legit,1
80CD69720,36,7.758754461283815e-05,0.0006191301349196087,mule_laundering,1
80D833C00,92,5.17250297418921e-05,7.672744514849779e-06,legit,1
80F181A50,99,0.00012931257435473025,0.00045876115349799564,mule_laundering,1
80F3A12E0,99,7.758754461283815e-05,1.5345489029699558e-05,mule_laundering,1
80F4FD900,99,0.0001034500594837842,3.0690978059399115e-05,mule_laundering,1
81149A400,70,0.0001034500594837842,2.3018233544549336e-05,mule_laundering,1
813A77190,70,5.17250297418921e-05,7.672744514849779e-06,legit,1
801267970,2,7.758754461283815e-05,1.5345489029699558e-05,mule_laundering,1
8016CE530,2,5.17250297418921e-05,7.672744514849779e-06,legit,1
8019C0990,97,0.00043966275280608283,0.001026895781632625,mule_laundering,1
80059A750,193,0.00012931257435473025,3.8363722574248894e-05,mule_laundering,1
801E3C4A0,193,5.17250297418921e-05,7.672744514849779e-06,legit,1
803192310,2,7.758754461283815e-05,1.5345489029699558e-05,mule_laundering,1
8051AABC0,28,0.00012931257435473025,3.8956646325067384e-05,mule_laundering,1
8057C2AA0,2,7.758754461283815e-05,1.5345489029699558e-05,legit,1
806E9B2A0,308,5.17250297418921e-05,0.0,mule_laundering,0
806E9B160,308,5.17250297418921e-05,0.0,mule_laundering,0
8075D55F0,2,5.17250297418921e-05,7.672744514849779e-06,mule_laundering,1
804950B40,309,7.758754461283815e-05,0.0,legit,0
80857ED90,309,5.17250297418921e-05,0.0,legit,0
80E012220,307,7.758754461283815e-05,0.00016334041491936234,mule_laundering,1
80A74EDF0,310,5.17250297418921e-05,0.0,legit,1
811A0FA00,310,7.758754461283815e-05,0.0,mule_laundering,1
812157FE0,2,7.758754461283815e-05,1.5345489029699558e-05,mule_laundering,1
8123123E0,2,5.17250297418921e-05,7.672744514849779e-06,mule_laundering,1
814455E40,2,7.758754461283815e-05,2.3018233544549336e-05,mule_laundering,1
80241BD20,311,5.17250297418921e-05,1.72421225052804e-08,mule_laundering,0
800E44770,311,7.758754461283815e-05,5.17263675158412e-08,mule_laundering,0
8019B81D0,311,5.17250297418921e-05,0.0,mule_laundering,0
800ACC410,251,5.17250297418921e-05,7.672744514849779e-06,mule_laundering,1
8004FBC70,251,0.00012931257435473025,5.370921160394845e-05,mule_laundering,1
8014322B0,251,7.758754461283815e-05,1.5345489029699558e-05,mule_laundering,1
8011EF080,103,0.0001034500594837842,4.001372092281183e-05,mule_laundering,1
8010B21A0,103,0.0001034500594837842,2.3814942762311187e-05,mule_laundering,1
8019E64E0,312,7.758754461283815e-05,0.0,mule_laundering,0
80118E680,312,0.0001034500594837842,0.0,mule_laundering,0
800BA92A0,312,5.17250297418921e-05,0.0,mule_laundering,0
800981370,179,7.758754461283815e-05,1.5345489029699558e-05,mule_laundering,1
8002B9DE0,179,0.00012931257435473025,5.370921160394845e-05,mule_laundering,1
800160AF0,179,5.17250297418921e-05,7.672744514849779e-06,mule_laundering,1
8011F0870,31,0.0001034500594837842,2.3018233544549336e-05,mule_laundering,1
8016FDD30,31,0.0001551750892256763,9.207293417819735e-05,mule_laundering,1
8001AEBF0,31,7.758754461283815e-05,0.0001074184232078969,mule_laundering,1
801E72C20,313,0.0001034500594837842,0.0,mule_laundering,0
801D887E0,313,7.758754461283815e-05,0.0,mule_laundering,0
80069E9E0,313,5.17250297418921e-05,0.0,mule_laundering,0
80030CC80,314,5.17250297418921e-05,0.0,mule_laundering,0
800E79AE0,314,0.0001034500594837842,0.0,mule_laundering,0
800164250,314,0.00012931257435473025,0.0,mule_laundering,0
8013D2F20,28,0.0001034500594837842,0.0002602353549721969,mule_laundering,1
801908010,28,7.758754461283815e-05,3.8363722574248894e-05,mule_laundering,1
801EFC5C0,28,0.0001034500594837842,2.3018233544549336e-05,mule_laundering,1
801010DF0,2,7.758754461283815e-05,1.5345489029699558e-05,mule_laundering,1
8010BC410,2,5.17250297418921e-05,7.672744514849779e-06,mule_laundering,1
800179CC0,33,7.758754461283815e-05,2.1996487168111886e-05,mule_laundering,1
80126A910,28,7.758754461283815e-05,4.603646708909867e-05,mule_laundering,1
801D92F40,28,5.17250297418921e-05,7.672744514849779e-06,mule_laundering,1
801F0C090,28,0.0001034500594837842,0.00025257985257985243,mule_laundering,1
80B912AB0,28,5.17250297418921e-05,7.672744514849779e-06,mule_laundering,1
80D9BFE70,315,5.17250297418921e-05,0.0,mule_laundering,0
80D9BF830,315,7.758754461283815e-05,0.0,mule_laundering,0
80E2F5660,28,7.758754461283815e-05,1.5345489029699558e-05,legit,1
8007BAAF0,50,5.17250297418921e-05,4.603646708909867e-05,mule_laundering,1
80308DE40,50,5.17250297418921e-05,7.672744514849779e-06,legit,1
80DC554F0,3,7.758754461283815e-05,1.5345489029699558e-05,mule_laundering,1
807C3E090,19,5.17250297418921e-05,7.672744514849779e-06,legit,1
808C1A610,19,0.0001034500594837842,3.0690978059399115e-05,mule_laundering,1
80A7BFF70,316,5.17250297418921e-05,0.0,mule_laundering,0
80A7C0240,316,5.17250297418921e-05,0.0,mule_laundering,0
80CD2A550,28,5.17250297418921e-05,7.672744514849779e-06,legit,1
80E86ED60,99,7.758754461283815e-05,3.0690978059399115e-05,mule_laundering,1
8002CB9E0,37,0.0001034500594837842,0.00015338859451315864,mule_laundering,1
8017A0E10,2,5.17250297418921e-05,7.672744514849779e-06,legit,1
801A4DCF0,2,0.0001034500594837842,5.370921160394845e-05,mule_laundering,1
80251B440,33,7.758754461283815e-05,0.0005044800054348151,mule_laundering,1
802FC45C0,2,5.17250297418921e-05,7.672744514849779e-06,legit,1
8056E6990,2,5.17250297418921e-05,7.672744514849779e-06,legit,1
80593F210,2,7.758754461283815e-05,1.5345489029699558e-05,mule_laundering,1
8072C1AE0,2,5.17250297418921e-05,7.672744514849779e-06,mule_laundering,1
809B11290,2,5.17250297418921e-05,7.672744514849779e-06,legit,1
80D10BFB0,317,5.17250297418921e-05,0.0,mule_laundering,0
80D10C1E0,317,5.17250297418921e-05,0.0,mule_laundering,0
803E187F0,220,0.0001034500594837842,6.138195611879823e-05,legit,1
80F959CD0,220,7.758754461283815e-05,7.672744514849779e-05,mule_laundering,1
80FEDCCD0,2,7.758754461283815e-05,3.8363722574248894e-05,mule_laundering,1
8104DA2B0,33,0.0001034500594837842,5.19658188934354e-05,legit,1
8106C6310,2,5.17250297418921e-05,7.672744514849779e-06,mule_laundering,1
8009DEA60,318,5.17250297418921e-05,0.0,mule_laundering,0
8009DED80,318,7.758754461283815e-05,0.0,mule_laundering,0
800AEDA60,103,0.0001551750892256763,0.00023076425065848374,mule_laundering,1
801511050,28,5.17250297418921e-05,7.672744514849779e-06,mule_laundering,1
8004FDC90,28,5.17250297418921e-05,7.672744514849779e-06,legit,1
80170C110,28,7.758754461283815e-05,2.3018233544549336e-05,mule_laundering,1
800931230,319,5.17250297418921e-05,0.0,legit,0
801ECCCF0,319,7.758754461283815e-05,0.0,legit,0
8024F0980,28,5.17250297418921e-05,7.672744514849779e-06,mule_laundering,1
80283B3A0,28,7.758754461283815e-05,1.5345489029699558e-05,mule_laundering,1
803391930,320,7.758754461283815e-05,0.0,mule_laundering,0
803391F50,320,7.758754461283815e-05,0.0,mule_laundering,0
805AB7210,28,7.758754461283815e-05,1.5345489029699558e-05,legit,1
808630EB0,28,7.758754461283815e-05,3.8363722574248894e-05,mule_laundering,1
808908AD0,28,5.17250297418921e-05,7.672744514849779e-06,mule_laundering,1
809FB9990,321,7.758754461283815e-05,0.0,mule_laundering,0
809FB9A30,321,7.758754461283815e-05,0.0,mule_laundering,0
80AF02020,28,5.17250297418921e-05,7.672744514849779e-06,legit,1
80B51B720,28,5.17250297418921e-05,7.672744514849779e-06,mule_laundering,1
80D033D70,28,7.758754461283815e-05,1.5345489029699558e-05,legit,1
810FB2920,28,7.758754461283815e-05,1.5345489029699558e-05,mule_laundering,1
811614660,28,7.758754461283815e-05,1.5345489029699558e-05,mule_laundering,1
803719A60,50,7.758754461283815e-05,2.3018233544549336e-05,mule_laundering,1
804553B70,54,5.17250297418921e-05,0.00020664683822578563,legit,1
8046A8230,54,7.758754461283815e-05,1.5345489029699558e-05,legit,1
80C3D24B0,54,5.17250297418921e-05,7.672744514849779e-06,legit,1
80C4F0870,54,5.17250297418921e-05,7.672744514849779e-06,legit,1
805BFF8B0,3,7.758754461283815e-05,0.00030596146385620073,mule_laundering,1
808C58A00,190,7.758754461283815e-05,0.0,legit,1
808CB27A0,190,7.758754461283815e-05,0.0,mule_laundering,1
809D55290,42,7.758754461283815e-05,1.5345489029699558e-05,legit,1
80AFFFFF0,12,7.758754461283815e-05,1.5345489029699558e-05,mule_laundering,1
80B0D5B60,12,7.758754461283815e-05,1.5345489029699558e-05,legit,1
80CD26160,36,5.17250297418921e-05,7.672744514849779e-06,mule_laundering,1
80CF1EAE0,92,7.758754461283815e-05,1.5345489029699558e-05,legit,1
810797FD0,70,5.17250297418921e-05,7.672744514849779e-06,legit,1
810A57590,70,5.17250297418921e-05,7.672744514849779e-06,legit,1
810D35DB0,70,7.758754461283815e-05,0.00021430234061813015,mule_laundering,1
800637C70,322,7.758754461283815e-05,0.0,mule_laundering,1
800DF3270,322,7.758754461283815e-05,0.0,mule_laundering,1
801260570,322,7.758754461283815e-05,0.0,mule_laundering,1
80DB0B9D0,323,7.758754461283815e-05,0.0,mule_laundering,0
8078A4130,323,0.0001034500594837842,0.0,mule_laundering,0
8044969E0,323,5.17250297418921e-05,0.0,mule_laundering,0
80C381B70,324,0.0001034500594837842,0.0,mule_laundering,0
80CC4B000,324,7.758754461283815e-05,0.0,mule_laundering,0
8020DDAF0,324,5.17250297418921e-05,0.0,mule_laundering,0
80820F1A0,325,5.17250297418921e-05,0.0,mule_laundering,1
800BA6480,325,7.758754461283815e-05,0.0,mule_laundering,1
80DB57310,325,7.758754461283815e-05,0.0,mule_laundering,1
80832A480,326,5.17250297418921e-05,0.0,mule_laundering,0
805D535A0,326,0.0001034500594837842,0.0,mule_laundering,0
802D21780,326,5.17250297418921e-05,0.0,mule_laundering,0
80693AB90,61,0.0001034500594837842,3.0690978059399115e-05,mule_laundering,1
800049680,61,5.17250297418921e-05,7.672744514849779e-06,mule_laundering,1
806C8A860,327,5.17250297418921e-05,0.0,mule_laundering,0
803C0D4D0,327,7.758754461283815e-05,0.0,mule_laundering,0
80E5CF6B0,327,5.17250297418921e-05,0.0,mule_laundering,0
8038F4190,2,7.758754461283815e-05,2.3018233544549336e-05,mule_laundering,1
805331420,2,5.17250297418921e-05,7.672744514849779e-06,mule_laundering,1
80C379450,328,5.17250297418921e-05,1.72421225052804e-08,mule_laundering,0
80A7B9290,328,7.758754461283815e-05,5.17263675158412e-08,mule_laundering,0
807962B90,328,7.758754461283815e-05,8.6210612526402e-08,mule_laundering,0
80AD2BB10,329,7.758754461283815e-05,0.0,mule_laundering,0
80A43F620,329,7.758754461283815e-05,0.0,mule_laundering,0
8099A7B50,329,5.17250297418921e-05,0.0,mule_laundering,0
80BBEDC60,105,7.758754461283815e-05,0.0,mule_laundering,1
80DF46F20,105,5.17250297418921e-05,0.0,mule_laundering,1
8140403D1,75,0.0001034500594837842,4.827794301478513e-07,mule_laundering,1
80071D610,330,5.17250297418921e-05,0.0,mule_laundering,0
80071DBD0,330,0.00012931257435473025,0.0,mule_laundering,0
801982550,2,5.17250297418921e-05,7.672744514849779e-06,legit,1
8035F5CE0,2,5.17250297418921e-05,7.672744514849779e-06,mule_laundering,1
803A84CD0,2,7.758754461283815e-05,1.5345489029699558e-05,legit,1
805235490,2,5.17250297418921e-05,7.672744514849779e-06,mule_laundering,1
805DFF260,41,0.0001034500594837842,9.299065547869376e-05,mule_laundering,1
80645DA30,2,5.17250297418921e-05,7.672744514849779e-06,mule_laundering,1
806578D30,50,0.0001034500594837842,0.0003155254490182723,mule_laundering,1
80DC68A80,331,7.758754461283815e-05,3.44842450105608e-08,mule_laundering,0
80DC68D40,331,5.17250297418921e-05,5.17263675158412e-08,mule_laundering,0
80E131230,2,5.17250297418921e-05,7.672744514849779e-06,mule_laundering,1
8070BEE70,2,5.17250297418921e-05,7.672744514849779e-06,legit,1
8116C5810,2,7.758754461283815e-05,2.3018233544549336e-05,mule_laundering,1
8008B79A0,103,0.0001034500594837842,0.00012431898747688222,mule_laundering,1
80114C980,28,0.00012931257435473025,3.0690978059399115e-05,legit,1
80134B490,28,0.0001034500594837842,5.960244499298329e-05,legit,1
80240AA90,39,7.758754461283815e-05,6.138195611879823e-05,mule_laundering,1
805840510,11,0.00012931257435473025,0.0005989960979434665,account_takeover,1
808E01020,28,5.17250297418921e-05,7.672744514849779e-06,legit,1
80A580750,28,5.17250297418921e-05,7.672744514849779e-06,legit,1
80AB99460,28,7.758754461283815e-05,3.0690978059399115e-05,legit,1
80D471A20,28,5.17250297418921e-05,7.672744514849779e-06,mule_laundering,1
80D8A9A40,28,0.0001034500594837842,2.3018233544549336e-05,mule_laundering,1
80BA93450,332,7.758754461283815e-05,0.0,mule_laundering,0
80BA93D20,332,5.17250297418921e-05,0.0,mule_laundering,0
810F46830,50,7.758754461283815e-05,1.5345489029699558e-05,legit,1
803E57CE0,54,0.0001034500594837842,2.3018233544549336e-05,legit,1
804B890F0,3,7.758754461283815e-05,2.3018233544549336e-05,legit,1
804FDD820,3,5.17250297418921e-05,7.672744514849779e-06,legit,1
804FE2220,7,0.0001034500594837842,0.0005391569929617064,mule_laundering,1
806D9B280,193,0.00012931257435473025,8.525353659199027e-05,mule_laundering,1
806F4D150,60,5.17250297418921e-05,7.672744514849779e-06,legit,1
806F83270,60,7.758754461283815e-05,0.0002066468382257856,mule_laundering,1
808ACB6C0,61,5.17250297418921e-05,7.672744514849779e-06,mule_laundering,1
8095B0960,42,5.17250297418921e-05,7.672744514849779e-06,legit,1
80AC79000,12,5.17250297418921e-05,7.672744514849779e-06,mule_laundering,1
811D70290,333,0.0001034500594837842,5.17263675158412e-08,mule_laundering,0
811D702E0,333,5.17250297418921e-05,0.0,mule_laundering,0
813C85461,75,5.17250297418921e-05,1.2069485753696282e-07,mule_laundering,1
814350FC1,75,0.00012931257435473025,4.827794301478513e-07,mule_laundering,1
802E02D00,2,7.758754461283815e-05,1.5345489029699558e-05,mule_laundering,1
80475E4D0,2,5.17250297418921e-05,7.672744514849779e-06,mule_laundering,1
8070FA090,334,0.0001034500594837842,0.0,mule_laundering,0
8070FA1D0,334,5.17250297418921e-05,0.0,mule_laundering,0
807873E40,2,0.0001034500594837842,0.00026023535497219714,mule_laundering,1
809056E80,2,7.758754461283815e-05,1.5345489029699558e-05,mule_laundering,1
80CEFC900,2,7.758754461283815e-05,1.5321218930642757e-05,legit,1
80C748480,19,7.758754461283815e-05,1.5345489029699558e-05,legit,1
800747880,6,7.758754461283815e-05,3.207739958936132e-05,legit,1
8019BC450,28,5.17250297418921e-05,7.672744514849779e-06,legit,1
8001BB380,31,0.00028448766358040654,0.0005173373658623443,mule_laundering,1
8001A6870,31,0.0001551750892256763,0.0005202978569960066,mule_laundering,1
8002185A0,31,5.17250297418921e-05,7.672744514849779e-06,mule_laundering,1
80022FC00,31,5.17250297418921e-05,7.672744514849779e-06,mule_laundering,1
80016DA30,31,7.758754461283815e-05,0.00038886791914728334,mule_laundering,1
8000FBD00,31,7.758754461283815e-05,1.5345489029699558e-05,mule_laundering,1
80017BE40,31,7.758754461283815e-05,0.0002219578430104746,mule_laundering,1
8080A3C50,28,7.758754461283815e-05,1.5345489029699558e-05,mule_laundering,1
80A0DC850,28,0.0001034500594837842,3.8363722574248894e-05,legit,1
8080B3000,335,0.0001034500594837842,2.3018233544549336e-05,legit,1
80C84A040,335,7.758754461283815e-05,3.8363722574248894e-05,mule_laundering,1
80D1AE780,336,0.0001034500594837842,0.0,mule_laundering,0
80D1AF340,336,7.758754461283815e-05,0.0,mule_laundering,0
80D1AF160,336,0.0001034500594837842,0.0,mule_laundering,0
80DEBCBC0,28,0.0001034500594837842,3.0690978059399115e-05,mule_laundering,1
810D9E7B0,337,7.758754461283815e-05,0.0,mule_laundering,0
810D9EB20,337,0.0001034500594837842,0.0,mule_laundering,0
812E5F7C0,28,7.758754461283815e-05,1.5345489029699558e-05,mule_laundering,1
814833AE0,28,5.17250297418921e-05,7.672744514849779e-06,mule_laundering,1
8037DA4D0,50,7.758754461283815e-05,1.5345489029699558e-05,legit,1
80389DC90,50,7.758754461283815e-05,1.5345489029699558e-05,legit,1
803922F10,338,5.17250297418921e-05,0.0,mule_laundering,0
803923370,338,5.17250297418921e-05,0.0,mule_laundering,0
803D9A710,54,7.758754461283815e-05,2.3018233544549336e-05,legit,1
80B19D690,54,0.00012931257435473025,3.8363722574248894e-05,mule_laundering,1
804EF7FD0,3,7.758754461283815e-05,1.5345489029699558e-05,legit,1
8060BF2A0,60,5.17250297418921e-05,7.672744514849779e-06,mule_laundering,1
80767F160,339,0.0001034500594837842,0.0,mule_laundering,0
807C4BF70,339,7.758754461283815e-05,0.0,legit,0
809D5ACB0,42,5.17250297418921e-05,7.672744514849779e-06,legit,1
809D6FF40,42,7.758754461283815e-05,0.0002143023406181301,legit,1
809E31FF0,42,7.758754461283815e-05,1.5345489029699558e-05,mule_laundering,1
81017D0B0,70,5.17250297418921e-05,7.672744514849779e-06,legit,1
81063B8A0,70,5.17250297418921e-05,7.672744514849779e-06,legit,1
8136E3BF1,340,7.758754461283815e-05,0.0,mule_laundering,1
8142D03E1,340,7.758754461283815e-05,0.0,mule_laundering,1
8006A6CF0,97,0.00012931257435473025,4.553600343074028e-05,mule_laundering,1
8021DA9A0,2,7.758754461283815e-05,3.0690978059399115e-05,mule_laundering,1
8014FCAF0,3,0.0001034500594837842,0.0004665201086253718,mule_laundering,1
802CD4240,3,0.0001034500594837842,0.00024491520576629946,mule_laundering,1
808FD2E70,341,7.758754461283815e-05,0.0,mule_laundering,0
808FD4310,341,7.758754461283815e-05,0.0,mule_laundering,0
80BC08370,2,7.758754461283815e-05,3.0690978059399115e-05,mule_laundering,1
80C11E710,291,0.0001034500594837842,6.126126126126126e-05,mule_laundering,1
80C80DB00,2,0.00012931257435473025,3.0690978059399115e-05,mule_laundering,1
80F29BD20,2,5.17250297418921e-05,7.672744514849779e-06,mule_laundering,1
8123BCAC0,2,5.17250297418921e-05,7.672744514849779e-06,legit,1
8135C7DC0,2,5.17250297418921e-05,7.672744514849779e-06,legit,1
813760340,342,5.17250297418921e-05,0.0,mule_laundering,0
8137607F0,342,5.17250297418921e-05,0.0,mule_laundering,0
813908380,2,5.17250297418921e-05,7.672744514849779e-06,mule_laundering,1
800102120,104,0.00012931257435473025,0.00019881252382133744,mule_laundering,1
800161D40,104,0.00012931257435473025,0.00026511197918383813,mule_laundering,1
800C76270,0,0.0001034500594837842,2.3018233544549336e-05,legit,1
80B53B550,343,5.17250297418921e-05,0.0,legit,1
80B533B20,343,0.0001034500594837842,0.0,mule_laundering,1
80B52B290,343,5.17250297418921e-05,0.0,legit,1
80B4E0330,343,5.17250297418921e-05,0.0,mule_laundering,1
80B1B5720,28,0.0001034500594837842,2.3018233544549336e-05,mule_laundering,1
812DA8900,28,5.17250297418921e-05,7.672744514849779e-06,mule_laundering,1
80C90CA80,344,5.17250297418921e-05,1.72421225052804e-08,legit,0
812E9A190,344,5.17250297418921e-05,0.0,legit,0
803962650,50,0.0001034500594837842,5.0275776304484416e-05,mule_laundering,1
80DCDEA20,50,7.758754461283815e-05,0.0004969007284796759,mule_laundering,1
80468FA70,266,0.0001551750892256763,0.00012427413541900433,mule_laundering,1
8046E1B30,54,7.758754461283815e-05,1.5345489029699558e-05,mule_laundering,1
804B56250,345,7.758754461283815e-05,0.0,mule_laundering,1
804CC11C0,345,7.758754461283815e-05,0.0,mule_laundering,1
804A30000,346,0.0001034500594837842,0.0,mule_laundering,1
804DF3960,346,7.758754461283815e-05,0.0,legit,1
80586EA00,347,7.758754461283815e-05,5.17263675158412e-08,mule_laundering,0
80586EAF0,347,5.17250297418921e-05,1.72421225052804e-08,mule_laundering,0
80642E850,60,7.758754461283815e-05,1.5345489029699558e-05,legit,1
806B12730,60,0.00012931257435473025,0.00038630866200122893,mule_laundering,1
80AD0D760,12,0.0001034500594837842,2.7357993673783155e-05,mule_laundering,1
80AD960E0,12,0.0001551750892256763,0.00023941483567394798,mule_laundering,1
80B701210,12,5.17250297418921e-05,7.672744514849779e-06,mule_laundering,1
80CC1CC60,36,7.758754461283815e-05,3.0690978059399115e-05,mule_laundering,1
80EA68BF0,99,7.758754461283815e-05,1.5345489029699558e-05,mule_laundering,1
810847870,70,0.0001034500594837842,3.8363722574248894e-05,mule_laundering,1
8109AB580,70,5.17250297418921e-05,7.672744514849779e-06,mule_laundering,1
8011D4F20,348,7.758754461283815e-05,0.0,mule_laundering,1
811A9BD00,348,0.00012931257435473025,0.0,mule_laundering,1
80FBCC760,348,0.0001551750892256763,0.0,mule_laundering,1
80A709C90,348,0.0001034500594837842,0.0,mule_laundering,1
80CA77970,348,7.758754461283815e-05,0.0,mule_laundering,1
80E11E6A0,348,7.758754461283815e-05,0.0,mule_laundering,1
8035765E0,348,7.758754461283815e-05,0.0,mule_laundering,1
80F2C2FA0,349,5.17250297418921e-05,0.0,mule_laundering,0
8095F9B40,349,7.758754461283815e-05,0.0,mule_laundering,0
80294A860,2,5.17250297418921e-05,7.672744514849779e-06,legit,1
80197A760,350,5.17250297418921e-05,0.0,legit,0
8038312A0,350,7.758754461283815e-05,0.0,legit,0
8061702B0,2,5.17250297418921e-05,7.672744514849779e-06,mule_laundering,1
80734D8C0,2,7.758754461283815e-05,0.00021430234061813015,mule_laundering,1
804EC1A90,351,5.17250297418921e-05,0.0,legit,0
807D89020,351,7.758754461283815e-05,0.0,legit,0
809339760,2,7.758754461283815e-05,1.5345489029699558e-05,mule_laundering,1
80AAF38C0,2,5.17250297418921e-05,7.672744514849779e-06,legit,1
80B4457A0,123,7.758754461283815e-05,1.5321218930642757e-05,mule_laundering,1
80C4C3090,2,7.758754461283815e-05,2.3018233544549336e-05,mule_laundering,1
8111960B0,2,7.758754461283815e-05,1.5345489029699558e-05,legit,1
8112167F0,2,5.17250297418921e-05,7.672744514849779e-06,mule_laundering,1
81195E220,2,7.758754461283815e-05,3.0690978059399115e-05,legit,1
811A6A9B0,352,0.0001034500594837842,0.00038236130867709816,mule_laundering,1
81312E570,2,7.758754461283815e-05,2.3018233544549336e-05,mule_laundering,1
80026DD70,104,0.0001551750892256763,0.000254063575022902,mule_laundering,1
800325390,0,7.758754461283815e-05,0.0026824795195883088,mule_laundering,1
8007EF950,168,0.00018103760409662236,0.00039898271477218847,mule_laundering,1
800B960B0,28,5.17250297418921e-05,7.672744514849779e-06,legit,1
801B80F10,353,5.17250297418921e-05,0.0,mule_laundering,0
801BC4DA0,353,5.17250297418921e-05,0.0,mule_laundering,0
802205440,28,5.17250297418921e-05,7.672744514849779e-06,legit,1
802725040,28,7.758754461283815e-05,3.0690978059399115e-05,mule_laundering,1
802D09EE0,28,7.758754461283815e-05,7.672744514849779e-06,mule_laundering,1
804970980,28,7.758754461283815e-05,1.5345489029699558e-05,mule_laundering,1
805497E10,28,7.758754461283815e-05,1.5345489029699558e-05,mule_laundering,1
808147AE0,28,7.758754461283815e-05,1.5345489029699558e-05,legit,1
80BB32290,28,0.0001034500594837842,3.8363722574248894e-05,mule_laundering,1
8106C0920,28,7.758754461283815e-05,0.00021430234061812996,legit,1
811639660,28,7.758754461283815e-05,0.00021430234061812996,mule_laundering,1
81276D010,28,5.17250297418921e-05,7.672744514849779e-06,legit,1
813181DE0,28,7.758754461283815e-05,1.5345489029699558e-05,legit,1
8007C82A0,50,0.0001034500594837842,0.0014232735770246532,mule_laundering,1
802F673D0,354,0.0001034500594837842,0.0,mule_laundering,0
802F67420,354,5.17250297418921e-05,0.0,mule_laundering,0
805886A80,3,7.758754461283815e-05,0.0020265797747758595,mule_laundering,1
80621A290,60,7.758754461283815e-05,3.0690978059399115e-05,mule_laundering,1
80838BB00,61,5.17250297418921e-05,7.672744514849779e-06,legit,1
81204C270,61,5.17250297418921e-05,7.672744514849779e-06,mule_laundering,1
80B715490,355,5.17250297418921e-05,0.0,mule_laundering,0
80B715D30,355,7.758754461283815e-05,0.0,mule_laundering,0
80C8FD680,36,5.17250297418921e-05,0.00020664683822578566,mule_laundering,1
80F5197D0,99,7.758754461283815e-05,1.5345489029699558e-05,mule_laundering,1
810CFF0B0,70,0.0001034500594837842,0.000244855381697487,mule_laundering,1
8118741C0,70,5.17250297418921e-05,7.672744514849779e-06,legit,1
8144380C1,75,0.0001034500594837842,2.844950213371266e-06,legit,1
8005F0950,2,7.758754461283815e-05,7.672744514849779e-06,mule_laundering,1
801646F40,2,5.17250297418921e-05,0.00020664683822578563,mule_laundering,1
80019AA00,356,5.17250297418921e-05,0.0,legit,0
801D49B70,356,0.00012931257435473025,0.0,mule_laundering,0
802134DE0,2,5.17250297418921e-05,7.672744514849779e-06,mule_laundering,1
8028921C0,357,5.17250297418921e-05,0.0,mule_laundering,0
8028923F0,357,5.17250297418921e-05,1.72421225052804e-08,mule_laundering,0
8038DE530,4,0.0001034500594837842,0.00036099299768778517,mule_laundering,1
8042948D0,2,0.0001034500594837842,2.3018233544549336e-05,mule_laundering,1
805007420,247,0.0001034500594837842,6.138195611879823e-05,mule_laundering,1
80606A5D0,3,0.00012931257435473025,0.0026825548051795348,mule_laundering,1
80662DE10,11,0.0001034500594837842,1.6549872290386366e-05,mule_laundering,1
807280360,11,7.758754461283815e-05,1.75995518089654e-05,mule_laundering,1
8081AFAE0,358,0.00012931257435473025,8.440018966334756e-05,mule_laundering,1
80AF351E0,359,5.17250297418921e-05,0.0,mule_laundering,0
80AF35230,359,5.17250297418921e-05,0.0,mule_laundering,0
80D715D20,2,7.758754461283815e-05,3.0690978059399115e-05,mule_laundering,1
800D1B3E0,360,5.17250297418921e-05,0.0,legit,1
80DDDBAC0,360,0.00012931257435473025,0.0,mule_laundering,1
810AE3DB0,2,5.17250297418921e-05,7.672744514849779e-06,mule_laundering,1
810AE3EA0,2,0.0001034500594837842,3.0690978059399115e-05,mule_laundering,1
8001B9E90,28,0.00012931257435473025,2.3018233544549336e-05,mule_laundering,1
800063D30,103,0.00023276263383851444,0.0005879294798694054,mule_laundering,1
8001BC960,28,0.0001034500594837842,2.5562476625181184e-05,mule_laundering,1
80026F8F0,104,0.0001034500594837842,0.00022692067783464202,mule_laundering,1
8009E05E0,104,7.758754461283815e-05,1.5345489029699558e-05,legit,1
8025EE710,28,5.17250297418921e-05,7.672744514849779e-06,mule_laundering,1
8042E6710,266,0.00012931257435473025,0.0005905596212019248,mule_laundering,1
8043EB7E0,266,5.17250297418921e-05,7.672744514849779e-06,legit,1
8067FB4D0,104,7.758754461283815e-05,0.00011160639023853211,mule_laundering,1
809F9CF50,28,7.758754461283815e-05,1.5345489029699558e-05,mule_laundering,1
80BF4BE70,33,0.0001034500594837842,5.2272686531059646e-05,legit,1
80B4917B0,28,7.758754461283815e-05,1.5345489029699558e-05,mule_laundering,1
80D955CA0,28,5.17250297418921e-05,7.672744514849779e-06,legit,1
80DE46550,28,7.758754461283815e-05,2.3018233544549336e-05,mule_laundering,1
810BE0380,6,0.0001551750892256763,0.0001245012443387117,mule_laundering,1
8046E9DD0,54,5.17250297418921e-05,7.672744514849779e-06,legit,1
803E648A0,361,5.17250297418921e-05,0.0,legit,0
807E45E80,361,7.758754461283815e-05,0.0,legit,0
80C4E68B0,54,5.17250297418921e-05,7.672744514849779e-06,legit,1
805D12290,3,0.00012931257435473025,6.9054700633648e-05,mule_laundering,1
8060C84E0,60,5.17250297418921e-05,7.672744514849779e-06,mule_laundering,1
806AAF370,60,5.17250297418921e-05,7.672744514849779e-06,legit,1
808D836C0,61,5.17250297418921e-05,7.672744514849779e-06,mule_laundering,1
8092D3120,42,7.758754461283815e-05,2.3018233544549336e-05,mule_laundering,1
80A8A0180,12,5.17250297418921e-05,7.672744514849779e-06,legit,1
80AAFCD30,12,7.758754461283815e-05,2.3018233544549336e-05,legit,1
80CBEBC20,36,7.758754461283815e-05,1.5345489029699558e-05,legit,1
80F1706E0,99,5.17250297418921e-05,7.672744514849779e-06,legit,1
80F8EC7E0,99,5.17250297418921e-05,7.672744514849779e-06,legit,1
81006C920,157,7.758754461283815e-05,0.0,mule_laundering,0
810A7F1F0,362,7.758754461283815e-05,0.0,legit,0
810CF5870,362,0.0001551750892256763,0.0,legit,0
811296A00,70,5.17250297418921e-05,7.672744514849779e-06,mule_laundering,1
8066C49A0,363,5.17250297418921e-05,0.0,mule_laundering,0
804AEF9C0,363,5.17250297418921e-05,0.0,mule_laundering,0
80BBEB320,364,0.0001034500594837842,0.0,mule_laundering,1
80C3342B0,364,7.758754461283815e-05,0.0,mule_laundering,1
8042509A0,365,5.17250297418921e-05,0.0,mule_laundering,0
809627A80,365,5.17250297418921e-05,0.0,mule_laundering,0
800FB1BD0,366,5.17250297418921e-05,0.0,mule_laundering,0
801A53C00,366,5.17250297418921e-05,0.0,mule_laundering,0
801BB70D0,367,7.758754461283815e-05,3.44842450105608e-08,mule_laundering,0
80C90BBB0,367,7.758754461283815e-05,0.0,mule_laundering,0
8006619C0,368,5.17250297418921e-05,0.0,mule_laundering,0
805652E00,368,5.17250297418921e-05,0.0,mule_laundering,0
80E870260,369,0.00012931257435473025,0.0,mule_laundering,0
80705A0E0,369,5.17250297418921e-05,0.0,mule_laundering,0
80AAA1FE0,104,5.17250297418921e-05,7.672744514849779e-06,mule_laundering,1
80685EE50,370,5.17250297418921e-05,0.0,mule_laundering,0
80A440100,370,5.17250297418921e-05,0.0,mule_laundering,0
80992E270,371,0.0001034500594837842,3.0690978059399115e-05,mule_laundering,1
806E9FF40,371,5.17250297418921e-05,7.672744514849779e-06,mule_laundering,1
805593540,372,0.0001034500594837842,0.0,mule_laundering,0
802DABCA0,372,5.17250297418921e-05,0.0,mule_laundering,0
80562E620,373,0.0001551750892256763,0.0,mule_laundering,0
803DBA190,373,5.17250297418921e-05,0.0,mule_laundering,0
80D4B5530,374,5.17250297418921e-05,0.0,mule_laundering,0
801FA10A0,374,7.758754461283815e-05,0.0,mule_laundering,0
802CDC780,375,0.0001034500594837842,0.0,mule_laundering,0
8072203B0,375,5.17250297418921e-05,0.0,mule_laundering,0
812A86AA0,71,5.17250297418921e-05,7.660609465321379e-06,legit,1
813C6A341,75,5.17250297418921e-05,1.2069485753696282e-07,legit,1
813D5C9F1,376,5.17250297418921e-05,0.0,mule_laundering,0
813D5CE41,376,5.17250297418921e-05,0.0,mule_laundering,0
802555EE0,52,0.0001551750892256763,0.00021856182651430953,mule_laundering,1
803E41E60,2,7.758754461283815e-05,1.5345489029699558e-05,legit,1
802ED2B00,2,5.17250297418921e-05,7.672744514849779e-06,legit,1
807F52D30,2,5.17250297418921e-05,7.672744514849779e-06,legit,1
8089B1C60,2,5.17250297418921e-05,7.672744514849779e-06,mule_laundering,1
809F5BDC0,191,0.0001034500594837842,2.807403564707844e-05,mule_laundering,1
80C148FA0,2,5.17250297418921e-05,7.672744514849779e-06,legit,1
80DCAC300,2,5.17250297418921e-05,7.672744514849779e-06,mule_laundering,1
80DEA07C0,2,7.758754461283815e-05,1.5345489029699558e-05,legit,1
8104722C0,2,7.758754461283815e-05,2.3018233544549336e-05,mule_laundering,1
81105B8E0,2,5.17250297418921e-05,7.672744514849779e-06,legit,1
806745FE0,377,0.0001034500594837842,0.0,legit,0
812C3C0E0,377,5.17250297418921e-05,0.0,legit,0
8144BD5F0,2,5.17250297418921e-05,7.672744514849779e-06,mule_laundering,1
800065110,104,7.758754461283815e-05,1.4483444483444488e-05,mule_laundering,1
8000EF670,104,0.0001034500594837842,2.288179498705814e-05,mule_laundering,1
80029BA40,28,7.758754461283815e-05,5.4160363054284156e-05,mule_laundering,1
8002AE470,31,0.00012931257435473025,0.0007631670952604894,mule_laundering,1
802DC6490,28,5.17250297418921e-05,7.672744514849779e-06,legit,1
804338360,28,7.758754461283815e-05,1.5345489029699558e-05,legit,1
80513B600,28,7.758754461283815e-05,1.5345489029699558e-05,legit,1
80A669990,378,7.758754461283815e-05,0.0,mule_laundering,0
80A6699E0,378,5.17250297418921e-05,0.0,mule_laundering,0
80B5FC150,28,5.17250297418921e-05,7.672744514849779e-06,mule_laundering,1
811DCCC80,28,7.758754461283815e-05,0.00021430234061812996,legit,1
812BB3BF0,28,5.17250297418921e-05,7.660609465321379e-06,legit,1
813FDB660,28,7.758754461283815e-05,1.5345489029699558e-05,mule_laundering,1
8038C2530,50,5.17250297418921e-05,7.660609465321379e-06,legit,1
803F24E10,54,5.17250297418921e-05,7.672744514849779e-06,legit,1
80EE68F00,54,5.17250297418921e-05,7.672744514849779e-06,mule_laundering,1
806EC3B70,60,0.0001034500594837842,2.3018233544549336e-05,legit,1
80BD406C0,36,7.758754461283815e-05,4.603646708909867e-05,legit,1
80F19EDC0,99,5.17250297418921e-05,7.672744514849779e-06,legit,1
80F97E690,99,5.17250297418921e-05,7.672744514849779e-06,legit,1
8101B6270,70,5.17250297418921e-05,7.672744514849779e-06,legit,1
81055F540,70,7.758754461283815e-05,1.5345489029699558e-05,legit,1
81241DFC0,71,5.17250297418921e-05,7.672744514849779e-06,legit,1
8148DAC41,75,7.758754461283815e-05,2.4138971507392564e-07,mule_laundering,1
801D4B2C0,2,7.758754461283815e-05,1.5345489029699558e-05,legit,1
801D58FE0,2,5.17250297418921e-05,7.672744514849779e-06,legit,1
801E86180,2,7.758754461283815e-05,1.5345489029699558e-05,mule_laundering,1
803F0F700,2,7.758754461283815e-05,1.5345489029699558e-05,mule_laundering,1
8055C7800,2,5.17250297418921e-05,7.672744514849779e-06,legit,1
8068929F0,379,5.17250297418921e-05,1.72421225052804e-08,mule_laundering,0
806892950,379,7.758754461283815e-05,5.17263675158412e-08,mule_laundering,0
802B9AA30,12,5.17250297418921e-05,7.672744514849779e-06,legit,1
81384AC30,2,7.758754461283815e-05,2.3018233544549336e-05,mule_laundering,1
8138C3670,2,7.758754461283815e-05,0.00021430234061813015,mule_laundering,1
814264150,2,5.17250297418921e-05,7.672744514849779e-06,legit,1
801FA5940,28,0.0001034500594837842,2.2981828395964136e-05,legit,1
80B244270,2,5.17250297418921e-05,7.672744514849779e-06,mule_laundering,1
80B244310,2,0.0001034500594837842,3.0642437861285514e-05,mule_laundering,1
80CA7D4A0,28,7.758754461283815e-05,1.5345489029699558e-05,mule_laundering,1
812619420,28,0.0001034500594837842,2.3018233544549336e-05,mule_laundering,1
812C1D5C0,28,7.758754461283815e-05,1.5345489029699558e-05,legit,1
80412B0E0,50,5.17250297418921e-05,7.672744514849779e-06,mule_laundering,1
80EF7FB10,50,5.17250297418921e-05,7.672744514849779e-06,mule_laundering,1
803AEF630,54,5.17250297418921e-05,7.672744514849779e-06,legit,1
804A18C00,100,5.17250297418921e-05,7.672744514849779e-06,legit,1
804BAFE40,100,0.0001034500594837842,3.0690978059399115e-05,mule_laundering,1
804B84160,380,5.17250297418921e-05,0.0,legit,0
81223DDE0,380,5.17250297418921e-05,0.0,legit,0
8071A8FF0,60,0.00012931257435473025,2.3018233544549336e-05,mule_laundering,1
807EF78D0,7,0.00043966275280608283,0.0013575133413607106,mule_laundering,1
80839BE90,7,5.17250297418921e-05,7.672744514849779e-06,legit,1
8084F2630,61,5.17250297418921e-05,7.672744514849779e-06,mule_laundering,1
8087D80F0,61,0.00012931257435473025,6.138195611879823e-05,mule_laundering,1
808D87340,61,7.758754461283815e-05,1.5345489029699558e-05,legit,1
80F588760,99,5.17250297418921e-05,7.672744514849779e-06,legit,1
8105355F0,268,7.758754461283815e-05,0.0,mule_laundering,1
813D9D2A1,75,7.758754461283815e-05,2.4138971507392564e-07,legit,1
80005B110,104,7.758754461283815e-05,0.0005273158325789905,mule_laundering,1
8001325C0,33,7.758754461283815e-05,9.627307026932576e-06,mule_laundering,1
800C533E0,381,5.17250297418921e-05,0.0,mule_laundering,0
800C53870,381,5.17250297418921e-05,0.0,mule_laundering,0
802BA8490,2,0.0001551750892256763,3.8363722574248894e-05,legit,1
802CCCFB0,2,5.17250297418921e-05,7.672744514849779e-06,mule_laundering,1
8059AE1B0,2,7.758754461283815e-05,1.5345489029699558e-05,legit,1
806002EC0,2,5.17250297418921e-05,7.672744514849779e-06,mule_laundering,1
806689690,2,7.758754461283815e-05,1.5345489029699558e-05,legit,1
80749D600,2,7.758754461283815e-05,1.5345489029699558e-05,legit,1
807A03CC0,2,0.0001034500594837842,2.3018233544549336e-05,mule_laundering,1
800A79350,248,7.758754461283815e-05,3.8363722574248894e-05,mule_laundering,1
80A265870,248,7.758754461283815e-05,2.3018233544549336e-05,mule_laundering,1
80B4B1EA0,2,5.17250297418921e-05,7.672744514849779e-06,legit,1
80DDCA6A0,41,0.0001034500594837842,0.0005042656714673535,mule_laundering,1
810EA1770,382,7.758754461283815e-05,5.17263675158412e-08,mule_laundering,0
810EA1860,382,5.17250297418921e-05,1.72421225052804e-08,mule_laundering,0
80ED28100,193,7.758754461283815e-05,1.4717588401798932e-05,legit,1
81121FAB0,52,0.00046552526767702887,0.001735925585957075,mule_laundering,1
80026F7B0,104,7.758754461283815e-05,0.00020783116677853522,mule_laundering,1
800A07FA0,28,0.00012931257435473025,4.603646708909867e-05,mule_laundering,1
800AE8060,28,0.0001034500594837842,3.0690978059399115e-05,mule_laundering,1
800283390,28,0.0001034500594837842,8.61734620424035e-05,mule_laundering,1
802A262D0,28,7.758754461283815e-05,1.5345489029699558e-05,legit,1
802DEDF50,28,5.17250297418921e-05,7.672744514849779e-06,mule_laundering,1
8063F98E0,383,7.758754461283815e-05,0.0,mule_laundering,0
8063FF500,383,5.17250297418921e-05,0.0,mule_laundering,0
808EBC440,273,7.758754461283815e-05,0.0,mule_laundering,1
80942BB70,384,5.17250297418921e-05,0.0,mule_laundering,0
80942C330,384,5.17250297418921e-05,0.0,mule_laundering,0
80ABEC2B0,28,5.17250297418921e-05,7.660609465321379e-06,mule_laundering,1
80B95E7F0,28,7.758754461283815e-05,0.000443674296305875,legit,1
80B99C600,28,7.758754461283815e-05,1.5345489029699558e-05,mule_laundering,1
80BA45CB0,28,5.17250297418921e-05,7.660609465321379e-06,legit,1
800061190,33,0.0001551750892256763,6.295473485842778e-05,mule_laundering,1
80DE851D0,28,7.758754461283815e-05,1.5345489029699558e-05,mule_laundering,1
8077BD6A0,28,5.17250297418921e-05,7.672744514849779e-06,mule_laundering,1
80456BDB0,385,5.17250297418921e-05,0.0,mule_laundering,0
80457CC00,385,5.17250297418921e-05,0.0,mule_laundering,0
80C4165A0,54,5.17250297418921e-05,7.672744514849779e-06,legit,1
80E915CA0,386,5.17250297418921e-05,0.0,legit,0
80E91AFD0,386,5.17250297418921e-05,0.0,legit,0
805049BC0,3,0.0001034500594837842,2.3018233544549336e-05,legit,1
805351F40,3,7.758754461283815e-05,0.0002143023406181301,mule_laundering,1
806DA7A80,60,7.758754461283815e-05,1.5345489029699558e-05,legit,1
8072647C0,60,5.17250297418921e-05,0.0002066468382257856,legit,1
807538A20,60,5.17250297418921e-05,7.672744514849779e-06,mule_laundering,1
8086B3D50,61,5.17250297418921e-05,7.672744514849779e-06,legit,1
809A17220,387,7.758754461283815e-05,2.5863183757920603e-07,mule_laundering,1
809EF8EA0,387,0.0001551750892256763,3.620845726108884e-07,account_takeover,1
80A191B40,12,7.758754461283815e-05,2.3018233544549336e-05,legit,1
80A81BB00,12,5.17250297418921e-05,7.672744514849779e-06,legit,1
80E181EA0,99,5.17250297418921e-05,7.672744514849779e-06,mule_laundering,1
80FFF5A30,388,5.17250297418921e-05,0.0,mule_laundering,0
80FFF5B20,388,5.17250297418921e-05,0.0,mule_laundering,0
81081FEB0,70,7.758754461283815e-05,1.5345489029699558e-05,legit,1
811D5F0A0,71,5.17250297418921e-05,7.672744514849779e-06,legit,1
811F19340,71,5.17250297418921e-05,7.672744514849779e-06,legit,1
81239C380,71,7.758754461283815e-05,2.3018233544549336e-05,mule_laundering,1
813E37CA1,75,5.17250297418921e-05,1.2069485753696282e-07,mule_laundering,1
81454A1C1,75,7.758754461283815e-05,2.741497478339584e-06,mule_laundering,1
8146BAEC1,389,7.758754461283815e-05,0.0,mule_laundering,0
8146BB141,389,5.17250297418921e-05,0.0,mule_laundering,0
8010940E0,247,0.00012931257435473025,0.000266787839490339,mule_laundering,1
8017731B0,2,5.17250297418921e-05,7.672744514849779e-06,mule_laundering,1
80177FC40,2,5.17250297418921e-05,7.672744514849779e-06,legit,1
802891E90,2,5.17250297418921e-05,7.672744514849779e-06,legit,1
8035FEF20,2,5.17250297418921e-05,7.672744514849779e-06,mule_laundering,1
80426E450,2,7.758754461283815e-05,1.5345489029699558e-05,mule_laundering,1
801D1E330,33,0.00012931257435473025,5.370921160394845e-05,mule_laundering,1
804A7C110,33,5.17250297418921e-05,7.672744514849779e-06,legit,1
8057B4DB0,2,7.758754461283815e-05,1.5345489029699558e-05,legit,1
8062670E0,2,5.17250297418921e-05,7.672744514849779e-06,legit,1
807192D30,2,7.758754461283815e-05,1.5345489029699558e-05,mule_laundering,1
807192E20,2,0.00012931257435473025,0.0002449243501875081,mule_laundering,1
8082B9510,2,5.17250297418921e-05,7.672744514849779e-06,legit,1
809C1BB00,2,5.17250297418921e-05,7.672744514849779e-06,mule_laundering,1
80B0A7590,390,7.758754461283815e-05,0.0,mule_laundering,0
80B0A7F90,390,5.17250297418921e-05,0.0,mule_laundering,0
80D140A70,2,5.17250297418921e-05,3.8363722574248894e-05,legit,1
80D456820,4,7.758754461283815e-05,0.00035332025317293526,mule_laundering,1
80D5ED2F0,2,5.17250297418921e-05,7.672744514849779e-06,mule_laundering,1
811A12A90,335,7.758754461283815e-05,7.672744514849779e-05,mule_laundering,1
8146B8330,391,0.0001551750892256763,6.89454851878924e-05,account_takeover,0
8000F00D0,104,7.758754461283815e-05,0.00023721712142764777,mule_laundering,1
801216C90,392,5.17250297418921e-05,0.0,mule_laundering,0
801216E60,392,5.17250297418921e-05,0.0,mule_laundering,0
80189D920,393,5.17250297418921e-05,0.0,mule_laundering,0
80189D9C0,393,7.758754461283815e-05,0.0,mule_laundering,0
80433A870,394,7.758754461283815e-05,0.0,legit,0
804EDDAF0,394,5.17250297418921e-05,0.0,legit,0
8059ECD10,28,7.758754461283815e-05,1.5345489029699558e-05,mule_laundering,1
807BB34C0,395,7.758754461283815e-05,0.0,mule_laundering,1
807BB6AD0,395,5.17250297418921e-05,0.0,legit,1
8086E97A0,28,7.758754461283815e-05,0.00021430234061812996,legit,1
80B512C10,28,0.0001034500594837842,2.3018233544549336e-05,mule_laundering,1
8102F0DA0,28,7.758754461283815e-05,1.5345489029699558e-05,mule_laundering,1
810967150,28,5.17250297418921e-05,7.672744514849779e-06,legit,1
801A8B2F0,52,0.0001034500594837842,2.3026854605801974e-05,mule_laundering,1
811AA84F0,52,5.17250297418921e-05,7.672744514849779e-06,legit,1
813F15110,28,5.17250297418921e-05,7.672744514849779e-06,mule_laundering,1
807E4A970,50,0.0001034500594837842,0.00013424484448407902,mule_laundering,1
80BCD7F60,50,5.17250297418921e-05,7.672744514849779e-06,legit,1
803F54220,54,7.758754461283815e-05,1.5345489029699558e-05,mule_laundering,1
803F9DE90,54,5.17250297418921e-05,7.672744514849779e-06,mule_laundering,1
803FCBD40,54,5.17250297418921e-05,7.672744514849779e-06,mule_laundering,1
80C4325B0,396,5.17250297418921e-05,0.0,mule_laundering,0
80C4326A0,396,5.17250297418921e-05,0.0,mule_laundering,0
804B29560,3,0.0001034500594837842,3.8363722574248894e-05,mule_laundering,1
804F706E0,3,0.0001034500594837842,6.138195611879823e-05,legit,1
8053704E0,397,5.17250297418921e-05,0.0,mule_laundering,0
805370580,397,5.17250297418921e-05,0.0,mule_laundering,0
805F37780,3,0.0001034500594837842,5.370921160394845e-05,mule_laundering,1
806124230,60,5.17250297418921e-05,7.672744514849779e-06,mule_laundering,1
807E6CB10,61,7.758754461283815e-05,2.2981828395964136e-05,mule_laundering,1
80930B680,42,5.17250297418921e-05,7.672744514849779e-06,legit,1
809AB05E0,42,5.17250297418921e-05,7.672744514849779e-06,legit,1
80C1EB8B0,36,0.00012931257435473025,0.00011509116772274667,mule_laundering,1
80C1ED8D0,36,7.758754461283815e-05,4.603646708909867e-05,mule_laundering,1
8000E0CA0,71,0.0001551750892256763,6.9054700633648e-05,mule_laundering,1
812A70E80,398,5.17250297418921e-05,0.0,mule_laundering,0
812A70ED0,398,7.758754461283815e-05,0.0,mule_laundering,0
813EB1931,75,5.17250297418921e-05,1.2069485753696282e-07,legit,1
8005C1970,104,0.0001034500594837842,0.0006811879570512321,mule_laundering,1
800755F90,2,7.758754461283815e-05,1.5345489029699558e-05,legit,1
8000F17D0,399,0.0001034500594837842,0.0,mule_laundering,1
800BB39E0,399,7.758754461283815e-05,0.0,legit,1
801CD6800,2,5.17250297418921e-05,7.672744514849779e-06,legit,1
802565AF0,2,7.758754461283815e-05,1.5345489029699558e-05,mule_laundering,1
804DC5650,2,0.0001034500594837842,2.3018233544549336e-05,mule_laundering,1
805822770,2,5.17250297418921e-05,7.672744514849779e-06,mule_laundering,1
806508110,2,0.0001034500594837842,2.3018233544549336e-05,legit,1
807CB9A90,2,5.17250297418921e-05,7.672744514849779e-06,mule_laundering,1
8086E3BA0,2,0.0001034500594837842,2.3018233544549336e-05,legit,1
808F8AF40,2,5.17250297418921e-05,7.672744514849779e-06,legit,1
80DE37D50,2,5.17250297418921e-05,7.672744514849779e-06,mule_laundering,1
8056D0240,2,7.758754461283815e-05,2.3018233544549336e-05,mule_laundering,1
80DEB2360,2,5.17250297418921e-05,7.672744514849779e-06,legit,1
81359B180,2,7.758754461283815e-05,1.5345489029699558e-05,mule_laundering,1
800E9F790,400,5.17250297418921e-05,0.0,mule_laundering,0
8003541A0,400,5.17250297418921e-05,0.0,mule_laundering,0
801DA76D0,401,7.758754461283815e-05,0.0,mule_laundering,0
80172F250,401,7.758754461283815e-05,0.0,mule_laundering,0
80147E520,402,7.758754461283815e-05,0.0,mule_laundering,1
801F9F230,402,0.0001034500594837842,0.0,mule_laundering,1
8011A5230,403,7.758754461283815e-05,0.0,mule_laundering,0
801E4BEA0,403,7.758754461283815e-05,0.0,mule_laundering,0
8006BF850,37,0.0001034500594837842,0.0005704458710415493,mule_laundering,1
802A79CD0,28,5.17250297418921e-05,7.672744514849779e-06,mule_laundering,1
8031DBC40,28,5.17250297418921e-05,7.672744514849779e-06,legit,1
802098A40,404,7.758754461283815e-05,0.0,legit,0
8062E5980,404,7.758754461283815e-05,0.0,legit,0
8091F4550,28,0.0001034500594837842,2.3018233544549336e-05,mule_laundering,1
80A694A30,28,5.17250297418921e-05,7.672744514849779e-06,legit,1
80AF10E50,28,5.17250297418921e-05,7.672744514849779e-06,mule_laundering,1
800745F10,167,7.758754461283815e-05,2.3018233544549336e-05,mule_laundering,1
80BB8A9B0,167,5.17250297418921e-05,7.672744514849779e-06,legit,1
80DE2D140,28,5.17250297418921e-05,7.672744514849779e-06,mule_laundering,1
81350AAB0,28,5.17250297418921e-05,7.672744514849779e-06,mule_laundering,1
803615430,405,5.17250297418921e-05,0.0,mule_laundering,0
803615C30,405,5.17250297418921e-05,0.0,mule_laundering,0
803980A90,50,7.758754461283815e-05,1.5345489029699558e-05,mule_laundering,1
80BC641D0,50,5.17250297418921e-05,7.672744514849779e-06,legit,1
80EF49640,7,7.758754461283815e-05,0.0006267356314495704,mule_laundering,1
803D8E3A0,54,0.0001034500594837842,3.8363722574248894e-05,mule_laundering,1
806666550,60,5.17250297418921e-05,0.0002066468382257856,mule_laundering,1
8062981C0,193,7.758754461283815e-05,2.6974834102761615e-05,legit,1
807742450,61,0.0001034500594837842,2.3018233544549336e-05,mule_laundering,1
8137D83A0,61,0.00012931257435473025,3.0690978059399115e-05,mule_laundering,1
80A245F30,12,5.17250297418921e-05,7.672744514849779e-06,legit,1
80C932000,36,5.17250297418921e-05,7.672744514849779e-06,legit,1
80CB5ACD0,36,5.17250297418921e-05,7.672744514849779e-06,mule_laundering,1
80D770110,92,0.0001034500594837842,3.0690978059399115e-05,mule_laundering,1
80E18C250,99,5.17250297418921e-05,7.672744514849779e-06,legit,1
80EACB790,99,0.0001034500594837842,2.3018233544549336e-05,legit,1
8113047B0,70,5.17250297418921e-05,7.672744514849779e-06,legit,1
803B24460,36,0.0003362126933222986,0.0005664209664209665,mule_laundering,1
805E7CD20,36,7.758754461283815e-05,1.5345489029699558e-05,mule_laundering,1
807CD6A10,36,5.17250297418921e-05,7.672744514849779e-06,mule_laundering,1
80EACA880,36,5.17250297418921e-05,7.672744514849779e-06,mule_laundering,1
80EEAAE70,36,0.00012931257435473025,3.0690978059399115e-05,mule_laundering,1
80BEC50F0,36,7.758754461283815e-05,0.0005809388335704126,mule_laundering,1
80EB88FD0,36,7.758754461283815e-05,1.5345489029699558e-05,mule_laundering,1
80BC53290,36,7.758754461283815e-05,1.5321218930642757e-05,mule_laundering,1
803322B20,36,5.17250297418921e-05,7.672744514849779e-06,mule_laundering,1
8052C3ED0,36,0.0001034500594837842,0.00012276391223759646,mule_laundering,1
80CB24CD0,36,7.758754461283815e-05,3.8363722574248894e-05,mule_laundering,1
800320950,36,5.17250297418921e-05,7.672744514849779e-06,mule_laundering,1
806D34860,36,5.17250297418921e-05,7.672744514849779e-06,mule_laundering,1
8136C4E81,406,7.758754461283815e-05,5.176087476568499e-08,mule_laundering,0
8136C50A1,406,5.17250297418921e-05,3.44842450105608e-08,mule_laundering,0
800265A20,2,5.17250297418921e-05,7.672744514849779e-06,mule_laundering,1
800EECA70,2,0.0001034500594837842,2.3018233544549336e-05,legit,1
80136E510,2,7.758754461283815e-05,1.5345489029699558e-05,mule_laundering,1
801614720,2,7.758754461283815e-05,1.5345489029699558e-05,legit,1
8017A8190,2,7.758754461283815e-05,1.5345489029699558e-05,legit,1
803C5D640,2,0.0001034500594837842,0.00022195784301047464,legit,1
80407A190,2,5.17250297418921e-05,7.672744514849779e-06,mule_laundering,1
80508DC10,2,5.17250297418921e-05,7.672744514849779e-06,legit,1
8051DF960,2,5.17250297418921e-05,7.672744514849779e-06,legit,1
80A83ACC0,407,5.17250297418921e-05,1.72421225052804e-08,legit,0
80A825E50,407,0.0001034500594837842,6.89684900211216e-08,mule_laundering,0
80A825740,407,5.17250297418921e-05,0.0,mule_laundering,0
80AF7B1B0,2,5.17250297418921e-05,0.00020664683822578563,legit,1
812605260,2,7.758754461283815e-05,1.5345489029699558e-05,mule_laundering,1
800A3C640,19,5.17250297418921e-05,7.672744514849779e-06,mule_laundering,1
801EE9E40,19,5.17250297418921e-05,7.672744514849779e-06,mule_laundering,1
80026C1D0,19,0.0001034500594837842,0.00022959610328031384,mule_laundering,1
8018FD630,19,7.758754461283815e-05,1.5345489029699558e-05,mule_laundering,1
8005A1B80,19,7.758754461283815e-05,1.5345489029699558e-05,mule_laundering,1
80268F1D0,19,7.758754461283815e-05,2.3018233544549336e-05,mule_laundering,1
8000440E0,33,7.758754461283815e-05,8.220756641809274e-06,mule_laundering,1
8000EFAF0,104,0.0001034500594837842,0.0002232669716880243,mule_laundering,1
800FCE480,104,5.17250297418921e-05,0.00020664683822578563,legit,1
80233B5D0,28,7.758754461283815e-05,1.5345489029699558e-05,mule_laundering,1
8028B7A40,28,5.17250297418921e-05,7.672744514849779e-06,legit,1
801EE80A0,272,5.17250297418921e-05,7.672744514849779e-06,legit,1
802A17140,272,0.00012931257435473025,0.00029124321861163954,mule_laundering,1
802E490D0,28,7.758754461283815e-05,3.0690978059399115e-05,mule_laundering,1
80080EF30,37,7.758754461283815e-05,2.3018233544549336e-05,mule_laundering,1
802EB1BF0,37,5.17250297418921e-05,7.672744514849779e-06,legit,1
80C25FE70,28,7.758754461283815e-05,1.5345489029699558e-05,legit,1
80DEC81F0,28,7.758754461283815e-05,0.00021430234061812996,mule_laundering,1
812338ED0,28,5.17250297418921e-05,7.672744514849779e-06,mule_laundering,1
812A0F030,408,5.17250297418921e-05,0.0,mule_laundering,0
812A0F080,408,5.17250297418921e-05,0.0,mule_laundering,0
8142158A0,28,0.00012931257435473025,3.8363722574248894e-05,legit,1
8007C94D0,50,5.17250297418921e-05,7.672744514849779e-06,legit,1
802FCD190,50,7.758754461283815e-05,1.5345489029699558e-05,mule_laundering,1
804CEF010,3,5.17250297418921e-05,7.672744514849779e-06,legit,1
804FD12B0,3,0.0001034500594837842,2.3018233544549336e-05,mule_laundering,1
8054E6360,3,7.758754461283815e-05,1.5321218930642757e-05,mule_laundering,1
80B0DB1D0,409,7.758754461283815e-05,0.0,mule_laundering,0
80B0DBA00,409,0.0001034500594837842,0.0,mule_laundering,0
80B7B8090,36,0.00012931257435473025,2.3018233544549336e-05,mule_laundering,1
80CA433B0,36,5.17250297418921e-05,7.672744514849779e-06,mule_laundering,1
812D0E910,410,5.17250297418921e-05,0.0,mule_laundering,0
812D10690,410,5.17250297418921e-05,0.0,mule_laundering,0
8147668E1,75,5.17250297418921e-05,1.2069485753696282e-07,mule_laundering,1
800EEA500,2,7.758754461283815e-05,1.5345489029699558e-05,mule_laundering,1
805414740,2,7.758754461283815e-05,2.3018233544549336e-05,mule_laundering,1
805B6EB10,2,5.17250297418921e-05,7.672744514849779e-06,mule_laundering,1
80243BA80,2,7.758754461283815e-05,1.5345489029699558e-05,legit,1
80C0F9280,2,5.17250297418921e-05,7.672744514849779e-06,mule_laundering,1
80D066C20,2,0.00012931257435473025,3.0690978059399115e-05,mule_laundering,1
8127CDE90,2,5.17250297418921e-05,7.672744514849779e-06,legit,1
8134FEBC0,2,5.17250297418921e-05,7.672744514849779e-06,mule_laundering,1
801421C40,33,7.758754461283815e-05,0.0006923995974403185,legit,1
801812250,28,0.0001034500594837842,0.0007217365769125674,mule_laundering,1
801D3CE50,28,7.758754461283815e-05,1.5345489029699558e-05,legit,1
80282B1F0,411,7.758754461283815e-05,3.450724984378999e-08,legit,0
80282B970,411,5.17250297418921e-05,6.89684900211216e-08,legit,0
802D0FB40,155,7.758754461283815e-05,0.00012660028449502133,mule_laundering,1
802E43E50,28,5.17250297418921e-05,7.672744514849779e-06,legit,1
807F266B0,28,5.17250297418921e-05,7.672744514849779e-06,mule_laundering,1
808492BD0,28,0.00012931257435473025,3.0690978059399115e-05,mule_laundering,1
80A398430,28,5.17250297418921e-05,7.672744514849779e-06,legit,1
810D07D20,7,7.758754461283815e-05,0.0019069492575294873,mule_laundering,1
811B00EB0,28,5.17250297418921e-05,7.672744514849779e-06,legit,1
80E90AB60,412,5.17250297418921e-05,0.0,mule_laundering,0
80E90B630,412,0.00012931257435473025,0.0,mule_laundering,0
804F91650,3,5.17250297418921e-05,7.672744514849779e-06,mule_laundering,1
8059186D0,3,0.0001034500594837842,2.3018233544549336e-05,mule_laundering,1
8064C8820,60,7.758754461283815e-05,0.00016405879563774302,legit,1
807125310,60,5.17250297418921e-05,7.672744514849779e-06,mule_laundering,1
8071DEC20,12,0.0001034500594837842,7.764740817372397e-05,legit,1
80842F7E0,61,5.17250297418921e-05,7.672744514849779e-06,legit,1
808C74EA0,61,7.758754461283815e-05,5.370921160394845e-05,mule_laundering,1
8092D3F90,42,5.17250297418921e-05,7.672744514849779e-06,mule_laundering,1
8092DA730,42,5.17250297418921e-05,7.672744514849779e-06,mule_laundering,1
80DA29780,92,0.0001034500594837842,3.0690978059399115e-05,mule_laundering,1
80F167B00,99,5.17250297418921e-05,7.672744514849779e-06,mule_laundering,1
80F8EE580,99,5.17250297418921e-05,7.672744514849779e-06,mule_laundering,1
80FCE7040,99,5.17250297418921e-05,7.672744514849779e-06,legit,1
80082C310,413,5.17250297418921e-05,1.72421225052804e-08,mule_laundering,0
80082C360,413,7.758754461283815e-05,1.2069485753696282e-07,mule_laundering,0
800A356F0,2,5.17250297418921e-05,7.672744514849779e-06,legit,1
800EA0580,2,7.758754461283815e-05,2.3018233544549336e-05,mule_laundering,1
8019409A0,371,7.758754461283815e-05,6.138195611879823e-05,mule_laundering,1
802CDD790,2,5.17250297418921e-05,7.672744514849779e-06,mule_laundering,1
8032FADC0,414,0.0001034500594837842,0.0007788525367472737,mule_laundering,1
804E33730,2,7.758754461283815e-05,1.5345489029699558e-05,mule_laundering,1
800116420,41,0.0001034500594837842,4.659688645334578e-05,mule_laundering,1
805A91C10,41,0.0003103501784513526,0.0002377089417759274,mule_laundering,1
8075AB220,2,0.0001034500594837842,2.3018233544549336e-05,mule_laundering,1
809A2CB60,2,7.758754461283815e-05,1.5345489029699558e-05,legit,1
80A84DCF0,2,7.758754461283815e-05,1.5345489029699558e-05,legit,1
80B3ABFB0,2,7.758754461283815e-05,1.5345489029699558e-05,mule_laundering,1
80CD4B9E0,2,7.758754461283815e-05,3.0690978059399115e-05,mule_laundering,1
80CEA5B30,415,7.758754461283815e-05,0.0,legit,0
80CEA5370,415,0.0001034500594837842,0.0,legit,0
80CEA1FE0,415,5.17250297418921e-05,0.0,legit,0
80F95E430,125,5.17250297418921e-05,0.0,legit,1
8111CA8F0,2,7.758754461283815e-05,1.5345489029699558e-05,legit,1
812945B70,2,0.0001034500594837842,2.3018233544549336e-05,legit,1
813070A00,2,0.0001034500594837842,2.3018233544549336e-05,legit,1
8133C7FE0,2,5.17250297418921e-05,7.672744514849779e-06,mule_laundering,1
813E4E9B0,2,5.17250297418921e-05,7.672744514849779e-06,mule_laundering,1
8001B12D0,33,7.758754461283815e-05,1.5887730481031917e-05,mule_laundering,1
8009636A0,31,0.0001034500594837842,8.550655919076972e-06,mule_laundering,1
8001B8810,33,0.0001551750892256763,0.0008009136604998358,mule_laundering,1
80154DDB0,416,5.17250297418921e-05,0.0,mule_laundering,0
80154DD60,416,7.758754461283815e-05,0.0,mule_laundering,0
801CD40C0,28,7.758754461283815e-05,1.5345489029699558e-05,mule_laundering,1
801DAC980,28,7.758754461283815e-05,1.5345489029699558e-05,mule_laundering,1
801E30F10,176,0.00012931257435473025,9.207293417819735e-05,mule_laundering,1
8023E8C30,176,0.0001551750892256763,0.000138109401267296,mule_laundering,1
8028A6300,28,7.758754461283815e-05,1.5345489029699558e-05,mule_laundering,1
8041F8CF0,28,5.17250297418921e-05,7.672744514849779e-06,legit,1
8068D7D10,417,5.17250297418921e-05,0.0,mule_laundering,0
8068D82F0,417,5.17250297418921e-05,0.0,mule_laundering,0
8083236A0,28,5.17250297418921e-05,7.672744514849779e-06,mule_laundering,1
80947B610,28,7.758754461283815e-05,1.5345489029699558e-05,legit,1
80A8EE060,418,5.17250297418921e-05,0.0,legit,0
81028C3D0,418,5.17250297418921e-05,1.72421225052804e-08,legit,0
8047E54E0,50,0.0001034500594837842,5.370921160394845e-05,legit,1
8045A70E0,19,0.0001034500594837842,0.0007275324442497029,mule_laundering,1
804622AD0,19,7.758754461283815e-05,8.93336914389546e-05,mule_laundering,1
80523DE60,54,7.758754461283815e-05,0.001379055471142838,mule_laundering,1
8060B3D60,60,7.758754461283815e-05,2.3018233544549336e-05,mule_laundering,1
80646F620,419,5.17250297418921e-05,0.0,mule_laundering,0
80646F670,419,0.0001034500594837842,0.0,mule_laundering,0
806B15480,60,0.00012931257435473025,0.00026789085736454157,account_takeover,1
813861620,61,7.758754461283815e-05,1.5345489029699558e-05,legit,1
80F03BBA0,99,7.758754461283815e-05,1.5321218930642757e-05,legit,1
80F39BAE0,99,7.758754461283815e-05,1.5345489029699558e-05,legit,1
80FCF2BE0,99,5.17250297418921e-05,7.672744514849779e-06,legit,1
8107E38C0,70,5.17250297418921e-05,7.672744514849779e-06,legit,1
810A7D1E0,70,5.17250297418921e-05,7.672744514849779e-06,legit,1
810A88910,70,0.0001034500594837842,2.3018233544549336e-05,mule_laundering,1
811432390,70,7.758754461283815e-05,1.5345489029699558e-05,legit,1
811B88600,71,0.0001551750892256763,2.5700096512473233e-05,mule_laundering,1
811B8E650,0,5.17250297418921e-05,7.672744514849779e-06,legit,1
811BCBB70,0,7.758754461283815e-05,0.0002219578430104746,mule_laundering,1
812858B80,71,7.758754461283815e-05,1.5345489029699558e-05,mule_laundering,1
8000F2A20,41,7.758754461283815e-05,1.8302007980313996e-05,mule_laundering,1
801C31E90,2,7.758754461283815e-05,1.5345489029699558e-05,mule_laundering,1
801C4C510,2,5.17250297418921e-05,7.672744514849779e-06,legit,1
802E7B570,2,5.17250297418921e-05,7.672744514849779e-06,legit,1
803451D20,2,7.758754461283815e-05,1.5345489029699558e-05,legit,1
8064FE470,2,5.17250297418921e-05,7.672744514849779e-06,legit,1
80920BED0,2,5.17250297418921e-05,7.672744514849779e-06,legit,1
809F49CD0,2,7.758754461283815e-05,1.5345489029699558e-05,mule_laundering,1
80A6D5A20,2,7.758754461283815e-05,1.5345489029699558e-05,mule_laundering,1
80B5B2DB0,2,5.17250297418921e-05,0.00020664683822578563,mule_laundering,1
80F1BD480,50,5.17250297418921e-05,7.660609465321379e-06,legit,1
80F6159E0,2,5.17250297418921e-05,7.672744514849779e-06,legit,1
810FF7D80,2,5.17250297418921e-05,7.672744514849779e-06,legit,1
814456DD0,2,5.17250297418921e-05,7.672744514849779e-06,legit,1
801D20BB0,41,7.758754461283815e-05,7.672744514849779e-05,mule_laundering,1
802AF52A0,41,7.758754461283815e-05,6.138195611879823e-05,legit,1
803181A30,28,5.17250297418921e-05,7.672744514849779e-06,legit,1
804BF8A10,28,5.17250297418921e-05,7.672744514849779e-06,mule_laundering,1
808E9F520,28,5.17250297418921e-05,7.672744514849779e-06,legit,1
80B302DA0,272,0.0001034500594837842,0.00034472828262301953,mule_laundering,1
80B6D8910,28,5.17250297418921e-05,7.672744514849779e-06,legit,1
80D480F80,28,5.17250297418921e-05,7.660609465321379e-06,legit,1
80E0779B0,28,7.758754461283815e-05,1.5345489029699558e-05,mule_laundering,1
80F7A1950,28,5.17250297418921e-05,7.672744514849779e-06,legit,1
80B14E750,50,7.758754461283815e-05,1.5345489029699558e-05,mule_laundering,1
803B12F00,54,0.00012931257435473025,0.000565244534689066,mule_laundering,1
806C62690,420,7.758754461283815e-05,0.0,mule_laundering,1
806C9AF10,420,5.17250297418921e-05,0.0,legit,1
80981CA70,42,5.17250297418921e-05,7.672744514849779e-06,legit,1
809987400,421,7.758754461283815e-05,6.89684900211216e-08,mule_laundering,1
809A62080,421,7.758754461283815e-05,3.44842450105608e-08,legit,1
80A488B40,12,5.17250297418921e-05,7.672744514849779e-06,mule_laundering,1
80D580290,422,5.17250297418921e-05,0.0,mule_laundering,0
80D593610,422,5.17250297418921e-05,0.0,mule_laundering,0
80DBF2DB0,99,7.758754461283815e-05,2.3018233544549336e-05,mule_laundering,1
80E25B820,99,5.17250297418921e-05,7.660609465321379e-06,mule_laundering,1
80E44CFE0,99,7.758754461283815e-05,1.5345489029699558e-05,legit,1
80FAE3160,99,7.758754461283815e-05,1.5328246907194278e-05,mule_laundering,1
8007869B0,2,7.758754461283815e-05,0.0002524936419673262,mule_laundering,1
800AF8AD0,130,5.17250297418921e-05,7.672744514849779e-06,legit,1
80794B6F0,130,0.0007500129312574354,0.0012446677346874364,mule_laundering,1
8015F1A90,423,0.0001034500594837842,0.0,legit,0
8147C9720,423,5.17250297418921e-05,0.0,legit,0
802A70DB0,424,5.17250297418921e-05,0.0,mule_laundering,0
802A72080,424,5.17250297418921e-05,0.0,mule_laundering,0
8030FFBE0,425,5.17250297418921e-05,0.0,mule_laundering,0
8030FFD20,425,7.758754461283815e-05,0.0,mule_laundering,0
8091E6420,7,7.758754461283815e-05,0.0002754084227768438,legit,1
8056F6D20,426,7.758754461283815e-05,0.0,legit,0
812D37B30,426,0.0001034500594837842,0.0,legit,0
80F257DA0,427,5.17250297418921e-05,0.0,legit,0
81272F640,427,5.17250297418921e-05,0.0,legit,0
80FBCD360,348,7.758754461283815e-05,0.0,legit,1
810B19D40,2,5.17250297418921e-05,0.00020664683822578563,legit,1
810EA3930,2,7.758754461283815e-05,3.0690978059399115e-05,mule_laundering,1
812438480,325,5.17250297418921e-05,0.0,legit,1
813130640,428,5.17250297418921e-05,0.0,legit,0
805E17E70,428,0.0001034500594837842,0.0,legit,0
80798F7E0,28,7.758754461283815e-05,1.5345489029699558e-05,legit,1
8015445F0,28,7.758754461283815e-05,3.0690978059399115e-05,mule_laundering,1
808DFE250,429,7.758754461283815e-05,6.89684900211216e-08,legit,0
812534500,429,7.758754461283815e-05,1.034527350316824e-07,legit,0
80BC292C0,251,5.17250297418921e-05,7.672744514849779e-06,legit,1
80EBE7E20,251,0.0002069001189675684,0.0003826889090046985,mule_laundering,1
807949B60,430,5.17250297418921e-05,0.0,legit,0
812FDB390,430,5.17250297418921e-05,0.0,legit,0
80BC61040,42,5.17250297418921e-05,7.672744514849779e-06,mule_laundering,1
8054445C0,3,5.17250297418921e-05,7.672744514849779e-06,legit,1
804BD00D0,3,0.00012931257435473025,0.0002449243501875081,mule_laundering,1
8063040F0,431,5.17250297418921e-05,0.0,mule_laundering,0
806B3CD00,431,5.17250297418921e-05,0.0,mule_laundering,0
8094E6F70,432,7.758754461283815e-05,6.89684900211216e-08,mule_laundering,0
8094E6FC0,432,7.758754461283815e-05,3.44842450105608e-08,mule_laundering,0
80A8A96D0,12,7.758754461283815e-05,1.5345489029699558e-05,legit,1
80AD6FB70,12,7.758754461283815e-05,2.594028814124508e-05,legit,1
8100C5CC0,70,0.00012931257435473025,4.603646708909867e-05,mule_laundering,1
812D8C5B0,85,7.758754461283815e-05,0.0,legit,0
805673600,61,7.758754461283815e-05,0.0019984297407545136,mule_laundering,1
8070F1D80,433,5.17250297418921e-05,0.0,mule_laundering,0
8070F2730,433,5.17250297418921e-05,0.0,mule_laundering,0
808597F60,2,5.17250297418921e-05,7.672744514849779e-06,legit,1
809C55080,434,0.0001034500594837842,0.0,mule_laundering,0
809C552B0,434,5.17250297418921e-05,0.0,mule_laundering,0
80C1032B0,435,5.17250297418921e-05,0.0,mule_laundering,0
80C103350,435,7.758754461283815e-05,0.0,mule_laundering,0
8003B8230,31,0.0001034500594837842,1.5345489029699558e-05,mule_laundering,1
80054CAB0,31,0.0002069001189675684,7.977047450731663e-06,mule_laundering,1
80055F090,31,7.758754461283815e-05,7.672744514849779e-06,mule_laundering,1
80042AC60,31,0.0001034500594837842,1.5345489029699558e-05,mule_laundering,1
8006D7690,31,7.758754461283815e-05,7.672744514849779e-06,mule_laundering,1
80062C960,31,0.0001034500594837842,1.5345489029699558e-05,mule_laundering,1
804E478B0,436,5.17250297418921e-05,0.0,legit,0
807923B80,436,7.758754461283815e-05,0.0,mule_laundering,0
80C233630,189,7.758754461283815e-05,0.00022194060088796935,mule_laundering,1
80C233680,189,5.17250297418921e-05,7.660609465321379e-06,mule_laundering,1
8102E1C30,28,5.17250297418921e-05,7.672744514849779e-06,mule_laundering,1
80E60CD50,50,5.17250297418921e-05,7.672744514849779e-06,legit,1
80417C4D0,54,5.17250297418921e-05,7.672744514849779e-06,legit,1
8064DB6B0,202,7.758754461283815e-05,4.237998964708791e-05,mule_laundering,1
80AD62440,12,5.17250297418921e-05,7.672744514849779e-06,mule_laundering,1
80AF61B50,437,5.17250297418921e-05,0.0,mule_laundering,0
80AF621F0,437,5.17250297418921e-05,0.0,mule_laundering,0
80C723D80,36,5.17250297418921e-05,7.672744514849779e-06,legit,1
80CB4CBD0,438,5.17250297418921e-05,0.0,mule_laundering,0
80CB4D4B0,438,5.17250297418921e-05,0.0,mule_laundering,0
80CE36240,92,5.17250297418921e-05,7.672744514849779e-06,legit,1
8117C9C50,70,5.17250297418921e-05,7.672744514849779e-06,mule_laundering,1
8013A3C10,2,5.17250297418921e-05,7.672744514849779e-06,mule_laundering,1
807B16920,439,7.758754461283815e-05,0.0,mule_laundering,0
807B16D80,439,7.758754461283815e-05,0.0,mule_laundering,0
80CDFC680,2,5.17250297418921e-05,7.672744514849779e-06,mule_laundering,1
8102AEAC0,2,5.17250297418921e-05,7.672744514849779e-06,mule_laundering,1
802D09F30,28,0.0001034500594837842,1.5345489029699558e-05,mule_laundering,1
80D2D89A0,440,0.0001034500594837842,0.0,mule_laundering,0
8128AF580,440,7.758754461283815e-05,0.0,legit,0
81418CBC0,28,5.17250297418921e-05,7.672744514849779e-06,mule_laundering,1
80B2901E0,441,5.17250297418921e-05,0.0,mule_laundering,0
80B2961B0,441,7.758754461283815e-05,0.0,mule_laundering,0
80C775520,36,0.0001034500594837842,2.3018233544549336e-05,legit,1
80E25E7C0,99,0.0001034500594837842,2.3018233544549336e-05,legit,1
80E62A630,99,0.0001034500594837842,2.828488091645988e-05,mule_laundering,1
80E9F5800,99,5.17250297418921e-05,7.672744514849779e-06,mule_laundering,1
81137CAC0,442,5.17250297418921e-05,0.0,mule_laundering,0
81137CB60,442,5.17250297418921e-05,0.0,mule_laundering,0
802439F20,2,5.17250297418921e-05,7.672744514849779e-06,legit,1
802C641F0,2,7.758754461283815e-05,1.5345489029699558e-05,mule_laundering,1
8040CFCB0,2,7.758754461283815e-05,2.3018233544549336e-05,mule_laundering,1
808708A30,2,5.17250297418921e-05,7.672744514849779e-06,legit,1
80FA67AA0,2,5.17250297418921e-05,7.672744514849779e-06,legit,1
802AF52F0,41,0.00012931257435473025,4.603646708909867e-05,mule_laundering,1
802AF5250,41,7.758754461283815e-05,1.5345489029699558e-05,mule_laundering,1
80FC13600,28,7.758754461283815e-05,0.00021430234061812996,legit,1
803897C80,443,5.17250297418921e-05,0.0,legit,0
80776EDE0,443,5.17250297418921e-05,0.0,legit,0
8046D91D0,54,0.0001034500594837842,2.3018233544549336e-05,legit,1
809E66530,54,7.758754461283815e-05,1.5345489029699558e-05,legit,1
80716D650,60,5.17250297418921e-05,0.0002066468382257856,legit,1
8080FB6B0,1,0.0001034500594837842,0.00021461733208622566,mule_laundering,1
80EF05D40,61,5.17250297418921e-05,7.672744514849779e-06,legit,1
80CB7E2D0,36,5.17250297418921e-05,7.672744514849779e-06,legit,1
80FAD91F0,99,5.17250297418921e-05,7.672744514849779e-06,legit,1
8112EA940,70,7.758754461283815e-05,1.5345489029699558e-05,legit,1
809361700,7,7.758754461283815e-05,1.5345489029699558e-05,mule_laundering,1
8106B1750,7,0.0006982879015155433,0.004471144971577907,mule_laundering,1
8067AD800,7,5.17250297418921e-05,7.672744514849779e-06,mule_laundering,1
81207D280,7,5.17250297418921e-05,7.672744514849779e-06,mule_laundering,1
80B434CB0,7,5.17250297418921e-05,7.672744514849779e-06,mule_laundering,1
80D45D750,7,7.758754461283815e-05,1.5345489029699558e-05,mule_laundering,1
808A05220,7,7.758754461283815e-05,1.5345489029699558e-05,mule_laundering,1
803509D50,7,5.17250297418921e-05,7.672744514849779e-06,mule_laundering,1
8098BC930,7,5.17250297418921e-05,7.672744514849779e-06,mule_laundering,1
803CFE980,7,5.17250297418921e-05,7.672744514849779e-06,mule_laundering,1
80BA962E0,7,5.17250297418921e-05,7.672744514849779e-06,mule_laundering,1
801977590,7,5.17250297418921e-05,7.672744514849779e-06,mule_laundering,1
805316300,7,7.758754461283815e-05,1.5345489029699558e-05,mule_laundering,1
811273830,7,7.758754461283815e-05,0.003127307211517738,mule_laundering,1
810FEDB90,7,5.17250297418921e-05,7.672744514849779e-06,mule_laundering,1
806D8E300,7,5.17250297418921e-05,7.672744514849779e-06,mule_laundering,1
80585B760,7,0.00012931257435473025,3.0690978059399115e-05,mule_laundering,1
8113C2470,7,7.758754461283815e-05,1.5345489029699558e-05,mule_laundering,1
808A4BBD0,7,0.00012931257435473025,0.00022961334540281912,mule_laundering,1
804BB6430,7,5.17250297418921e-05,7.672744514849779e-06,mule_laundering,1
803197B30,7,7.758754461283815e-05,1.5345489029699558e-05,mule_laundering,1
807FDA6D0,7,0.0001034500594837842,2.3018233544549336e-05,mule_laundering,1
809C8DE30,2,5.17250297418921e-05,7.672744514849779e-06,legit,1
80C0EBF40,2,7.758754461283815e-05,3.8363722574248894e-05,legit,1
80D2C3D50,2,7.758754461283815e-05,1.5345489029699558e-05,legit,1
80D45FC80,444,7.758754461283815e-05,5.17263675158412e-08,legit,0
80D45F420,444,5.17250297418921e-05,1.72421225052804e-08,legit,0
80E49E460,2,0.0001034500594837842,2.3018233544549336e-05,mule_laundering,1
800AEAC00,104,0.00038793772306419075,0.0005300473390496299,mule_laundering,1
8070996E0,28,5.17250297418921e-05,7.672744514849779e-06,legit,1
8114C0050,36,0.0001034500594837842,0.0013018864333408581,mule_laundering,1
8122605B0,445,7.758754461283815e-05,0.0,mule_laundering,0
8122604C0,445,5.17250297418921e-05,0.0,mule_laundering,0
8076B36D0,61,5.17250297418921e-05,7.672744514849779e-06,legit,1
80EB31D40,248,0.0001034500594837842,3.8363722574248894e-05,mule_laundering,1
80EB31D90,248,7.758754461283815e-05,1.5345489029699558e-05,mule_laundering,1
80F4EF6B0,99,5.17250297418921e-05,7.672744514849779e-06,legit,1
81133D1D0,446,7.758754461283815e-05,0.0,mule_laundering,0
81133D310,446,7.758754461283815e-05,0.0,mule_laundering,0
800C4FB60,50,7.758754461283815e-05,0.00015011399738672467,mule_laundering,1
802371D80,99,0.0001034500594837842,0.0002351772141245827,mule_laundering,1
802472890,2,7.758754461283815e-05,1.5345489029699558e-05,legit,1
8010B83B0,222,5.17250297418921e-05,0.0,legit,1
8035FC590,2,5.17250297418921e-05,0.00020664683822578563,legit,1
807499A20,447,5.17250297418921e-05,0.0,mule_laundering,0
807499EB0,447,5.17250297418921e-05,0.0,mule_laundering,0
809BEDF40,104,0.0001034500594837842,0.0005178841965684071,mule_laundering,1
80F248F90,2,5.17250297418921e-05,7.672744514849779e-06,legit,1
812380C00,2,5.17250297418921e-05,7.672744514849779e-06,legit,1
8063FB500,28,7.758754461283815e-05,1.5345489029699558e-05,mule_laundering,1
808479BA0,28,7.758754461283815e-05,1.5345489029699558e-05,legit,1
806DCF1D0,448,7.758754461283815e-05,0.0,legit,0
811B3F0A0,448,5.17250297418921e-05,0.0,legit,0
806615260,97,5.17250297418921e-05,7.672744514849779e-06,legit,1
8087E2DF0,449,5.17250297418921e-05,0.0,mule_laundering,0
8087E2E40,449,5.17250297418921e-05,0.0,mule_laundering,0
80CE55DF0,92,5.17250297418921e-05,7.672744514849779e-06,legit,1
8005FF6D0,2,7.758754461283815e-05,1.5345489029699558e-05,mule_laundering,1
803DC4460,450,5.17250297418921e-05,0.0,mule_laundering,0
8045D2B80,450,7.758754461283815e-05,0.0,mule_laundering,0
804EDB280,37,7.758754461283815e-05,3.0690978059399115e-05,mule_laundering,1
800E90CA0,451,5.17250297418921e-05,0.0,mule_laundering,0
800E90D90,451,0.0001034500594837842,0.0,mule_laundering,0
801A7A770,452,5.17250297418921e-05,0.0,legit,0
81179EC20,452,5.17250297418921e-05,0.0,legit,0
802D94F50,28,7.758754461283815e-05,1.5345489029699558e-05,mule_laundering,1
808632640,28,5.17250297418921e-05,7.672744514849779e-06,legit,1
80B4F0E80,453,5.17250297418921e-05,0.0,mule_laundering,0
80B4F1060,453,7.758754461283815e-05,0.0,mule_laundering,0
80B995B90,28,5.17250297418921e-05,7.672744514849779e-06,legit,1
80D4707D0,28,5.17250297418921e-05,7.672744514849779e-06,mule_laundering,1
811E3DE50,28,5.17250297418921e-05,7.672744514849779e-06,legit,1
81298ADE0,454,7.758754461283815e-05,0.0,mule_laundering,0
81298EB40,454,0.00012931257435473025,0.0,mule_laundering,0
8147F45A0,28,7.758754461283815e-05,1.5345489029699558e-05,legit,1
804B9FA50,191,5.17250297418921e-05,7.672744514849779e-06,mule_laundering,1
8075AC7C0,191,0.0007500129312574354,0.0019205377567663732,mule_laundering,1
8077CEBE0,191,7.758754461283815e-05,1.5345489029699558e-05,mule_laundering,1
806861BF0,191,5.17250297418921e-05,7.672744514849779e-06,mule_laundering,1
80451C2E0,191,5.17250297418921e-05,7.660609465321379e-06,mule_laundering,1
80E6A81F0,191,5.17250297418921e-05,7.672744514849779e-06,mule_laundering,1
8063F1030,191,7.758754461283815e-05,1.5345489029699558e-05,mule_laundering,1
8096C6720,191,0.0001034500594837842,0.0006191473770421139,mule_laundering,1
80B81F350,191,5.17250297418921e-05,7.672744514849779e-06,mule_laundering,1
80286F5F0,191,5.17250297418921e-05,7.672744514849779e-06,mule_laundering,1
811611D00,191,0.0001034500594837842,0.00022195784301047464,mule_laundering,1
80A937600,191,0.0001034500594837842,0.00022195784301047464,mule_laundering,1
810DDAA00,191,5.17250297418921e-05,7.672744514849779e-06,mule_laundering,1
811A18940,191,5.17250297418921e-05,7.672744514849779e-06,mule_laundering,1
80314D0C0,191,5.17250297418921e-05,7.672744514849779e-06,mule_laundering,1
806A8A380,191,7.758754461283815e-05,1.5345489029699558e-05,mule_laundering,1
802E5E710,191,5.17250297418921e-05,7.672744514849779e-06,mule_laundering,1
809ABFB20,191,5.17250297418921e-05,7.672744514849779e-06,mule_laundering,1
80615F190,191,0.0001034500594837842,2.3018233544549336e-05,mule_laundering,1
80C5BF860,191,7.758754461283815e-05,1.5345489029699558e-05,mule_laundering,1
8026D5C10,191,5.17250297418921e-05,7.672744514849779e-06,mule_laundering,1
80E05A280,191,5.17250297418921e-05,7.672744514849779e-06,mule_laundering,1
810E74260,191,7.758754461283815e-05,1.5345489029699558e-05,mule_laundering,1
80D71C940,191,7.758754461283815e-05,0.00021430234061813015,mule_laundering,1
80705A7B0,191,5.17250297418921e-05,7.672744514849779e-06,mule_laundering,1
80486DEB0,2,0.0001034500594837842,0.00022959610328031384,mule_laundering,1
806E4AF30,455,7.758754461283815e-05,0.0,mule_laundering,0
806E4AD10,455,7.758754461283815e-05,0.0,mule_laundering,0
808E7F400,456,5.17250297418921e-05,0.0,mule_laundering,0
808E85B40,456,0.00012931257435473025,0.0,mule_laundering,0
80D1E2BE0,457,5.17250297418921e-05,0.0,mule_laundering,0
80D1F8F80,457,5.17250297418921e-05,0.0,mule_laundering,0
80E7F1F00,2,7.758754461283815e-05,2.3018233544549336e-05,mule_laundering,1
8025DC810,458,7.758754461283815e-05,0.0,mule_laundering,1
8025DCE40,458,7.758754461283815e-05,0.0,mule_laundering,1
802D04180,28,0.0001034500594837842,0.00023723436355015289,mule_laundering,1
80C532130,459,7.758754461283815e-05,0.0,mule_laundering,0
80C532270,459,7.758754461283815e-05,0.0,mule_laundering,0
80D26F0E0,28,0.00012931257435473025,0.0005809388335704123,mule_laundering,1
811D01680,28,0.0001034500594837842,2.3018233544549336e-05,mule_laundering,1
810CBA1C0,28,5.17250297418921e-05,7.672744514849779e-06,mule_laundering,1
8083E2020,460,5.17250297418921e-05,1.72421225052804e-08,mule_laundering,0
8083E2370,460,5.17250297418921e-05,3.44842450105608e-08,mule_laundering,0
8082D9040,61,0.0001034500594837842,0.0002677874046295099,legit,1
8087F0BB0,61,7.758754461283815e-05,0.0002448553816974869,mule_laundering,1
810D72E70,70,5.17250297418921e-05,7.672744514849779e-06,legit,1
8142528D1,75,7.758754461283815e-05,2.4138971507392564e-07,legit,1
800493070,461,7.758754461283815e-05,0.0,mule_laundering,0
8004938E0,461,7.758754461283815e-05,0.0,mule_laundering,0
80333C8E0,462,7.758754461283815e-05,0.0,mule_laundering,0
80333DA80,462,7.758754461283815e-05,0.0,mule_laundering,0
807DC15C0,2,5.17250297418921e-05,7.660609465321379e-06,legit,1
80A4E6280,2,7.758754461283815e-05,2.3018233544549336e-05,mule_laundering,1
8148E2790,2,5.17250297418921e-05,7.672744514849779e-06,legit,1
800285510,28,7.758754461283815e-05,2.3018233544549336e-05,mule_laundering,1
80514C390,41,0.0001034500594837842,3.0690978059399115e-05,mule_laundering,1
80514C660,41,5.17250297418921e-05,7.672744514849779e-06,legit,1
80ED07050,28,0.0001034500594837842,2.3018233544549336e-05,legit,1
80D8216E0,92,5.17250297418921e-05,7.672744514849779e-06,legit,1
80FFA55D0,70,5.17250297418921e-05,7.672744514849779e-06,legit,1
813D08131,463,0.0001034500594837842,0.0,mule_laundering,1
813D0FDA1,463,7.758754461283815e-05,0.0,mule_laundering,1
8004D6E50,464,7.758754461283815e-05,0.0,mule_laundering,0
8004D77F0,464,5.17250297418921e-05,0.0,mule_laundering,0
808D25C00,2,5.17250297418921e-05,7.672744514849779e-06,legit,1
80F903610,465,5.17250297418921e-05,1.72421225052804e-08,mule_laundering,0
80F903660,465,7.758754461283815e-05,5.17263675158412e-08,mule_laundering,0
813F4C720,2,7.758754461283815e-05,2.3018233544549336e-05,mule_laundering,1
80696ECD0,466,7.758754461283815e-05,0.0,mule_laundering,0
80696EE10,466,5.17250297418921e-05,0.0,mule_laundering,0
812E37490,50,0.0001034500594837842,2.3018233544549336e-05,legit,1
8085E71C0,467,5.17250297418921e-05,0.0,legit,0
8085EB410,467,7.758754461283815e-05,0.0,mule_laundering,0
8085E5D10,467,5.17250297418921e-05,0.0,mule_laundering,0
8087F4940,52,0.0001034500594837842,0.0026648908516093348,mule_laundering,1
80EBB2100,193,0.0002586251487094605,0.0008797419957128719,mule_laundering,1
8081B28A0,193,5.17250297418921e-05,7.660609465321379e-06,mule_laundering,1
8096E38C0,193,7.758754461283815e-05,1.5345489029699558e-05,mule_laundering,1
80DF9F310,193,7.758754461283815e-05,1.5345489029699558e-05,mule_laundering,1
810186B20,193,5.17250297418921e-05,0.00020664683822578544,mule_laundering,1
800A8C770,193,7.758754461283815e-05,0.00011044734220769176,mule_laundering,1
8091C3710,193,5.17250297418921e-05,7.660609465321379e-06,mule_laundering,1
807BFEFC0,193,7.758754461283815e-05,0.0008909666174638094,mule_laundering,1
80C28C050,193,0.00012931257435473025,3.0690978059399115e-05,mule_laundering,1
81473CD71,75,5.17250297418921e-05,1.2069485753696282e-07,legit,1
80005FD30,104,7.758754461283815e-05,7.660609465321379e-06,mule_laundering,1
8019C67E0,28,5.17250297418921e-05,7.672744514849779e-06,legit,1
802D330F0,176,5.17250297418921e-05,7.672744514849779e-06,legit,1
8070ED960,176,7.758754461283815e-05,2.3018233544549336e-05,mule_laundering,1
80AF2BD20,28,5.17250297418921e-05,7.672744514849779e-06,legit,1
80D241080,468,7.758754461283815e-05,0.0,mule_laundering,0
80D241980,468,5.17250297418921e-05,0.0,mule_laundering,0
809305B70,469,5.17250297418921e-05,0.0,mule_laundering,0
8093070F0,469,7.758754461283815e-05,0.0,mule_laundering,0
809E50610,42,5.17250297418921e-05,7.672744514849779e-06,legit,1
80769F1A0,470,0.00012931257435473025,1.72421225052804e-07,mule_laundering,1
804529040,470,7.758754461283815e-05,3.44842450105608e-08,mule_laundering,1
811A9BD50,470,5.17250297418921e-05,1.8966334755808442e-07,mule_laundering,1
800BFCD30,470,0.0001034500594837842,5.17263675158412e-08,mule_laundering,1
8020BC410,470,5.17250297418921e-05,1.72421225052804e-08,mule_laundering,1
813D89F41,471,7.758754461283815e-05,0.0,legit,0
81464CEF1,471,5.17250297418921e-05,0.0,legit,0
8000F8070,103,0.0001034500594837842,2.8220903326447935e-05,mule_laundering,1
802310A80,2,7.758754461283815e-05,1.5345489029699558e-05,mule_laundering,1
802B8AAB0,2,7.758754461283815e-05,3.0642437861285514e-05,mule_laundering,1
80156DE70,52,0.00012931257435473025,3.831167413906784e-05,mule_laundering,1
8051BEEA0,52,7.758754461283815e-05,1.5345489029699558e-05,legit,1
809AEBDA0,2,5.17250297418921e-05,7.672744514849779e-06,legit,1
80D500150,2,5.17250297418921e-05,7.672744514849779e-06,legit,1
80D514320,2,5.17250297418921e-05,7.672744514849779e-06,legit,1
811A1BAD0,2,7.758754461283815e-05,1.5345489029699558e-05,legit,1
800205E90,92,7.758754461283815e-05,9.47245344431849e-05,mule_laundering,1
808A4F9E0,28,5.17250297418921e-05,7.672744514849779e-06,legit,1
80D08F3C0,28,7.758754461283815e-05,1.5345489029699558e-05,legit,1
80882E490,472,5.17250297418921e-05,0.0,legit,0
80EFD7C90,472,5.17250297418921e-05,0.0,legit,0
80848B5B0,272,0.0001034500594837842,0.00024563780458517273,mule_laundering,1
81291C3A0,272,5.17250297418921e-05,7.672744514849779e-06,legit,1
803F93720,54,7.758754461283815e-05,3.0690978059399115e-05,mule_laundering,1
80435C9F0,473,7.758754461283815e-05,0.0,mule_laundering,0
80435CA90,473,7.758754461283815e-05,3.44842450105608e-08,mule_laundering,0
80EE43070,99,7.758754461283815e-05,1.5345489029699558e-05,legit,1
810A83740,70,5.17250297418921e-05,7.672744514849779e-06,legit,1
8017E7440,189,7.758754461283815e-05,1.5345489029699558e-05,legit,1
806750B70,2,5.17250297418921e-05,7.672744514849779e-06,legit,1
807B3D9A0,2,7.758754461283815e-05,1.5345489029699558e-05,legit,1
80AE8DF20,474,5.17250297418921e-05,1.72421225052804e-08,legit,0
80C5497F0,474,7.758754461283815e-05,5.17263675158412e-08,legit,0
80F2B3A20,475,5.17250297418921e-05,0.0,mule_laundering,0
80F2B41A0,475,0.00012931257435473025,0.0,mule_laundering,0
811DEC8E0,2,5.17250297418921e-05,7.672744514849779e-06,legit,1
80050C9D0,33,7.758754461283815e-05,0.0001501037948406372,mule_laundering,1
8002D3510,33,7.758754461283815e-05,1.5345489029699558e-05,legit,1
8008B29B0,33,7.758754461283815e-05,3.0690978059399115e-05,mule_laundering,1
800AE4AC0,28,0.0001034500594837842,2.3018233544549336e-05,mule_laundering,1
8033FE7F0,28,5.17250297418921e-05,7.672744514849779e-06,legit,1
811327FF0,50,5.17250297418921e-05,7.672744514849779e-06,legit,1
8137A16C0,50,5.17250297418921e-05,7.672744514849779e-06,legit,1
80B19D6E0,54,5.17250297418921e-05,7.672744514849779e-06,mule_laundering,1
808B489C0,61,5.17250297418921e-05,7.672744514849779e-06,legit,1
8097352A0,42,5.17250297418921e-05,7.672744514849779e-06,legit,1
80CD397E0,36,7.758754461283815e-05,7.672744514849779e-06,mule_laundering,1
810117FC0,36,5.17250297418921e-05,7.672744514849779e-06,legit,1
80F1F8550,99,0.00012931257435473025,0.00035199793094529936,mule_laundering,1
80F595190,476,5.17250297418921e-05,0.0,mule_laundering,0
80F595370,476,0.0001034500594837842,0.0,mule_laundering,0
80FD23AA0,99,5.17250297418921e-05,7.672744514849779e-06,legit,1
8101AFA50,70,0.00012931257435473025,3.0690978059399115e-05,legit,1
810990F30,70,5.17250297418921e-05,7.672744514849779e-06,legit,1
8136E39D1,50,5.17250297418921e-05,7.672744514849779e-06,mule_laundering,1
8136E42E1,50,7.758754461283815e-05,2.3018233544549336e-05,mule_laundering,1
8001364A0,284,7.758754461283815e-05,3.0690978059399115e-05,mule_laundering,1
8003E2AB0,284,7.758754461283815e-05,1.5345489029699558e-05,legit,1
80B8EAF40,477,5.17250297418921e-05,0.0,mule_laundering,0
80B8EB480,477,5.17250297418921e-05,0.0,mule_laundering,0
803D07F30,478,5.17250297418921e-05,0.0,mule_laundering,0
803D07F80,478,5.17250297418921e-05,0.0,mule_laundering,0
806D3F870,479,7.758754461283815e-05,0.0,mule_laundering,0
806D3FF80,479,5.17250297418921e-05,1.72421225052804e-08,mule_laundering,0
80B95BDC0,28,7.758754461283815e-05,1.5345489029699558e-05,legit,1
80BCEB150,28,0.00012931257435473025,3.8363722574248894e-05,legit,1
80A203FB0,50,5.17250297418921e-05,7.660609465321379e-06,mule_laundering,1
803D9A150,480,0.0001034500594837842,0.0,legit,0
803DA6320,480,7.758754461283815e-05,0.0,legit,0
804041D80,54,7.758754461283815e-05,1.5345489029699558e-05,legit,1
805D40370,3,7.758754461283815e-05,1.5345489029699558e-05,legit,1
80634CF30,60,7.758754461283815e-05,1.5345489029699558e-05,legit,1
80B714750,36,7.758754461283815e-05,1.5345489029699558e-05,legit,1
80D84C840,481,5.17250297418921e-05,0.0,mule_laundering,0
80D84C930,481,5.17250297418921e-05,0.0,mule_laundering,0
8108AFB40,378,5.17250297418921e-05,0.0,legit,0
8111F5860,482,5.17250297418921e-05,1.72421225052804e-08,legit,0
81168E100,482,5.17250297418921e-05,0.0,legit,0
813768BF1,75,5.17250297418921e-05,1.2069485753696282e-07,mule_laundering,1
801165070,483,5.17250297418921e-05,0.0,legit,0
801166170,483,0.0001034500594837842,0.0,legit,0
80D15CA60,2,5.17250297418921e-05,7.672744514849779e-06,legit,1
8028A1F00,484,5.17250297418921e-05,0.0,mule_laundering,0
8028A20D0,484,5.17250297418921e-05,0.0,mule_laundering,0
80B463460,272,5.17250297418921e-05,7.672744514849779e-06,legit,1
80BFD57F0,28,7.758754461283815e-05,4.603646708909867e-05,mule_laundering,1
80F3629E0,485,5.17250297418921e-05,0.0,mule_laundering,0
80F362A30,485,5.17250297418921e-05,0.0,mule_laundering,0
812C71860,28,5.17250297418921e-05,7.672744514849779e-06,legit,1
804CB2130,486,5.17250297418921e-05,0.0,mule_laundering,0
804CB2180,486,5.17250297418921e-05,0.0,mule_laundering,0
8071B0620,487,5.17250297418921e-05,0.0,legit,0
8071B0970,487,5.17250297418921e-05,0.0,legit,0
806A20680,2,7.758754461283815e-05,3.8363722574248894e-05,mule_laundering,1
80728BF80,167,0.00012931257435473025,0.0006039398249924566,mule_laundering,1
80728BEE0,167,0.0001551750892256763,0.0006420966420966421,mule_laundering,1
808501AB0,2,7.758754461283815e-05,1.5345489029699558e-05,legit,1
80B475350,2,5.17250297418921e-05,7.672744514849779e-06,legit,1
80BAFEF60,488,5.17250297418921e-05,0.0,legit,0
80BB02F40,488,5.17250297418921e-05,0.0,legit,0
813AE7F20,2,5.17250297418921e-05,7.672744514849779e-06,legit,1
805544690,28,7.758754461283815e-05,3.0690978059399115e-05,mule_laundering,1
80F7DF230,28,0.00012931257435473025,4.603646708909867e-05,mule_laundering,1
80F7DF320,28,7.758754461283815e-05,1.5345489029699558e-05,mule_laundering,1
80C45D0E0,54,5.17250297418921e-05,7.672744514849779e-06,mule_laundering,1
805E72160,304,5.17250297418921e-05,0.0,mule_laundering,0
80A5E71D0,489,0.0001034500594837842,0.0,mule_laundering,1
80A5E74C0,489,7.758754461283815e-05,0.0,mule_laundering,1
80AD7DE30,490,5.17250297418921e-05,0.0,mule_laundering,0
80AD7D450,490,5.17250297418921e-05,1.72421225052804e-08,mule_laundering,0
810C15550,70,7.758754461283815e-05,1.5345489029699558e-05,legit,1
810F0D130,70,7.758754461283815e-05,2.3018233544549336e-05,mule_laundering,1
8004375A0,2,7.758754461283815e-05,2.3018233544549336e-05,mule_laundering,1
802B362B0,2,0.0001034500594837842,2.3018233544549336e-05,legit,1
802B8FA90,2,5.17250297418921e-05,0.00020664683822578563,legit,1
80552DFC0,491,5.17250297418921e-05,0.0,mule_laundering,0
80552D890,491,5.17250297418921e-05,0.0,mule_laundering,0
806C6A5F0,2,5.17250297418921e-05,7.672744514849779e-06,mule_laundering,1
8086FA950,492,7.758754461283815e-05,6.89684900211216e-08,mule_laundering,0
8086FA900,492,7.758754461283815e-05,3.44842450105608e-08,mule_laundering,0
80DA61270,19,0.00012931257435473025,0.0002755463597568861,mule_laundering,1
80DA5FC60,19,0.00012931257435473025,0.0003059959481012113,mule_laundering,1
80E053EA0,493,7.758754461283815e-05,3.44842450105608e-08,legit,0
811AD0060,493,7.758754461283815e-05,6.89684900211216e-08,legit,0
814453030,494,5.17250297418921e-05,0.0,mule_laundering,0
814455B00,494,7.758754461283815e-05,0.0,mule_laundering,0
8000EFAA0,104,0.0001034500594837842,0.0002274450153756882,mule_laundering,1
800120A50,104,7.758754461283815e-05,7.905513168671063e-06,mule_laundering,1
805EF85E0,141,0.0001034500594837842,0.0,mule_laundering,1
80B951020,495,7.758754461283815e-05,0.0,mule_laundering,0
80B951A50,495,7.758754461283815e-05,3.44842450105608e-08,mule_laundering,0
804D50500,3,5.17250297418921e-05,0.00023719987930514248,mule_laundering,1
808839E80,55,7.758754461283815e-05,5.370921160394845e-05,legit,1
808839F70,55,0.0004913877825479749,0.0005817492133281607,mule_laundering,1
80A2E25A0,496,5.17250297418921e-05,0.0,legit,0
80B0BE3A0,496,7.758754461283815e-05,0.0,legit,0
80C723120,36,5.17250297418921e-05,7.672744514849779e-06,legit,1
810A160B0,497,5.17250297418921e-05,0.0,legit,0
81142F950,497,7.758754461283815e-05,0.0,mule_laundering,0
8066CFF40,498,5.17250297418921e-05,0.0,mule_laundering,0
807E86500,498,5.17250297418921e-05,0.0,mule_laundering,0
80D476950,28,7.758754461283815e-05,1.5345489029699558e-05,mule_laundering,1
802DD7890,1,7.758754461283815e-05,1.5321218930642757e-05,mule_laundering,1
80526F4E0,12,5.17250297418921e-05,7.672744514849779e-06,mule_laundering,1
8012BD570,12,7.758754461283815e-05,2.3018233544549336e-05,mule_laundering,1
8011D5060,499,7.758754461283815e-05,0.0,mule_laundering,0
8014FA230,499,5.17250297418921e-05,0.0,mule_laundering,0
80E290080,193,7.758754461283815e-05,1.5345489029699558e-05,mule_laundering,1
80A38F130,60,0.00012931257435473025,3.0690978059399115e-05,mule_laundering,1
807AD0240,60,0.00012931257435473025,3.0690978059399115e-05,mule_laundering,1
811B0AE50,60,7.758754461283815e-05,7.672744514849779e-06,mule_laundering,1
8031508A0,60,7.758754461283815e-05,7.672744514849779e-06,mule_laundering,1
803601230,52,0.0001034500594837842,6.576613523981946e-05,mule_laundering,1
804959810,500,5.17250297418921e-05,0.0,mule_laundering,0
804959F90,500,5.17250297418921e-05,0.0,mule_laundering,0
8051972F0,187,0.0001034500594837842,6.9054700633648e-05,mule_laundering,1
80D820550,2,0.0001034500594837842,2.3018233544549336e-05,mule_laundering,1
812FB0DA0,2,5.17250297418921e-05,7.672744514849779e-06,legit,1
813A16DD0,2,5.17250297418921e-05,7.672744514849779e-06,legit,1
8023BE2B0,501,5.17250297418921e-05,0.0,mule_laundering,0
8023BEF70,501,7.758754461283815e-05,0.0,mule_laundering,0
803E81DB0,28,7.758754461283815e-05,1.5345489029699558e-05,legit,1
808316D50,28,0.0001034500594837842,3.8363722574248894e-05,mule_laundering,1
80BAC6FD0,28,7.758754461283815e-05,3.8363722574248894e-05,mule_laundering,1
80DB22970,50,5.17250297418921e-05,7.672744514849779e-06,mule_laundering,1
812391730,54,7.758754461283815e-05,1.5345489029699558e-05,legit,1
80A2DE560,41,7.758754461283815e-05,0.0002848968130675477,mule_laundering,1
80EA04000,502,0.0001034500594837842,0.0,mule_laundering,0
80F387420,502,5.17250297418921e-05,0.0,legit,0
80F889CF0,99,5.17250297418921e-05,7.672744514849779e-06,legit,1
813E51861,75,7.758754461283815e-05,2.4138971507392564e-07,legit,1
814555421,503,5.17250297418921e-05,0.0,mule_laundering,0
814555381,503,5.17250297418921e-05,0.0,mule_laundering,0
80DC9CE70,504,7.758754461283815e-05,3.44842450105608e-08,mule_laundering,0
80DCA1F70,504,0.0001034500594837842,8.6210612526402e-08,mule_laundering,0
80DCA1ED0,504,7.758754461283815e-05,1.2069485753696282e-07,legit,0
807469600,505,7.758754461283815e-05,0.0,legit,0
813BFA7E0,505,5.17250297418921e-05,0.0,legit,0
803C42340,54,7.758754461283815e-05,1.5345489029699558e-05,legit,1
802545700,506,0.0001034500594837842,0.0002601491443596707,mule_laundering,0
8034CD950,507,7.758754461283815e-05,0.0,mule_laundering,0
8034CDEA0,507,5.17250297418921e-05,0.0,mule_laundering,0
805590E80,2,7.758754461283815e-05,1.5345489029699558e-05,mule_laundering,1
805591010,2,0.0001034500594837842,3.8363722574248894e-05,mule_laundering,1
80C11ACA0,508,7.758754461283815e-05,0.0,mule_laundering,0
80C11AF20,508,5.17250297418921e-05,0.0,mule_laundering,0
80E145660,509,5.17250297418921e-05,0.0,legit,0
80E145120,509,5.17250297418921e-05,0.0,legit,0
8126F24E0,2,5.17250297418921e-05,7.672744514849779e-06,legit,1
812F80E60,510,5.17250297418921e-05,0.0,mule_laundering,0
812F80F50,510,7.758754461283815e-05,0.0,mule_laundering,0
8094423B0,28,7.758754461283815e-05,2.3018233544549336e-05,mule_laundering,1
80F873CD0,511,5.17250297418921e-05,0.0,mule_laundering,0
80F873C30,511,0.0001034500594837842,0.0,mule_laundering,0
81034B810,512,7.758754461283815e-05,0.0,mule_laundering,0
81034B400,512,5.17250297418921e-05,0.0,legit,0
808E0ED00,12,0.0001034500594837842,4.603646708909867e-05,mule_laundering,1
80C542DF0,513,5.17250297418921e-05,0.0,mule_laundering,0
80C543AA0,513,5.17250297418921e-05,0.0,mule_laundering,0
80D1FC090,2,5.17250297418921e-05,7.672744514849779e-06,legit,1
80D7CC4E0,2,7.758754461283815e-05,0.000244855381697487,mule_laundering,1
8105A6560,2,7.758754461283815e-05,1.5345489029699558e-05,legit,1
800AA6350,42,7.758754461283815e-05,3.834903478153996e-05,mule_laundering,1
801AA4400,42,7.758754461283815e-05,2.979392464748241e-05,mule_laundering,1
801564480,176,0.00012931257435473025,0.0001841458683563947,mule_laundering,1
8048C2A80,28,5.17250297418921e-05,7.672744514849779e-06,mule_laundering,1
8070DD7B0,514,5.17250297418921e-05,0.0,legit,0
80D087B00,514,5.17250297418921e-05,0.0,legit,0
804179220,19,5.17250297418921e-05,7.660609465321379e-06,legit,1
8062913A0,515,7.758754461283815e-05,5.17263675158412e-08,mule_laundering,0
8062915D0,515,5.17250297418921e-05,1.72421225052804e-08,mule_laundering,0
8064BAB00,60,7.758754461283815e-05,1.5345489029699558e-05,legit,1
8054D6140,516,5.17250297418921e-05,0.0,mule_laundering,0
80181D8D0,516,7.758754461283815e-05,0.0,mule_laundering,0
8094098D0,28,7.758754461283815e-05,3.0690978059399115e-05,mule_laundering,1
804E76250,28,7.758754461283815e-05,1.5345489029699558e-05,mule_laundering,1
80E130380,517,5.17250297418921e-05,0.0,mule_laundering,0
8030DF720,517,5.17250297418921e-05,0.0,mule_laundering,0
8109F5680,518,5.17250297418921e-05,0.0,mule_laundering,0
80B309660,518,5.17250297418921e-05,0.0,mule_laundering,0
806800100,10,0.00012931257435473025,3.0690978059399115e-05,mule_laundering,0
80767CAF0,519,5.17250297418921e-05,0.0,mule_laundering,0
80278F960,519,5.17250297418921e-05,0.0,mule_laundering,0
8091A9AE0,520,7.758754461283815e-05,0.0,mule_laundering,0
800FB6D00,520,7.758754461283815e-05,0.0,mule_laundering,0
810088D50,521,5.17250297418921e-05,1.72421225052804e-08,mule_laundering,0
80B260AE0,521,5.17250297418921e-05,3.44842450105608e-08,mule_laundering,0
807C36910,522,5.17250297418921e-05,0.0,mule_laundering,0
8028D57C0,522,5.17250297418921e-05,0.0,mule_laundering,0
8003159D0,65,5.17250297418921e-05,0.0,mule_laundering,0
80081F5E0,193,0.0001034500594837842,0.001088755577690266,mule_laundering,1
8014323A0,523,5.17250297418921e-05,0.0,legit,0
803513E30,523,0.00012931257435473025,0.0,legit,0
80E10B8B0,2,5.17250297418921e-05,7.672744514849779e-06,legit,1
80E61B520,2,0.0001034500594837842,2.3018233544549336e-05,legit,1
811A44490,2,5.17250297418921e-05,7.672744514849779e-06,legit,1
8139C4910,28,5.17250297418921e-05,7.672744514849779e-06,legit,1
8144C31A0,28,7.758754461283815e-05,1.5345489029699558e-05,mule_laundering,1
8047B69C0,50,0.0001034500594837842,3.0690978059399115e-05,mule_laundering,1
811BFD5F0,71,5.17250297418921e-05,7.672744514849779e-06,legit,1
811D80C30,71,0.00046552526767702887,2.959130161665252e-05,mule_laundering,1
812A01B50,71,5.17250297418921e-05,7.672744514849779e-06,legit,1
80709E010,524,5.17250297418921e-05,0.0,mule_laundering,0
806B1F6F0,524,7.758754461283815e-05,0.0,mule_laundering,0
8090E9B70,524,7.758754461283815e-05,0.0,mule_laundering,0
803FEFF90,525,0.0001034500594837842,5.176087476568499e-08,mule_laundering,0
802A4BBD0,525,0.0001034500594837842,1.72421225052804e-07,mule_laundering,0
803CB3490,525,5.17250297418921e-05,1.7253624921894996e-08,mule_laundering,0
80557A9D0,335,0.0001034500594837842,6.138195611879823e-05,mule_laundering,1
801FE25A0,526,5.17250297418921e-05,1.72421225052804e-08,mule_laundering,1
806B66F00,526,7.758754461283815e-05,1.034527350316824e-07,mule_laundering,1
80F2BFA30,526,7.758754461283815e-05,5.17263675158412e-08,mule_laundering,1
8078DFC60,527,0.0001034500594837842,0.0,mule_laundering,0
8086E0A20,527,7.758754461283815e-05,0.0,mule_laundering,0
809292360,527,5.17250297418921e-05,0.0,mule_laundering,0
811EA7B80,528,7.758754461283815e-05,0.0,mule_laundering,0
80331DE30,528,7.758754461283815e-05,0.0,mule_laundering,0
80A671210,528,7.758754461283815e-05,0.0,mule_laundering,0
813C48531,529,7.758754461283815e-05,0.0,mule_laundering,0
813C483A1,529,7.758754461283815e-05,0.0,mule_laundering,0
804D7E820,60,0.0001551750892256763,0.0018591003987830975,mule_laundering,1
80BB12C30,2,0.00012931257435473025,4.603646708909867e-05,legit,1
813A090C0,530,5.17250297418921e-05,0.0,mule_laundering,0
813A09110,530,5.17250297418921e-05,0.0,mule_laundering,0
8021CF080,50,5.17250297418921e-05,7.672744514849779e-06,mule_laundering,1
8022B4E00,28,5.17250297418921e-05,7.672744514849779e-06,legit,1
802631370,28,5.17250297418921e-05,7.672744514849779e-06,legit,1
807B51520,28,7.758754461283815e-05,1.5345489029699558e-05,mule_laundering,1
80687FD20,28,5.17250297418921e-05,7.660609465321379e-06,legit,1
80BAD2860,28,7.758754461283815e-05,1.5345489029699558e-05,legit,1
80C8C1CF0,531,5.17250297418921e-05,3.44842450105608e-08,mule_laundering,0
80C8C1FC0,531,5.17250297418921e-05,1.72421225052804e-08,mule_laundering,0
813066760,532,5.17250297418921e-05,0.0,mule_laundering,0
813067CA0,532,5.17250297418921e-05,0.0,mule_laundering,0
80358FE70,50,5.17250297418921e-05,7.672744514849779e-06,legit,1
8138C0D60,61,0.0001034500594837842,2.3018233544549336e-05,legit,1
809894520,42,7.758754461283815e-05,3.0690978059399115e-05,mule_laundering,1
80AC3F9C0,12,5.17250297418921e-05,7.672744514849779e-06,mule_laundering,1
80292C690,533,5.17250297418921e-05,0.0,mule_laundering,0
80AD1F390,533,7.758754461283815e-05,0.0,mule_laundering,0
80E4FDA80,533,5.17250297418921e-05,0.0,mule_laundering,0
813C6F691,75,5.17250297418921e-05,1.2069485753696282e-07,mule_laundering,1
8070C4AE0,534,7.758754461283815e-05,0.0,mule_laundering,0
807109540,534,7.758754461283815e-05,0.0,mule_laundering,0
80ECBECE0,28,5.17250297418921e-05,7.672744514849779e-06,legit,1
805C8AC70,535,7.758754461283815e-05,1.5321218930642757e-05,mule_laundering,1
80FD88340,535,0.00012931257435473025,0.0002525453683348421,mule_laundering,1
8022C5CF0,535,0.0001551750892256763,0.00029073666968403814,mule_laundering,1
80C803F50,536,5.17250297418921e-05,0.0,mule_laundering,0
80D604BC0,536,0.0001034500594837842,0.0,mule_laundering,0
80009F920,536,5.17250297418921e-05,0.0,mule_laundering,0
8071AF070,2,5.17250297418921e-05,7.672744514849779e-06,mule_laundering,1
80D52F130,2,7.758754461283815e-05,2.3018233544549336e-05,mule_laundering,1
8068E42C0,537,5.17250297418921e-05,1.72421225052804e-08,mule_laundering,1
80A885E10,537,7.758754461283815e-05,5.17263675158412e-08,mule_laundering,1
806D922C0,537,7.758754461283815e-05,8.6210612526402e-08,mule_laundering,1
80CA50CE0,538,7.758754461283815e-05,0.0,mule_laundering,0
805E124A0,538,7.758754461283815e-05,0.0,mule_laundering,0
8058F18D0,538,7.758754461283815e-05,0.0,mule_laundering,0
811D3FB50,539,7.758754461283815e-05,0.0,mule_laundering,0
802E7CA30,539,0.0001034500594837842,0.0,mule_laundering,0
804675CF0,539,5.17250297418921e-05,0.0,mule_laundering,0
80CC9C960,540,7.758754461283815e-05,0.0,mule_laundering,1
80DEB15D0,540,7.758754461283815e-05,0.0,mule_laundering,1
80C6E9A60,540,7.758754461283815e-05,0.0,mule_laundering,1
80E435B80,541,5.17250297418921e-05,0.0,mule_laundering,0
80CEC9B70,541,7.758754461283815e-05,0.0,mule_laundering,0
80CFC2BB0,541,7.758754461283815e-05,0.0,mule_laundering,0
80B2250B0,60,7.758754461283815e-05,1.5345489029699558e-05,mule_laundering,1
810499990,60,0.0001034500594837842,3.8363722574248894e-05,mule_laundering,1
80EE5F840,189,7.758754461283815e-05,3.0690978059399115e-05,mule_laundering,1
807919990,189,7.758754461283815e-05,1.5345489029699558e-05,mule_laundering,1
809CE12E0,420,5.17250297418921e-05,0.0,mule_laundering,1
8061A6010,420,7.758754461283815e-05,0.0,mule_laundering,1
800E3F5A0,542,7.758754461283815e-05,0.0,mule_laundering,1
8065C8A80,542,0.00012931257435473025,0.0,mule_laundering,1
80931DDE0,542,5.17250297418921e-05,0.0,mule_laundering,1
8077C0760,36,7.758754461283815e-05,3.0690978059399115e-05,mule_laundering,1
80B19AF00,36,7.758754461283815e-05,1.5345489029699558e-05,mule_laundering,1
8089009F0,346,7.758754461283815e-05,0.0,mule_laundering,1
80373C140,346,0.0001034500594837842,0.0,mule_laundering,1
80B82EF40,310,0.0001034500594837842,0.0,mule_laundering,1
8028B70E0,310,7.758754461283815e-05,0.0,mule_laundering,1
808F74570,50,7.758754461283815e-05,0.0030546668968657745,mule_laundering,1
809A29880,2,0.0001034500594837842,2.3018233544549336e-05,mule_laundering,1
8122EBB30,2,7.758754461283815e-05,1.5345489029699558e-05,legit,1
81369E060,2,5.17250297418921e-05,7.672744514849779e-06,legit,1
80113E810,543,5.17250297418921e-05,0.0,mule_laundering,0
80113EB30,543,5.17250297418921e-05,0.0,mule_laundering,0
801FDBE70,28,0.0001034500594837842,3.8363722574248894e-05,mule_laundering,1
80B5A12B0,28,5.17250297418921e-05,7.672744514849779e-06,mule_laundering,1
80C7D30D0,544,5.17250297418921e-05,0.0,legit,1
80C7C22D0,544,0.00012931257435473025,0.0,mule_laundering,1
801C56BA0,545,5.17250297418921e-05,0.0,legit,0
80D5381C0,545,7.758754461283815e-05,0.0,legit,0
81264C4F0,28,5.17250297418921e-05,7.672744514849779e-06,legit,1
8057A4BD0,3,7.758754461283815e-05,4.603646708909867e-05,legit,1
80E9EEF30,99,5.17250297418921e-05,7.672744514849779e-06,mule_laundering,1
80F06C420,546,7.758754461283815e-05,0.0,mule_laundering,0
80F8755A0,546,7.758754461283815e-05,0.0,legit,0
800E2B170,547,5.17250297418921e-05,3.44842450105608e-08,mule_laundering,0
800E2B1C0,547,5.17250297418921e-05,1.72421225052804e-08,mule_laundering,0
810DFB6C0,2,5.17250297418921e-05,7.672744514849779e-06,mule_laundering,1
813141850,2,5.17250297418921e-05,7.672744514849779e-06,legit,1
8015C2750,548,0.0001034500594837842,0.0,mule_laundering,0
8015C28E0,548,5.17250297418921e-05,0.0,mule_laundering,0
810E548E0,28,5.17250297418921e-05,7.672744514849779e-06,legit,1
812ECE390,28,5.17250297418921e-05,7.672744514849779e-06,legit,1
81324DCB0,549,5.17250297418921e-05,0.0,legit,0
81324DB70,549,7.758754461283815e-05,0.0,legit,0
80C2F1440,50,5.17250297418921e-05,7.672744514849779e-06,legit,1
80BE6F0F0,550,7.758754461283815e-05,0.0,legit,0
80C94C2A0,550,7.758754461283815e-05,0.0,legit,0
80EA83C00,99,5.17250297418921e-05,7.672744514849779e-06,legit,1
80EBAC050,99,5.17250297418921e-05,7.672744514849779e-06,legit,1
808FB3240,551,7.758754461283815e-05,0.0,mule_laundering,0
808FB3640,551,5.17250297418921e-05,0.0,mule_laundering,0
807ABA360,176,7.758754461283815e-05,3.0690978059399115e-05,mule_laundering,1
80B8358A0,176,7.758754461283815e-05,1.5345489029699558e-05,legit,1
80E01A240,2,5.17250297418921e-05,7.672744514849779e-06,mule_laundering,1
814217750,2,5.17250297418921e-05,7.660609465321379e-06,legit,1
802725090,28,7.758754461283815e-05,1.5345489029699558e-05,mule_laundering,1
806381060,28,5.17250297418921e-05,7.672744514849779e-06,legit,1
8007BF220,552,5.17250297418921e-05,0.0,legit,0
8036E7880,552,7.758754461283815e-05,0.0,legit,0
80476EE90,54,5.17250297418921e-05,7.672744514849779e-06,legit,1
8092F21D0,28,0.0001034500594837842,3.8363722574248894e-05,mule_laundering,1
80949B520,28,5.17250297418921e-05,7.672744514849779e-06,legit,1
8098DBD80,553,7.758754461283815e-05,0.0,mule_laundering,0
8098DC280,553,5.17250297418921e-05,0.0,mule_laundering,0
80E4F94A0,60,0.00012931257435473025,0.0002800250677966955,mule_laundering,1
80FE5DCF0,554,5.17250297418921e-05,5.17263675158412e-08,mule_laundering,0
80FE5DCA0,554,5.17250297418921e-05,1.7253624921894996e-08,mule_laundering,0
81053DC70,268,7.758754461283815e-05,0.0,mule_laundering,1
803A568D0,555,7.758754461283815e-05,5.17263675158412e-08,mule_laundering,1
8012F9500,555,0.00012931257435473025,1.551791025475236e-07,mule_laundering,1
8102CA2C0,555,7.758754461283815e-05,0.0,mule_laundering,1
8040FAF80,555,0.0001034500594837842,1.034527350316824e-07,mule_laundering,1
80AC28E60,555,7.758754461283815e-05,5.17263675158412e-08,mule_laundering,1
80CF37D80,555,0.00012931257435473025,5.17263675158412e-08,mule_laundering,1
813C371C1,556,7.758754461283815e-05,0.0,legit,0
813F78911,556,5.17250297418921e-05,0.0,legit,0
800C9CBC0,557,7.758754461283815e-05,0.0,mule_laundering,0
800C9CC10,557,5.17250297418921e-05,0.0,mule_laundering,0
80138A5B0,166,5.17250297418921e-05,1.72421225052804e-08,mule_laundering,1
801997D20,12,5.17250297418921e-05,7.672744514849779e-06,mule_laundering,1
801998AE0,12,0.0001034500594837842,3.0690978059399115e-05,mule_laundering,1
801F523E0,2,7.758754461283815e-05,1.5345489029699558e-05,legit,1
80220EBE0,558,5.17250297418921e-05,0.0,mule_laundering,0
802218FE0,558,7.758754461283815e-05,0.0,mule_laundering,0
8026687E0,144,7.758754461283815e-05,7.672744514849779e-06,mule_laundering,1
801127C00,559,7.758754461283815e-05,0.0,legit,0
8030D64B0,559,7.758754461283815e-05,0.0,legit,0
80CD829F0,358,0.0001034500594837842,7.672744514849779e-05,mule_laundering,1
80020C2A0,33,7.758754461283815e-05,1.3358209207308696e-05,mule_laundering,1
8016AF890,1,0.0001551750892256763,0.002224398986555622,mule_laundering,1
807465AA0,28,5.17250297418921e-05,7.672744514849779e-06,legit,1
80D4116D0,28,5.17250297418921e-05,7.672744514849779e-06,legit,1
813246670,28,7.758754461283815e-05,1.5345489029699558e-05,mule_laundering,1
804BD1550,3,7.758754461283815e-05,1.5345489029699558e-05,mule_laundering,1
80829F970,560,5.17250297418921e-05,0.0,mule_laundering,0
8082A00D0,560,5.17250297418921e-05,0.0,mule_laundering,0
80CD25F90,36,7.758754461283815e-05,1.5345489029699558e-05,legit,1
80DC08990,99,0.00018103760409662236,6.9054700633648e-05,mule_laundering,1
803606330,2,5.17250297418921e-05,7.672744514849779e-06,mule_laundering,1
806705C70,2,0.0001034500594837842,2.3018233544549336e-05,mule_laundering,1
80A0F43A0,2,5.17250297418921e-05,0.0002448381395749817,legit,1
80DEE3B40,52,0.0004138002379351368,0.0019049228128490384,mule_laundering,1
80E80B960,561,5.17250297418921e-05,1.72421225052804e-08,mule_laundering,0
80E80CC60,561,5.17250297418921e-05,3.44842450105608e-08,mule_laundering,0
807AD3140,60,0.0001034500594837842,0.0019171481528653684,mule_laundering,1
80ACB5500,28,5.17250297418921e-05,7.672744514849779e-06,legit,1
80BF3DBA0,28,5.17250297418921e-05,7.672744514849779e-06,legit,1
806485810,167,5.17250297418921e-05,7.672744514849779e-06,legit,1
806477B00,167,7.758754461283815e-05,2.3018233544549336e-05,mule_laundering,1
80A5D6840,12,5.17250297418921e-05,7.672744514849779e-06,legit,1
80BE4E310,562,7.758754461283815e-05,0.0,mule_laundering,0
80BE4E4A0,562,7.758754461283815e-05,0.0,mule_laundering,0
80C9FAAB0,563,7.758754461283815e-05,1.2069485753696282e-07,legit,0
80C9FD1B0,563,0.0001551750892256763,8.6210612526402e-08,account_takeover,0
80E97FA80,7,7.758754461283815e-05,0.0005926196576373204,mule_laundering,1
803366440,61,0.0004138002379351368,0.00031336695547221863,mule_laundering,1
805D4C850,61,0.0004138002379351368,0.0003135587525180587,mule_laundering,1
8036AE1C0,61,7.758754461283815e-05,7.662909948644297e-06,mule_laundering,1
80227FC50,61,0.00012931257435473025,2.3020532494216703e-05,mule_laundering,1
80636A7A0,61,7.758754461283815e-05,7.675043464517149e-06,mule_laundering,1
806F416F0,61,0.0001551750892256763,3.069327700906648e-05,mule_laundering,1
800B047D0,61,0.0001034500594837842,1.5347787979366927e-05,mule_laundering,1
803144A90,61,7.758754461283815e-05,7.675043464517149e-06,mule_laundering,1
801EA1CE0,61,7.758754461283815e-05,7.675043464517149e-06,mule_laundering,1
8028DCAE0,61,7.758754461283815e-05,7.675043464517149e-06,mule_laundering,1
80605A3E0,61,0.0001034500594837842,1.5347787979366927e-05,mule_laundering,1
8069E9C80,61,0.0001034500594837842,1.5347787979366927e-05,mule_laundering,1
8027CB4E0,61,0.0001034500594837842,0.00013811170021696338,mule_laundering,1
80102A1F0,61,0.0001034500594837842,1.5347787979366927e-05,mule_laundering,1
806482430,61,7.758754461283815e-05,7.675043464517149e-06,mule_laundering,1
8055F7FF0,61,7.758754461283815e-05,7.675043464517149e-06,mule_laundering,1
800579CB0,564,7.758754461283815e-05,5.17263675158412e-08,mule_laundering,0
80057A6F0,564,5.17250297418921e-05,1.72421225052804e-08,mule_laundering,0
8019A2650,11,0.0002586251487094605,0.00034000420603291434,mule_laundering,1
801F694E0,565,0.0001034500594837842,5.517479201689728e-07,mule_laundering,1
801F67F00,565,7.758754461283815e-05,3.1056524859410994e-07,mule_laundering,1
801F66F60,565,5.17250297418921e-05,3.44842450105608e-07,mule_laundering,1
802CD2620,506,7.758754461283815e-05,0.00021430234061813015,legit,0
802CC73C0,506,0.0001034500594837842,0.00023723436355015307,mule_laundering,0
803100FC0,566,0.0001034500594837842,0.0,mule_laundering,0
803101600,566,5.17250297418921e-05,0.0,mule_laundering,0
8043234C0,75,0.0001034500594837842,8.448640027587396e-07,mule_laundering,1
804323E60,75,7.758754461283815e-05,2.4138971507392564e-07,mule_laundering,1
805446E60,36,0.0001034500594837842,9.207293417819735e-05,mule_laundering,1
80544C970,36,0.0001551750892256763,5.370921160394845e-05,mule_laundering,1
805448F20,36,5.17250297418921e-05,7.672744514849779e-06,legit,1
805449560,36,0.0001034500594837842,1.5345489029699558e-05,mule_laundering,1
805A03850,567,5.17250297418921e-05,0.0,mule_laundering,0
805A03FA0,567,7.758754461283815e-05,0.0,mule_laundering,0
805A3FD00,2,5.17250297418921e-05,7.672744514849779e-06,legit,1
808D0D390,568,5.17250297418921e-05,0.0,mule_laundering,0
808D0D3E0,568,5.17250297418921e-05,0.0,mule_laundering,0
80DE95040,2,7.758754461283815e-05,1.5345489029699558e-05,legit,1
80FEA8E60,2,5.17250297418921e-05,7.672744514849779e-06,legit,1
80A88D090,569,5.17250297418921e-05,0.0,mule_laundering,0
80A88D950,569,7.758754461283815e-05,0.0,mule_laundering,0
804CC1120,345,5.17250297418921e-05,0.0,mule_laundering,1
805420F60,3,5.17250297418921e-05,7.672744514849779e-06,legit,1
80626AFB0,60,5.17250297418921e-05,7.672744514849779e-06,legit,1
806AB9080,60,5.17250297418921e-05,7.672744514849779e-06,legit,1
81029E550,70,7.758754461283815e-05,1.5345489029699558e-05,legit,1
80BC333F0,570,7.758754461283815e-05,3.44842450105608e-08,mule_laundering,0
8005DB5B0,570,7.758754461283815e-05,8.6210612526402e-08,mule_laundering,0
805C64C90,570,5.17250297418921e-05,1.72421225052804e-08,mule_laundering,0
8094C64E0,2,7.758754461283815e-05,5.370921160394845e-05,mule_laundering,1
80BDBCEC0,571,5.17250297418921e-05,0.0,legit,0
80BDBC7E0,571,7.758754461283815e-05,0.0,legit,0
810408DE0,7,0.00012931257435473025,0.00030032328891978026,mule_laundering,1
8078BBB00,28,5.17250297418921e-05,7.672744514849779e-06,legit,1
808316D00,28,7.758754461283815e-05,1.5345489029699558e-05,mule_laundering,1
810F96260,572,7.758754461283815e-05,0.0,mule_laundering,0
8110219B0,572,7.758754461283815e-05,0.0,mule_laundering,0
808F73230,50,0.0001034500594837842,2.3018233544549336e-05,legit,1
80D604D40,92,7.758754461283815e-05,1.5345489029699558e-05,legit,1
800DDFC90,71,7.758754461283815e-05,3.0690978059399115e-05,mule_laundering,1
800DE0A20,71,7.758754461283815e-05,1.5345489029699558e-05,mule_laundering,1
803FFD830,573,5.17250297418921e-05,0.0,mule_laundering,0
803FFD880,573,5.17250297418921e-05,0.0,mule_laundering,0
80C118D80,2,5.17250297418921e-05,7.672744514849779e-06,mule_laundering,1
80117E2E0,125,7.758754461283815e-05,0.0,mule_laundering,1
812A37F10,2,5.17250297418921e-05,7.672744514849779e-06,legit,1
812AC6F80,2,5.17250297418921e-05,7.672744514849779e-06,legit,1
80319D700,28,7.758754461283815e-05,1.5345489029699558e-05,legit,1
808010440,28,5.17250297418921e-05,7.672744514849779e-06,legit,1
80048C830,574,5.17250297418921e-05,1.72421225052804e-08,legit,0
80B28A770,574,5.17250297418921e-05,0.0,legit,0
80BC93EC0,575,0.0001551750892256763,0.0,mule_laundering,1
80BC96640,575,7.758754461283815e-05,0.0,mule_laundering,1
80BC94290,575,7.758754461283815e-05,0.0,mule_laundering,1
812F8C830,33,5.17250297418921e-05,7.672744514849779e-06,legit,1
80036B130,18,5.17250297418921e-05,7.672744514849779e-06,legit,1
80036D360,18,7.758754461283815e-05,2.3018233544549336e-05,mule_laundering,1
802148820,576,5.17250297418921e-05,0.0,legit,0
80B1EE530,576,7.758754461283815e-05,0.0,mule_laundering,0
8114B1BE0,50,5.17250297418921e-05,7.672744514849779e-06,legit,1
8077143B0,339,7.758754461283815e-05,0.0,mule_laundering,0
8105D6810,70,0.0001034500594837842,2.3018233544549336e-05,legit,1
811B6E170,71,0.0004138002379351368,1.3811620262096974e-05,mule_laundering,1
813B40A41,75,7.758754461283815e-05,1.206948575369628e-06,legit,1
8027DF560,144,7.758754461283815e-05,7.672744514849779e-06,mule_laundering,1
80BD5D6F0,50,7.758754461283815e-05,0.00010125759264515246,mule_laundering,1
80D298930,2,0.0001034500594837842,2.3018233544549336e-05,legit,1
811387410,2,5.17250297418921e-05,7.672744514849779e-06,legit,1
80D0CAEB0,24,7.758754461283815e-05,0.0,legit,0
807860C00,577,7.758754461283815e-05,3.44842450105608e-08,legit,0
807862410,577,5.17250297418921e-05,5.17263675158412e-08,legit,0
80B77E2A0,28,5.17250297418921e-05,7.672744514849779e-06,legit,1
80B9552F0,28,5.17250297418921e-05,7.672744514849779e-06,legit,1
80DE46A70,28,5.17250297418921e-05,7.672744514849779e-06,mule_laundering,1
810805FE0,28,0.0001551750892256763,5.370921160394845e-05,mule_laundering,1
80476D6E0,54,7.758754461283815e-05,1.5345489029699558e-05,legit,1
8095DB420,578,0.0001034500594837842,0.0,mule_laundering,0
8095DB560,578,7.758754461283815e-05,0.0,mule_laundering,0
80D6865E0,579,7.758754461283815e-05,3.44842450105608e-08,mule_laundering,0
80D69D360,579,5.17250297418921e-05,5.17263675158412e-08,mule_laundering,0
80D70F410,92,5.17250297418921e-05,7.672744514849779e-06,legit,1
810BC6B70,580,5.17250297418921e-05,0.0,mule_laundering,0
810BC6CB0,580,5.17250297418921e-05,0.0,mule_laundering,0
810EC7DC0,70,0.00012931257435473025,6.138195611879823e-05,mule_laundering,1
8100B34B0,175,0.0002069001189675684,0.00014547178757705074,mule_laundering,1
80C27C850,175,0.0001034500594837842,4.6041393409814466e-05,mule_laundering,1
80A99BDA0,175,0.0002069001189675684,0.00014555157984110618,mule_laundering,1
806B16210,175,7.758754461283815e-05,7.677670835565572e-06,mule_laundering,1
80B136B30,175,7.758754461283815e-05,7.677670835565572e-06,mule_laundering,1
80A8E3230,175,0.00012931257435473025,0.00013811432758801178,mule_laundering,1
8108DB590,175,0.0001034500594837842,1.535041535041535e-05,mule_laundering,1
802974110,175,0.0001034500594837842,1.535041535041535e-05,mule_laundering,1
813FA1971,75,7.758754461283815e-05,2.4138971507392564e-07,legit,1
808336F40,2,5.17250297418921e-05,7.672744514849779e-06,legit,1
80D43B3B0,581,5.17250297418921e-05,0.0,mule_laundering,0
80D445A20,581,7.758754461283815e-05,0.0,mule_laundering,0
81104BBC0,582,5.17250297418921e-05,0.0,mule_laundering,0
81104BC10,582,5.17250297418921e-05,1.72421225052804e-08,mule_laundering,0
801812020,28,7.758754461283815e-05,7.672744514849779e-06,legit,1
803733BA0,28,5.17250297418921e-05,7.672744514849779e-06,legit,1
8044DB1F0,50,7.758754461283815e-05,0.0002219578430104746,legit,1
8044DC830,50,5.17250297418921e-05,7.672744514849779e-06,legit,1
811879F20,3,7.758754461283815e-05,1.5345489029699558e-05,legit,1
8122A91E0,3,7.758754461283815e-05,1.5345489029699558e-05,legit,1
80949D340,42,5.17250297418921e-05,7.672744514849779e-06,mule_laundering,1
8094B7D00,42,5.17250297418921e-05,0.0002066468382257856,legit,1
813D8FA01,75,7.758754461283815e-05,2.4138971507392564e-07,legit,1
814438721,583,7.758754461283815e-05,0.0,legit,0
8142A97E1,583,5.17250297418921e-05,0.0,legit,0
805A4C060,2,5.17250297418921e-05,7.672744514849779e-06,legit,1
8013028A0,584,0.0001034500594837842,0.0,mule_laundering,0
80AE6F6F0,584,5.17250297418921e-05,0.0,legit,0
80F63ABE0,2,5.17250297418921e-05,7.660609465321379e-06,legit,1
811E09EC0,2,7.758754461283815e-05,1.5345489029699558e-05,legit,1
8001D6370,33,0.0001034500594837842,3.774920458714934e-05,mule_laundering,1
8044C3210,54,7.758754461283815e-05,1.5345489029699558e-05,legit,1
80DBF2D60,99,5.17250297418921e-05,7.672744514849779e-06,mule_laundering,1
80FF6CF20,585,5.17250297418921e-05,1.72421225052804e-08,mule_laundering,0
80FF6CD50,585,5.17250297418921e-05,3.44842450105608e-08,mule_laundering,0
805ADB1B0,2,5.17250297418921e-05,7.672744514849779e-06,legit,1
805B38080,586,5.17250297418921e-05,0.0,mule_laundering,0
805B38120,586,5.17250297418921e-05,0.0,mule_laundering,0
80677CA30,2,7.758754461283815e-05,1.5345489029699558e-05,legit,1
807555720,587,5.17250297418921e-05,1.2069485753696282e-07,legit,1
807555770,587,0.0001034500594837842,1.72421225052804e-07,mule_laundering,1
8075535A0,587,5.17250297418921e-05,3.44842450105608e-08,mule_laundering,1
807555630,587,5.17250297418921e-05,1.2069485753696282e-07,legit,1
808934970,2,5.17250297418921e-05,7.672744514849779e-06,legit,1
80AF4AE80,2,5.17250297418921e-05,7.672744514849779e-06,legit,1
80B6CF710,2,5.17250297418921e-05,7.672744514849779e-06,legit,1
80F247760,588,5.17250297418921e-05,0.0,mule_laundering,0
80F242AA0,588,7.758754461283815e-05,0.0,mule_laundering,0
80F9778B0,2,5.17250297418921e-05,7.672744514849779e-06,legit,1
81272C840,2,5.17250297418921e-05,7.672744514849779e-06,legit,1
807237050,589,0.0001034500594837842,0.0,mule_laundering,0
808A43E80,589,5.17250297418921e-05,0.0,legit,0
80E2EDC30,28,5.17250297418921e-05,7.672744514849779e-06,mule_laundering,1
811905710,542,5.17250297418921e-05,0.0,legit,1
8036C7F30,50,5.17250297418921e-05,7.672744514849779e-06,legit,1
80B1EE580,576,7.758754461283815e-05,0.0,mule_laundering,0
804A433D0,590,0.00012931257435473025,0.0,legit,0
80541F3D0,590,7.758754461283815e-05,0.0,legit,0
806200730,591,5.17250297418921e-05,1.72421225052804e-08,legit,1
8061DD610,591,7.758754461283815e-05,5.17263675158412e-08,mule_laundering,1
8122301C0,71,7.758754461283815e-05,0.0002143023406181301,legit,1
8003BB5F0,220,0.00012931257435473025,3.8363722574248894e-05,mule_laundering,1
8004DB220,220,5.17250297418921e-05,7.672744514849779e-06,mule_laundering,1
801046A80,28,7.758754461283815e-05,0.00021430234061812996,mule_laundering,1
8001555A0,592,0.0001551750892256763,0.0,mule_laundering,0
80678E970,592,5.17250297418921e-05,0.0,legit,0
8094C3670,593,7.758754461283815e-05,0.0,mule_laundering,0
8094C77F0,593,5.17250297418921e-05,0.0,mule_laundering,0
80DCE0040,594,5.17250297418921e-05,0.0,mule_laundering,0
80DCE0180,594,5.17250297418921e-05,0.0,mule_laundering,0
804774180,595,0.0001034500594837842,1.379369800422432e-07,legit,1
80C48F890,595,0.0001034500594837842,8.6210612526402e-08,mule_laundering,1
8063A10E0,60,5.17250297418921e-05,7.672744514849779e-06,legit,1
80CC260A0,36,0.0001034500594837842,2.3018233544549336e-05,legit,1
811E3C9F0,71,0.00012931257435473025,0.00023859055499408392,mule_laundering,1
800146B60,33,0.0001551750892256763,0.0003728704834501865,mule_laundering,1
8004BA030,33,0.0001034500594837842,0.0003132443501398426,mule_laundering,1
800CD72D0,596,5.17250297418921e-05,1.72421225052804e-08,legit,0
800DE1600,596,7.758754461283815e-05,0.0,legit,0
801ABBFE0,58,7.758754461283815e-05,1.5345489029699558e-05,mule_laundering,1
801ABC3E0,58,0.0001034500594837842,3.8363722574248894e-05,mule_laundering,1
801D49930,356,5.17250297418921e-05,0.0,mule_laundering,0
806A199C0,597,0.0001034500594837842,0.0,mule_laundering,0
806A1E350,597,7.758754461283815e-05,0.0,mule_laundering,0
8013F7460,307,7.758754461283815e-05,4.603646708909867e-05,mule_laundering,1
80887AC50,307,7.758754461283815e-05,6.138195611879823e-05,mule_laundering,1
80E32A2A0,2,7.758754461283815e-05,1.5345489029699558e-05,legit,1
8130E2ED0,2,7.758754461283815e-05,1.5345489029699558e-05,legit,1
802D2F870,28,7.758754461283815e-05,3.0690978059399115e-05,legit,1
80A1AB960,28,0.0001034500594837842,2.3018233544549336e-05,legit,1
802167860,50,7.758754461283815e-05,1.5345489029699558e-05,mule_laundering,1
804C68690,3,5.17250297418921e-05,7.672744514849779e-06,legit,1
808693FD0,598,7.758754461283815e-05,6.89684900211216e-08,mule_laundering,0
808694020,598,7.758754461283815e-05,3.44842450105608e-08,mule_laundering,0
80DAFBCD0,92,5.17250297418921e-05,7.672744514849779e-06,legit,1
80E235110,599,7.758754461283815e-05,0.0,mule_laundering,0
80E235160,599,7.758754461283815e-05,0.0,mule_laundering,0
81034B360,512,5.17250297418921e-05,0.0,mule_laundering,0
810CF6080,600,0.0001034500594837842,3.44842450105608e-08,legit,1
810CF5680,600,7.758754461283815e-05,1.72421225052804e-08,legit,1
80491D7F0,166,5.17250297418921e-05,0.0,mule_laundering,1
804DE98D0,2,5.17250297418921e-05,7.672744514849779e-06,legit,1
80153A660,601,5.17250297418921e-05,3.44842450105608e-08,legit,0
80A19A0D0,601,5.17250297418921e-05,1.72421225052804e-08,legit,0
80A386CB0,152,5.17250297418921e-05,0.0,mule_laundering,1
81190EC80,602,5.17250297418921e-05,0.0,mule_laundering,0
81190F1B0,602,7.758754461283815e-05,0.0,mule_laundering,0
811CEEFB0,2,5.17250297418921e-05,7.672744514849779e-06,mule_laundering,1
813B189B0,2,0.0001034500594837842,0.00023723436355015307,legit,1
80355C180,603,5.17250297418921e-05,0.0,mule_laundering,0
8035630F0,603,5.17250297418921e-05,0.0,mule_laundering,0
80AEF2B90,28,5.17250297418921e-05,7.672744514849779e-06,legit,1
808A5DAE0,103,0.0001034500594837842,2.3018233544549336e-05,legit,1
8128B7E30,103,7.758754461283815e-05,3.8363722574248894e-05,legit,1
8096751E0,42,7.758754461283815e-05,7.602633765417204e-05,mule_laundering,1
80F4351F0,511,5.17250297418921e-05,0.0,legit,0
8120065B0,604,5.17250297418921e-05,5.17263675158412e-08,mule_laundering,0
8120072E0,604,5.17250297418921e-05,1.7253624921894996e-08,mule_laundering,0
813F404B1,605,7.758754461283815e-05,0.0,mule_laundering,0
813F469D1,605,5.17250297418921e-05,0.0,mule_laundering,0
8043A0FB0,144,0.0006207003569027052,0.003138259349052349,mule_laundering,1
8070F7320,42,5.17250297418921e-05,7.672744514849779e-06,mule_laundering,1
80A0B51B0,2,5.17250297418921e-05,0.00020664683822578563,legit,1
80687C590,28,0.00012931257435473025,3.0690978059399115e-05,legit,1
81258C9C0,28,0.00012931257435473025,3.0690978059399115e-05,legit,1
8007C5C80,4,0.00012931257435473025,0.00024490710806500285,mule_laundering,1
802F72B60,4,7.758754461283815e-05,0.00026013190223716544,mule_laundering,1
805D107C0,3,0.0001034500594837842,3.8363722574248894e-05,mule_laundering,1
805D13150,3,7.758754461283815e-05,1.5345489029699558e-05,mule_laundering,1
8098D9AB0,606,5.17250297418921e-05,0.0,mule_laundering,0
8098DA390,606,7.758754461283815e-05,0.0,mule_laundering,0
80E12A290,607,7.758754461283815e-05,6.89684900211216e-08,mule_laundering,1
804DE3CB0,607,0.0001034500594837842,2.758739600844864e-07,mule_laundering,1
811F41AC0,607,0.0001034500594837842,1.034527350316824e-07,mule_laundering,1
8042BFA00,607,7.758754461283815e-05,3.44842450105608e-08,mule_laundering,1
80E2226E0,11,0.00018103760409662236,8.7510564065588e-05,mule_laundering,1
80E35D820,11,7.758754461283815e-05,7.678491889018205e-06,mule_laundering,1
8097D85A0,11,7.758754461283815e-05,7.678491889018205e-06,mule_laundering,1
803E261B0,11,0.0001034500594837842,0.0004408577799621554,mule_laundering,1
80A12EEA0,11,0.00012931257435473025,5.371495897811688e-05,mule_laundering,1
814601EA1,75,5.17250297418921e-05,1.2069485753696282e-07,legit,1
80354BC90,2,7.758754461283815e-05,1.5345489029699558e-05,legit,1
804FAECA0,2,5.17250297418921e-05,7.660609465321379e-06,legit,1
806C374B0,2,5.17250297418921e-05,7.672744514849779e-06,legit,1
80BD6A940,2,5.17250297418921e-05,7.672744514849779e-06,legit,1
8135CA190,2,0.0001034500594837842,3.0690978059399115e-05,mule_laundering,1
8135CA1E0,2,5.17250297418921e-05,7.672744514849779e-06,mule_laundering,1
8080CDEA0,28,5.17250297418921e-05,7.672744514849779e-06,legit,1
80CE70BB0,28,7.758754461283815e-05,1.5345489029699558e-05,legit,1
80DEBCFF0,28,5.17250297418921e-05,7.672744514849779e-06,mule_laundering,1
809F4FA40,608,5.17250297418921e-05,0.0,mule_laundering,0
809F4DFF0,608,5.17250297418921e-05,0.0,mule_laundering,0
804316310,609,0.0001034500594837842,5.17263675158412e-08,mule_laundering,0
804326F60,609,7.758754461283815e-05,8.6210612526402e-08,mule_laundering,0
803F28880,610,0.0001034500594837842,0.0,mule_laundering,0
803F2A9F0,610,5.17250297418921e-05,0.0,mule_laundering,0
804CB9680,3,5.17250297418921e-05,7.660609465321379e-06,legit,1
8087B9180,61,5.17250297418921e-05,7.672744514849779e-06,legit,1
809949BC0,42,5.17250297418921e-05,7.672744514849779e-06,legit,1
8054167C0,2,5.17250297418921e-05,7.672744514849779e-06,mule_laundering,1
80B18E250,12,0.00018103760409662236,0.0005337260506638496,mule_laundering,1
80EBB6CD0,75,7.758754461283815e-05,2.4138971507392564e-07,legit,1
80F259180,2,7.758754461283815e-05,7.672744514849779e-06,mule_laundering,1
80F2591D0,2,0.0001034500594837842,1.5345489029699558e-05,mule_laundering,1
810AF9A50,2,5.17250297418921e-05,7.660609465321379e-06,legit,1
810D05240,611,7.758754461283815e-05,0.0,mule_laundering,0
810D06D90,611,0.0001034500594837842,0.0,mule_laundering,0
800F00DF0,28,5.17250297418921e-05,7.672744514849779e-06,legit,1
80016A830,104,0.00012931257435473025,0.00032428894393905414,mule_laundering,1
801AE4070,40,0.0001034500594837842,0.00021845776739017438,mule_laundering,1
809AD2AE0,612,7.758754461283815e-05,0.0,mule_laundering,0
809AD2B30,612,0.0001034500594837842,0.0,mule_laundering,0
8059D5880,613,7.758754461283815e-05,0.0,mule_laundering,0
8059FBC60,613,7.758754461283815e-05,0.0,mule_laundering,0
8070341E0,60,7.758754461283815e-05,1.5345489029699558e-05,legit,1
80AF7A7F0,12,7.758754461283815e-05,1.5345489029699558e-05,legit,1
81120D9A0,614,7.758754461283815e-05,0.0,legit,0
8114ED110,614,5.17250297418921e-05,0.0,legit,0
807274B20,191,5.17250297418921e-05,7.672744514849779e-06,legit,1
808D6DF20,2,0.0001034500594837842,5.370921160394845e-05,mule_laundering,1
80CD430C0,2,7.758754461283815e-05,1.5345489029699558e-05,legit,1
80E1516E0,2,7.758754461283815e-05,7.672744514849779e-06,mule_laundering,1
80E151820,2,0.0001034500594837842,1.5345489029699558e-05,mule_laundering,1
811703710,2,5.17250297418921e-05,7.672744514849779e-06,legit,1
802507710,615,7.758754461283815e-05,0.0,mule_laundering,0
8025077B0,615,5.17250297418921e-05,0.0,mule_laundering,0
8080515C0,28,5.17250297418921e-05,7.672744514849779e-06,legit,1
8026EC3B0,28,7.758754461283815e-05,1.5345489029699558e-05,legit,1
80B912520,28,5.17250297418921e-05,7.672744514849779e-06,mule_laundering,1
8013CEF00,50,0.0001034500594837842,2.3018233544549336e-05,legit,1
8035D8340,616,0.00012931257435473025,0.0,mule_laundering,0
8035D8D20,616,7.758754461283815e-05,0.0,mule_laundering,0
803F52750,412,0.0001034500594837842,0.0,legit,0
80A50ED60,617,7.758754461283815e-05,0.0,legit,0
80AD82350,617,0.0001034500594837842,0.0,mule_laundering,0
80ECAB9A0,61,0.00012931257435473025,2.3018233544549336e-05,mule_laundering,1
806C30AA0,61,7.758754461283815e-05,7.672744514849779e-06,mule_laundering,1
80286B180,618,5.17250297418921e-05,0.0,mule_laundering,0
80286B740,618,5.17250297418921e-05,0.0,mule_laundering,0
802EE1610,2,5.17250297418921e-05,7.672744514849779e-06,legit,1
806C52330,2,5.17250297418921e-05,7.672744514849779e-06,legit,1
8041B2490,122,0.00012931257435473025,1.034527350316824e-07,mule_laundering,1
806CB5DC0,122,5.17250297418921e-05,1.72421225052804e-08,legit,1
8079ED520,619,7.758754461283815e-05,0.0,mule_laundering,0
8079F41C0,619,5.17250297418921e-05,0.0,mule_laundering,0
8116EF5E0,2,5.17250297418921e-05,7.672744514849779e-06,legit,1
8036697C0,607,5.17250297418921e-05,3.44842450105608e-08,legit,1
807E2E610,607,7.758754461283815e-05,1.034527350316824e-07,mule_laundering,1
80CAC07C0,620,5.17250297418921e-05,0.0,legit,0
80CB1E850,620,7.758754461283815e-05,0.0,legit,0
811810FF0,70,5.17250297418921e-05,7.672744514849779e-06,legit,1
8049EE130,621,0.0001034500594837842,0.0,mule_laundering,1
80C9CEC30,621,0.0001034500594837842,0.0,mule_laundering,1
809F265F0,621,7.758754461283815e-05,0.0,mule_laundering,1
8087B9410,621,7.758754461283815e-05,0.0,mule_laundering,1
804853540,621,0.00012931257435473025,0.0,mule_laundering,1
80211CB70,622,7.758754461283815e-05,0.0,mule_laundering,0
8080B08A0,622,5.17250297418921e-05,0.0,mule_laundering,0
80996C170,2,5.17250297418921e-05,7.672744514849779e-06,mule_laundering,1
80A6C74F0,623,5.17250297418921e-05,0.0,mule_laundering,0
808595F50,623,7.758754461283815e-05,0.0,mule_laundering,0
809925180,2,5.17250297418921e-05,7.672744514849779e-06,mule_laundering,1
8018DB540,28,7.758754461283815e-05,1.5345489029699558e-05,mule_laundering,1
80CF52AB0,97,5.17250297418921e-05,7.672744514849779e-06,mule_laundering,1
80DEA1270,624,7.758754461283815e-05,0.0,mule_laundering,0
80661C800,624,5.17250297418921e-05,1.72421225052804e-08,mule_laundering,0
81427E771,75,0.00012931257435473025,6.03474287684814e-07,account_takeover,1
800EA0440,2,5.17250297418921e-05,7.672744514849779e-06,mule_laundering,1
801284F30,625,7.758754461283815e-05,0.0,mule_laundering,0
801286470,625,5.17250297418921e-05,0.0,mule_laundering,0
8017F4000,626,5.17250297418921e-05,0.0,mule_laundering,0
8017F4140,626,5.17250297418921e-05,0.0,mule_laundering,0
80A3C3420,2,7.758754461283815e-05,1.5345489029699558e-05,legit,1
80D466970,2,5.17250297418921e-05,7.672744514849779e-06,legit,1
80E65BC50,627,5.17250297418921e-05,0.0,mule_laundering,0
80E65BCF0,627,7.758754461283815e-05,0.0,mule_laundering,0
811796ED0,2,5.17250297418921e-05,7.672744514849779e-06,legit,1
800E46A40,28,5.17250297418921e-05,7.672744514849779e-06,mule_laundering,1
8044D0540,628,7.758754461283815e-05,6.89684900211216e-08,mule_laundering,0
8044D0BD0,628,7.758754461283815e-05,3.44842450105608e-08,mule_laundering,0
8054F4350,3,5.17250297418921e-05,7.672744514849779e-06,legit,1
801703570,41,7.758754461283815e-05,0.0005488943488943489,mule_laundering,1
802E2AD70,0,0.0007500129312574354,0.008014063915376981,mule_laundering,1
80CD85F90,629,0.0001034500594837842,0.0,mule_laundering,0
80CD86F10,629,5.17250297418921e-05,0.0,mule_laundering,0
813AC1660,630,5.17250297418921e-05,0.0,mule_laundering,0
813AC2F20,630,7.758754461283815e-05,0.0,mule_laundering,0
80B600F20,105,5.17250297418921e-05,0.0,legit,1
80D955860,631,0.0001034500594837842,0.0007560325876115346,mule_laundering,1
804F7C160,3,5.17250297418921e-05,7.672744514849779e-06,legit,1
80FE66E50,70,0.0001034500594837842,3.0642437861285514e-05,mule_laundering,1
810518030,632,5.17250297418921e-05,0.0,mule_laundering,0
810518120,632,7.758754461283815e-05,0.0,mule_laundering,0
811DB9EA0,71,7.758754461283815e-05,2.3018233544549336e-05,mule_laundering,1
800B68E00,155,5.17250297418921e-05,7.672744514849779e-06,mule_laundering,1
80437D050,155,0.0003620752081932447,0.00023018233544549335,mule_laundering,1
80932E380,155,7.758754461283815e-05,1.5345489029699558e-05,mule_laundering,1
806C896A0,155,5.17250297418921e-05,7.672744514849779e-06,mule_laundering,1
8007354D0,155,7.758754461283815e-05,1.5345489029699558e-05,mule_laundering,1
8055AE170,155,7.758754461283815e-05,1.5345489029699558e-05,mule_laundering,1
80049A310,155,0.0001034500594837842,2.3018233544549336e-05,mule_laundering,1
8009C77C0,155,7.758754461283815e-05,1.5345489029699558e-05,mule_laundering,1
804A8B6A0,155,5.17250297418921e-05,7.672744514849779e-06,mule_laundering,1
8003B00D0,155,5.17250297418921e-05,7.672744514849779e-06,mule_laundering,1
807CA3510,155,7.758754461283815e-05,1.5345489029699558e-05,mule_laundering,1
802043170,155,5.17250297418921e-05,7.672744514849779e-06,mule_laundering,1
80BA89030,4,0.0001034500594837842,2.6071514875342622e-05,mule_laundering,1
80ECB7C60,4,7.758754461283815e-05,1.5345489029699558e-05,mule_laundering,1
804CEC8B0,4,7.758754461283815e-05,1.5345489029699558e-05,mule_laundering,1
807E79C00,4,5.17250297418921e-05,0.00020664683822578563,mule_laundering,1
80FFE6DD0,4,5.17250297418921e-05,7.672744514849779e-06,mule_laundering,1
80143D710,4,5.17250297418921e-05,7.672744514849779e-06,mule_laundering,1
80C9A5530,4,5.17250297418921e-05,3.0690978059399115e-05,mule_laundering,1
814281731,633,5.17250297418921e-05,0.0,mule_laundering,0
814281781,633,5.17250297418921e-05,0.0,mule_laundering,0
80033AD80,37,7.758754461283815e-05,7.672744514849779e-06,mule_laundering,1
800136540,284,7.758754461283815e-05,4.603646708909867e-05,mule_laundering,1
80E3069E0,2,7.758754461283815e-05,5.370921160394845e-05,mule_laundering,1
81334B2D0,2,0.0001034500594837842,0.00022195784301047464,legit,1
800AE81F0,28,5.17250297418921e-05,7.672744514849779e-06,mule_laundering,1
803D26E10,634,5.17250297418921e-05,0.0,mule_laundering,0
803D26DC0,634,5.17250297418921e-05,0.0,mule_laundering,0
803E63D60,54,5.17250297418921e-05,7.672744514849779e-06,mule_laundering,1
809994390,421,7.758754461283815e-05,1.034527350316824e-07,mule_laundering,1
80B75BFF0,36,5.17250297418921e-05,7.672744514849779e-06,mule_laundering,1
80CE48550,635,5.17250297418921e-05,0.0,mule_laundering,0
80CE4AE30,635,5.17250297418921e-05,0.0,mule_laundering,0
811C2D3E0,71,5.17250297418921e-05,7.672744514849779e-06,mule_laundering,1
80DD3D780,272,5.17250297418921e-05,7.672744514849779e-06,mule_laundering,1
80C8324E0,272,7.758754461283815e-05,6.061677535361747e-05,mule_laundering,1
80FBC4B50,272,0.0001034500594837842,4.5357496936444305e-05,mule_laundering,1
80C8119E0,272,7.758754461283815e-05,2.553028763555079e-05,mule_laundering,1
802E79D60,272,7.758754461283815e-05,1.9471898419266842e-05,mule_laundering,1
800C21050,272,0.0001034500594837842,2.4787767945662693e-05,mule_laundering,1
801BE1590,41,5.17250297418921e-05,7.672744514849779e-06,mule_laundering,1
8010D4440,41,0.0006465628717736513,0.0014311674486204786,mule_laundering,1
80803C930,41,7.758754461283815e-05,1.5345489029699558e-05,mule_laundering,1
806CF1310,41,0.0001034500594837842,0.0002601491443596707,mule_laundering,1
8048E30F0,41,7.758754461283815e-05,1.5345489029699558e-05,mule_laundering,1
80BAEB110,41,5.17250297418921e-05,7.672744514849779e-06,mule_laundering,1
8066C7E10,41,7.758754461283815e-05,1.5345489029699558e-05,mule_laundering,1
80C73E400,41,5.17250297418921e-05,7.672744514849779e-06,mule_laundering,1
801228520,41,7.758754461283815e-05,1.5345489029699558e-05,mule_laundering,1
8021F0F10,41,5.17250297418921e-05,7.672744514849779e-06,mule_laundering,1
80CD41030,41,5.17250297418921e-05,7.672744514849779e-06,mule_laundering,1
80C2D6120,41,7.758754461283815e-05,1.5345489029699558e-05,mule_laundering,1
80485EDA0,41,5.17250297418921e-05,7.672744514849779e-06,mule_laundering,1
8043CA5F0,41,0.0001034500594837842,0.0002219578430104746,mule_laundering,1
801E7B850,41,5.17250297418921e-05,7.672744514849779e-06,mule_laundering,1
809379140,41,7.758754461283815e-05,0.0002143023406181301,mule_laundering,1
80EB2C3F0,41,7.758754461283815e-05,1.5345489029699558e-05,mule_laundering,1
80D31F5E0,41,0.0001034500594837842,3.8363722574248894e-05,mule_laundering,1
80012A760,33,0.00012931257435473025,0.00039995436756510937,mule_laundering,1
8016AC0E0,2,5.17250297418921e-05,7.672744514849779e-06,legit,1
80E076DE0,636,7.758754461283815e-05,5.17263675158412e-08,mule_laundering,0
80E077CE0,636,5.17250297418921e-05,1.72421225052804e-08,mule_laundering,0
814257160,2,7.758754461283815e-05,0.0002524936419673262,legit,1
80ADEBBB0,12,7.758754461283815e-05,1.5345489029699558e-05,mule_laundering,1
80F03EC20,99,5.17250297418921e-05,0.0002066468382257856,mule_laundering,1
811418F70,70,5.17250297418921e-05,7.672744514849779e-06,legit,1
801C4DD80,637,5.17250297418921e-05,0.0,mule_laundering,0
801C4E2A0,637,0.0001034500594837842,0.0,mule_laundering,0
801CEFD30,2,5.17250297418921e-05,7.672744514849779e-06,legit,1
80B467B30,638,5.17250297418921e-05,0.0,legit,0
80524CEC0,638,0.0001551750892256763,0.0,legit,0
80BFA5030,2,7.758754461283815e-05,7.672744514849779e-06,legit,1
810747E80,429,7.758754461283815e-05,3.44842450105608e-08,legit,0
80C0A4990,28,5.17250297418921e-05,7.672744514849779e-06,legit,1
814665750,639,7.758754461283815e-05,0.0,legit,0
80A7452E0,639,0.0001034500594837842,0.0,legit,0
804D8A790,640,5.17250297418921e-05,1.72421225052804e-08,legit,0
80608C780,640,7.758754461283815e-05,5.17263675158412e-08,mule_laundering,0
80AD1C820,12,7.758754461283815e-05,3.637127962486812e-05,mule_laundering,1
811E46B10,52,5.17250297418921e-05,7.660609465321379e-06,legit,1
8129DD5B0,641,5.17250297418921e-05,1.72421225052804e-08,legit,0
8123F5C20,641,7.758754461283815e-05,0.0,mule_laundering,0
814111441,642,5.17250297418921e-05,0.0,mule_laundering,0
8141115D1,642,5.17250297418921e-05,0.0,mule_laundering,0
80150D5F0,643,0.0001034500594837842,0.0,mule_laundering,0
80150E250,643,5.17250297418921e-05,0.0,mule_laundering,0
8046D5130,185,5.17250297418921e-05,0.0,mule_laundering,0
805544A40,28,7.758754461283815e-05,1.5345489029699558e-05,mule_laundering,1
80A9AB930,644,5.17250297418921e-05,0.0,mule_laundering,0
80A9B50B0,644,0.0001034500594837842,0.0,mule_laundering,0
80A9AC0A0,644,7.758754461283815e-05,0.0,legit,0
801F31AE0,645,5.17250297418921e-05,0.0,mule_laundering,0
801F33690,645,5.17250297418921e-05,0.0,mule_laundering,0
8066F5810,646,5.17250297418921e-05,0.0,mule_laundering,0
8066F5860,646,5.17250297418921e-05,0.0,mule_laundering,0
810E38A20,647,5.17250297418921e-05,0.0,mule_laundering,0
810E39080,647,5.17250297418921e-05,0.0,mule_laundering,0
807923A90,436,7.758754461283815e-05,0.0,mule_laundering,0
800072EF0,11,7.758754461283815e-05,1.5345489029699558e-05,mule_laundering,1
809DACA80,11,0.0005948378420317592,0.0015601669016893354,mule_laundering,1
806C84040,11,5.17250297418921e-05,7.672744514849779e-06,mule_laundering,1
806E95350,11,5.17250297418921e-05,7.672744514849779e-06,mule_laundering,1
803A1AC00,11,7.758754461283815e-05,1.5345489029699558e-05,mule_laundering,1
80DF654B0,11,7.758754461283815e-05,1.5345489029699558e-05,mule_laundering,1
806AA7880,11,0.0001034500594837842,2.3018233544549336e-05,mule_laundering,1
809B70360,11,7.758754461283815e-05,5.370921160394845e-05,mule_laundering,1
80B169DD0,11,0.00012931257435473025,3.0690978059399115e-05,mule_laundering,1
8050A3DA0,11,5.17250297418921e-05,7.672744514849779e-06,mule_laundering,1
801F03B10,11,5.17250297418921e-05,7.672744514849779e-06,mule_laundering,1
80B8AB270,11,7.758754461283815e-05,1.5345489029699558e-05,mule_laundering,1
80CD01840,11,5.17250297418921e-05,7.672744514849779e-06,mule_laundering,1
8014E6C60,11,7.758754461283815e-05,1.5345489029699558e-05,mule_laundering,1
80DC085E0,11,5.17250297418921e-05,7.660609465321379e-06,mule_laundering,1
80DD29680,11,0.0001034500594837842,0.0009469289910841162,mule_laundering,1
804232A80,11,7.758754461283815e-05,1.5345489029699558e-05,mule_laundering,1
80C93DF00,189,0.0003620752081932447,0.00032407719777838913,mule_laundering,1
801928280,189,7.758754461283815e-05,7.672744514849779e-06,mule_laundering,1
8053B01E0,189,0.0003620752081932447,0.00032407719777838913,mule_laundering,1
8049DF570,189,7.758754461283815e-05,7.672744514849779e-06,mule_laundering,1
8113EEDB0,189,7.758754461283815e-05,7.672744514849779e-06,mule_laundering,1
806F3C5B0,189,0.00012931257435473025,2.3018233544549336e-05,mule_laundering,1
80A5176A0,189,7.758754461283815e-05,7.672744514849779e-06,mule_laundering,1
809E26AD0,189,7.758754461283815e-05,7.672744514849779e-06,mule_laundering,1
80A9491C0,189,0.0001034500594837842,3.0690978059399115e-05,mule_laundering,1
80BFD9240,189,0.0001034500594837842,0.0002143023406181301,mule_laundering,1
80B8C96C0,189,0.0001034500594837842,1.5321218930642757e-05,mule_laundering,1
8000C76D0,189,0.0001034500594837842,1.5345489029699558e-05,mule_laundering,1
80D6DC9F0,189,7.758754461283815e-05,7.672744514849779e-06,mule_laundering,1
8017D32A0,41,0.0002586251487094605,0.00017948433737907427,mule_laundering,1
800410C30,41,7.758754461283815e-05,7.672744514849779e-06,mule_laundering,1
809510B10,41,7.758754461283815e-05,7.672744514849779e-06,mule_laundering,1
8073E9CC0,41,7.758754461283815e-05,7.672744514849779e-06,mule_laundering,1
809CDB340,41,7.758754461283815e-05,7.672744514849779e-06,mule_laundering,1
805A58280,41,0.0001034500594837842,0.00021430234061813015,mule_laundering,1
801348970,41,7.758754461283815e-05,7.672744514849779e-06,mule_laundering,1
809564CA0,648,5.17250297418921e-05,0.0,mule_laundering,0
809564CF0,648,7.758754461283815e-05,0.0,mule_laundering,0
80106DC00,649,5.17250297418921e-05,0.0,mule_laundering,0
80106E8A0,649,5.17250297418921e-05,0.0,mule_laundering,0
8108DC0F0,650,5.17250297418921e-05,0.0,mule_laundering,0
8108DC190,650,5.17250297418921e-05,0.0,mule_laundering,0
810CFF630,70,0.0001034500594837842,0.00021430234061813015,mule_laundering,1
810CFF540,70,7.758754461283815e-05,7.672744514849779e-06,mule_laundering,1
80191E570,651,7.758754461283815e-05,0.0,mule_laundering,0
80191EBD0,651,7.758754461283815e-05,0.0,mule_laundering,0
806A10570,652,5.17250297418921e-05,0.0,legit,0
806A106B0,652,5.17250297418921e-05,0.0,legit,0
8007A6320,653,5.17250297418921e-05,0.0,mule_laundering,0
8007A64B0,653,5.17250297418921e-05,0.0,mule_laundering,0
8089BA110,654,5.17250297418921e-05,0.0,mule_laundering,0
8089BCB70,654,5.17250297418921e-05,0.0,mule_laundering,0
80A8B00F0,12,5.17250297418921e-05,7.672744514849779e-06,mule_laundering,1
80EB417E0,172,5.17250297418921e-05,0.0,mule_laundering,0
80135D530,655,5.17250297418921e-05,0.0,mule_laundering,0
80135EBF0,655,5.17250297418921e-05,0.0,mule_laundering,0
810FB7060,656,5.17250297418921e-05,0.0,mule_laundering,0
810FB74C0,656,5.17250297418921e-05,0.0,mule_laundering,0
811795340,657,5.17250297418921e-05,3.44842450105608e-08,mule_laundering,0
811795430,657,5.17250297418921e-05,1.72421225052804e-08,mule_laundering,0
811871BC0,658,0.0001034500594837842,6.89684900211216e-08,mule_laundering,0
811871C60,658,5.17250297418921e-05,1.72421225052804e-08,mule_laundering,0
80750E180,36,5.17250297418921e-05,7.672744514849779e-06,mule_laundering,1
80A0F74D0,36,5.17250297418921e-05,7.672744514849779e-06,mule_laundering,1
805A13780,36,0.0001034500594837842,2.3018233544549336e-05,mule_laundering,1
80007A550,36,5.17250297418921e-05,7.672744514849779e-06,mule_laundering,1
80DF21F10,36,5.17250297418921e-05,7.672744514849779e-06,mule_laundering,1
80FBCD550,36,5.17250297418921e-05,7.672744514849779e-06,mule_laundering,1
804A66840,36,5.17250297418921e-05,7.672744514849779e-06,mule_laundering,1
8044456B0,36,5.17250297418921e-05,7.672744514849779e-06,mule_laundering,1
808AADB60,36,0.0001034500594837842,2.3018233544549336e-05,mule_laundering,1
80888DC20,36,5.17250297418921e-05,7.672744514849779e-06,mule_laundering,1
80A43FE30,36,5.17250297418921e-05,7.672744514849779e-06,mule_laundering,1
811C4EDD0,71,0.0001551750892256763,1.5345489029699558e-05,mule_laundering,1
81235E8B0,71,0.00038793772306419075,2.9809402764643057e-05,mule_laundering,1
800C1BB70,659,5.17250297418921e-05,0.0,mule_laundering,0
800C1BC60,659,7.758754461283815e-05,0.0,mule_laundering,0
803628620,660,7.758754461283815e-05,0.0,mule_laundering,0
80364D5D0,660,0.0001034500594837842,0.0,mule_laundering,0
809BFA480,661,0.0001034500594837842,6.89684900211216e-08,mule_laundering,0
809BFA6B0,661,5.17250297418921e-05,1.72421225052804e-08,mule_laundering,0
8116EDCE0,662,5.17250297418921e-05,3.44842450105608e-08,legit,0
8116EDB50,662,5.17250297418921e-05,1.72421225052804e-08,legit,0
811706930,2,5.17250297418921e-05,7.672744514849779e-06,mule_laundering,1
802F43FF0,663,7.758754461283815e-05,0.0,mule_laundering,0
802F44090,663,0.0001034500594837842,0.0,mule_laundering,0
8068AE9A0,664,7.758754461283815e-05,5.17263675158412e-08,mule_laundering,0
8068AEF20,664,5.17250297418921e-05,1.72421225052804e-08,mule_laundering,0
801C602A0,20,7.758754461283815e-05,0.0,mule_laundering,0
803D618F0,665,5.17250297418921e-05,1.72421225052804e-07,mule_laundering,1
803D6BE20,665,0.0001034500594837842,1.551791025475236e-07,mule_laundering,1
803D6C480,665,0.0001034500594837842,1.034527350316824e-07,mule_laundering,1
80C8329F0,666,5.17250297418921e-05,0.0,mule_laundering,0
80C832A40,666,0.0001034500594837842,0.0,mule_laundering,0
802D26E90,667,7.758754461283815e-05,5.17263675158412e-08,mule_laundering,0
802D26F30,667,5.17250297418921e-05,1.72421225052804e-08,mule_laundering,0
811071150,668,0.00012931257435473025,0.0,mule_laundering,1
811071370,668,7.758754461283815e-05,0.0,mule_laundering,1
806565980,669,7.758754461283815e-05,3.44842450105608e-08,mule_laundering,0
806565710,669,5.17250297418921e-05,0.0,mule_laundering,0
809CC4600,3,0.00046552526767702887,0.002925718163672814,mule_laundering,1
80B50ADD0,3,7.758754461283815e-05,1.5345489029699558e-05,mule_laundering,1
807824060,3,7.758754461283815e-05,1.5345489029699558e-05,mule_laundering,1
806DADD80,3,5.17250297418921e-05,7.672744514849779e-06,mule_laundering,1
80BF76730,3,5.17250297418921e-05,7.672744514849779e-06,mule_laundering,1
803C1D400,3,5.17250297418921e-05,7.672744514849779e-06,mule_laundering,1
80016E8F0,3,5.17250297418921e-05,7.672744514849779e-06,mule_laundering,1
810A97A50,3,5.17250297418921e-05,7.672744514849779e-06,mule_laundering,1
80AF84530,3,0.00012931257435473025,0.0002296133454028191,mule_laundering,1
809C04750,3,7.758754461283815e-05,1.5345489029699558e-05,mule_laundering,1
80A6A5800,3,5.17250297418921e-05,7.672744514849779e-06,mule_laundering,1
80E5DB120,3,5.17250297418921e-05,7.672744514849779e-06,mule_laundering,1
80285A130,61,0.00018103760409662236,0.00012276391223759646,mule_laundering,1
80285C1A0,61,0.00012931257435473025,3.0690978059399115e-05,legit,1
8026A1970,61,5.17250297418921e-05,7.672744514849779e-06,mule_laundering,1
8027CE3B0,61,5.17250297418921e-05,7.672744514849779e-06,legit,1
8137FE700,670,5.17250297418921e-05,0.0,mule_laundering,0
8137FF420,670,5.17250297418921e-05,0.0,mule_laundering,0
813EDE5F0,671,5.17250297418921e-05,0.0,mule_laundering,0
813EDEDA0,671,5.17250297418921e-05,0.0,mule_laundering,0
8028AC420,19,5.17250297418921e-05,7.672744514849779e-06,mule_laundering,1
80EB1E930,19,0.0005948378420317592,0.0019741089863656836,mule_laundering,1
805E56740,19,7.758754461283815e-05,1.5345489029699558e-05,mule_laundering,1
8002B5EE0,19,0.0001034500594837842,0.0004725010866511759,mule_laundering,1
80ED75AC0,19,5.17250297418921e-05,7.672744514849779e-06,mule_laundering,1
8057BA770,19,7.758754461283815e-05,1.5345489029699558e-05,mule_laundering,1
80B828DE0,19,5.17250297418921e-05,7.672744514849779e-06,mule_laundering,1
80AA05290,19,5.17250297418921e-05,7.672744514849779e-06,mule_laundering,1
806FA9C10,19,7.758754461283815e-05,1.5345489029699558e-05,mule_laundering,1
80CA4D110,19,5.17250297418921e-05,7.672744514849779e-06,mule_laundering,1
802455070,19,5.17250297418921e-05,7.672744514849779e-06,mule_laundering,1
80B503710,19,5.17250297418921e-05,7.672744514849779e-06,mule_laundering,1
808E06810,19,5.17250297418921e-05,7.672744514849779e-06,mule_laundering,1
8110882E0,19,5.17250297418921e-05,0.00020664683822578563,mule_laundering,1
800360060,19,7.758754461283815e-05,1.5345489029699558e-05,mule_laundering,1
80B91CD20,19,5.17250297418921e-05,0.00020664683822578563,mule_laundering,1
811C16680,19,7.758754461283815e-05,1.5321218930642757e-05,mule_laundering,1
80082A8D0,672,7.758754461283815e-05,0.0,mule_laundering,0
80082AA60,672,5.17250297418921e-05,0.0,mule_laundering,0
806860350,673,5.17250297418921e-05,0.0,mule_laundering,0
8068603F0,673,5.17250297418921e-05,0.0,mule_laundering,0
807BE55D0,674,0.0001034500594837842,0.0,mule_laundering,0
807BC43C0,674,7.758754461283815e-05,0.0,mule_laundering,0
80C41D050,675,7.758754461283815e-05,0.0,mule_laundering,0
80C41DBD0,675,5.17250297418921e-05,0.0,mule_laundering,0
806E27310,676,5.17250297418921e-05,0.0,mule_laundering,0
806E26D20,676,5.17250297418921e-05,0.0,mule_laundering,0
80338EC60,100,0.0003103501784513526,0.0008999370887179543,mule_laundering,1
802E55FD0,100,0.0001034500594837842,2.3018233544549336e-05,mule_laundering,1
80CFCDFB0,100,0.0001034500594837842,0.00025257985257985254,mule_laundering,1
806FF9890,100,5.17250297418921e-05,7.672744514849779e-06,mule_laundering,1
80B7E2CD0,100,7.758754461283815e-05,1.5345489029699558e-05,mule_laundering,1
80B826C80,100,5.17250297418921e-05,0.00020664683822578558,mule_laundering,1
80F1AF2E0,100,7.758754461283815e-05,0.00011023777901864437,mule_laundering,1
80D3AF4B0,100,5.17250297418921e-05,7.660609465321379e-06,mule_laundering,1
8064C6BE0,100,7.758754461283815e-05,1.5345489029699558e-05,mule_laundering,1
80D0E9FB0,100,5.17250297418921e-05,7.672744514849779e-06,mule_laundering,1
804BB6C50,677,5.17250297418921e-05,0.0,mule_laundering,0
804BB6D20,677,5.17250297418921e-05,0.0,mule_laundering,0
810E5FE90,678,5.17250297418921e-05,0.0,mule_laundering,0
810E5FEE0,678,7.758754461283815e-05,0.0,mule_laundering,0
814165710,679,5.17250297418921e-05,0.0,mule_laundering,0
814165760,679,0.0001034500594837842,0.0,mule_laundering,0
8045526E0,54,5.17250297418921e-05,7.672744514849779e-06,mule_laundering,1
80FFD2C60,37,7.758754461283815e-05,1.5345489029699558e-05,mule_laundering,1
80C6F48A0,37,0.0006465628717736513,0.0010390620285357125,mule_laundering,1
80E6B1A90,37,5.17250297418921e-05,0.00020664683822578555,mule_laundering,1
807ACCF80,37,5.17250297418921e-05,7.672744514849779e-06,mule_laundering,1
80693DD00,37,5.17250297418921e-05,7.672744514849779e-06,mule_laundering,1
80D4F8460,37,0.0001034500594837842,2.3018233544549336e-05,mule_laundering,1
801E366E0,37,5.17250297418921e-05,0.00020664683822578555,mule_laundering,1
801EB8CA0,37,5.17250297418921e-05,7.672744514849779e-06,mule_laundering,1
80D640E90,37,5.17250297418921e-05,7.672744514849779e-06,mule_laundering,1
80B4BEFB0,37,7.758754461283815e-05,1.5345489029699558e-05,mule_laundering,1
80F1E0120,37,5.17250297418921e-05,7.672744514849779e-06,mule_laundering,1
80C2DCAE0,37,5.17250297418921e-05,7.672744514849779e-06,mule_laundering,1
801F6B0A0,37,5.17250297418921e-05,7.672744514849779e-06,mule_laundering,1
8032285E0,37,5.17250297418921e-05,7.672744514849779e-06,mule_laundering,1
804FAA560,37,0.00012931257435473025,6.9054700633648e-05,mule_laundering,1
80E0FA460,37,0.0001034500594837842,2.3018233544549336e-05,mule_laundering,1
8079083A0,37,5.17250297418921e-05,7.672744514849779e-06,mule_laundering,1
808CB69F0,37,5.17250297418921e-05,0.00020664683822578555,mule_laundering,1
804F99E40,37,5.17250297418921e-05,7.672744514849779e-06,mule_laundering,1
8056D7330,37,0.0001034500594837842,2.3018233544549336e-05,mule_laundering,1
8038059D0,37,7.758754461283815e-05,1.5345489029699558e-05,mule_laundering,1
80C8610A0,680,5.17250297418921e-05,0.0,mule_laundering,0
80C8610F0,680,7.758754461283815e-05,0.0,mule_laundering,0
805659DB0,681,5.17250297418921e-05,0.0,mule_laundering,0
805659E50,681,5.17250297418921e-05,0.0,mule_laundering,0
8105EE4E0,682,7.758754461283815e-05,0.0,mule_laundering,0
8105EECA0,682,5.17250297418921e-05,0.0,mule_laundering,0
80DEB5300,683,0.0001034500594837842,0.0,mule_laundering,0
80DEB5DC0,683,7.758754461283815e-05,0.0,mule_laundering,0
8061C8910,684,5.17250297418921e-05,0.0,mule_laundering,0
803983BE0,684,7.758754461283815e-05,0.0,mule_laundering,0
80FC0BB60,685,5.17250297418921e-05,0.0,mule_laundering,0
807009D30,685,5.17250297418921e-05,0.0,mule_laundering,0
805F2B680,387,5.17250297418921e-05,3.44842450105608e-08,mule_laundering,1
80024DDD0,2,7.758754461283815e-05,1.5345489029699558e-05,mule_laundering,1
80A9F95F0,686,7.758754461283815e-05,0.0,mule_laundering,0
80EBC49A0,686,5.17250297418921e-05,0.0,mule_laundering,0
80CC04930,687,7.758754461283815e-05,0.0,mule_laundering,0
80825B1E0,687,5.17250297418921e-05,0.0,mule_laundering,0
807D95610,688,5.17250297418921e-05,0.0,mule_laundering,0
807D95660,688,7.758754461283815e-05,0.0,mule_laundering,0
810C50E10,689,5.17250297418921e-05,0.0,mule_laundering,0
810C52390,689,7.758754461283815e-05,0.0,mule_laundering,0
803B75BD0,690,7.758754461283815e-05,0.0,mule_laundering,0
803B75D60,690,5.17250297418921e-05,0.0,mule_laundering,0
808130D40,691,0.00012931257435473025,0.0,mule_laundering,0
808130E30,691,5.17250297418921e-05,0.0,mule_laundering,0
805811F40,42,5.17250297418921e-05,7.672744514849779e-06,mule_laundering,1
80EBC6370,130,7.758754461283815e-05,1.5345489029699558e-05,mule_laundering,1
80D151C70,130,0.00012931257435473025,6.138195611879823e-05,mule_laundering,1
80A6536E0,130,7.758754461283815e-05,1.5345489029699558e-05,mule_laundering,1
80AB2B9B0,692,7.758754461283815e-05,3.44842450105608e-08,mule_laundering,0
8043A9F30,692,7.758754461283815e-05,0.0,mule_laundering,0
80B115430,692,5.17250297418921e-05,1.72421225052804e-08,mule_laundering,0
80D030A40,693,5.17250297418921e-05,0.0,mule_laundering,0
80F203B70,693,7.758754461283815e-05,0.0,mule_laundering,0
805438E60,693,7.758754461283815e-05,0.0,mule_laundering,0
80E40ABA0,143,0.0001034500594837842,3.0690978059399115e-05,mule_laundering,1
80E40AE70,143,5.17250297418921e-05,7.672744514849779e-06,mule_laundering,1
807022E80,694,0.0001034500594837842,1.034527350316824e-07,mule_laundering,0
807023060,694,0.0001034500594837842,5.17263675158412e-08,mule_laundering,0
80839DB20,695,5.17250297418921e-05,1.72421225052804e-08,mule_laundering,0
80839DAD0,695,0.0001034500594837842,6.89684900211216e-08,mule_laundering,0
810A53FC0,696,5.17250297418921e-05,5.17263675158412e-08,mule_laundering,0
810A5B540,696,7.758754461283815e-05,3.44842450105608e-08,mule_laundering,0
811EDDBE0,697,5.17250297418921e-05,1.72421225052804e-08,mule_laundering,0
81202B650,697,5.17250297418921e-05,3.44842450105608e-08,mule_laundering,0
8100AECA0,698,7.758754461283815e-05,0.0,mule_laundering,0
8100AF090,698,5.17250297418921e-05,0.0,mule_laundering,0
810E534F0,699,7.758754461283815e-05,6.89684900211216e-08,mule_laundering,0
810E5B020,699,5.17250297418921e-05,5.176087476568499e-08,mule_laundering,0
80821DEC0,700,0.0001034500594837842,8.6210612526402e-08,legit,0
80821DF10,700,7.758754461283815e-05,3.44842450105608e-08,legit,0
80B64D860,701,7.758754461283815e-05,0.0,mule_laundering,0
80B64D8B0,701,5.17250297418921e-05,0.0,mule_laundering,0
80D2904F0,702,5.17250297418921e-05,0.0,mule_laundering,0
80D291DB0,702,5.17250297418921e-05,0.0,mule_laundering,0
8061682A0,703,7.758754461283815e-05,6.89684900211216e-08,mule_laundering,0
8061682F0,703,7.758754461283815e-05,3.44842450105608e-08,mule_laundering,0
806EB9F80,704,5.17250297418921e-05,0.0,mule_laundering,0
806EBADE0,704,5.17250297418921e-05,0.0,mule_laundering,0
8040DB7C0,705,7.758754461283815e-05,3.44842450105608e-08,mule_laundering,0
8040DB4F0,705,7.758754461283815e-05,6.89684900211216e-08,mule_laundering,0
804950690,309,7.758754461283815e-05,0.0,legit,0
804DCD910,2,5.17250297418921e-05,7.672744514849779e-06,mule_laundering,1
804DCD870,2,0.0001034500594837842,3.0690978059399115e-05,mule_laundering,1
807F4B7E0,706,0.0001034500594837842,0.0,mule_laundering,0
807F4B830,706,5.17250297418921e-05,0.0,mule_laundering,0
806D648A0,707,7.758754461283815e-05,0.0,mule_laundering,0
806DE34B0,707,7.758754461283815e-05,0.0,mule_laundering,0
80F12D680,708,5.17250297418921e-05,0.0,mule_laundering,0
80F12D810,708,5.17250297418921e-05,0.0,mule_laundering,0
812D6F0E0,709,5.17250297418921e-05,1.72421225052804e-08,mule_laundering,0
812D6F3F0,709,7.758754461283815e-05,5.17263675158412e-08,mule_laundering,0
80FEECD50,710,5.17250297418921e-05,0.0,mule_laundering,0
80FF15870,710,5.17250297418921e-05,0.0,mule_laundering,0
8103951C0,711,5.17250297418921e-05,0.0,mule_laundering,0
8103957C0,711,5.17250297418921e-05,0.0,mule_laundering,0
800350450,712,7.758754461283815e-05,0.0,mule_laundering,0
800380FE0,712,7.758754461283815e-05,0.0,mule_laundering,0
811CB6EA0,713,5.17250297418921e-05,0.0,mule_laundering,0
811CB7520,713,5.17250297418921e-05,0.0,mule_laundering,0
806EAD220,714,5.17250297418921e-05,0.0,mule_laundering,0
806EAD270,714,0.0001034500594837842,0.0,mule_laundering,0
811334860,715,5.17250297418921e-05,0.0,mule_laundering,0
8113348B0,715,7.758754461283815e-05,0.0,mule_laundering,0
80102BC90,716,5.17250297418921e-05,0.0,legit,1
80101E060,716,0.00012931257435473025,1.2069485753696282e-07,mule_laundering,1
80101BF40,716,5.17250297418921e-05,1.72421225052804e-08,mule_laundering,1
80101D710,716,7.758754461283815e-05,3.44842450105608e-08,legit,1
80A651E00,28,5.17250297418921e-05,7.672744514849779e-06,mule_laundering,1
80FFFD880,717,5.17250297418921e-05,0.0,mule_laundering,0
81000A290,717,5.17250297418921e-05,0.0,mule_laundering,0
801ACBA10,718,7.758754461283815e-05,0.0,mule_laundering,0
801ACC0E0,718,7.758754461283815e-05,0.0,mule_laundering,0
8128C0500,719,0.00012931257435473025,0.0,mule_laundering,0
8128E8980,719,5.17250297418921e-05,0.0,mule_laundering,0
80DB0A7F0,720,0.00012931257435473025,0.0,mule_laundering,0
80DB12EA0,720,5.17250297418921e-05,0.0,mule_laundering,0
80422E600,54,5.17250297418921e-05,7.672744514849779e-06,mule_laundering,1
808A08A40,61,7.758754461283815e-05,1.5345489029699558e-05,mule_laundering,1
80E6B6130,214,7.758754461283815e-05,3.44842450105608e-08,mule_laundering,0
80A948DB0,189,7.758754461283815e-05,1.5345489029699558e-05,mule_laundering,1
8058CDA90,721,7.758754461283815e-05,3.44842450105608e-08,mule_laundering,0
8058CDB80,721,0.0001551750892256763,1.2069485753696282e-07,mule_laundering,0
8057C8C60,722,7.758754461283815e-05,0.0,mule_laundering,0
8057C8ED0,722,7.758754461283815e-05,0.0,mule_laundering,0
8146EFC20,26,5.17250297418921e-05,0.0,mule_laundering,0
8025D0DB0,36,0.0001034500594837842,3.0642437861285514e-05,mule_laundering,1
8025D1420,36,5.17250297418921e-05,7.672744514849779e-06,mule_laundering,1
811630F40,723,7.758754461283815e-05,0.0,mule_laundering,0
811631170,723,5.17250297418921e-05,0.0,mule_laundering,0
804BCE9C0,724,5.17250297418921e-05,0.0,mule_laundering,0
804BCEA10,724,7.758754461283815e-05,0.0,mule_laundering,0
80FDC3670,63,0.00012931257435473025,1.8966334755808442e-07,mule_laundering,1
80FDC1FC0,63,0.0001034500594837842,2.5863183757920603e-07,mule_laundering,1
80FDAF410,63,5.17250297418921e-05,1.72421225052804e-08,mule_laundering,1
80260FD30,725,5.17250297418921e-05,0.0,mule_laundering,0
802610690,725,5.17250297418921e-05,1.72421225052804e-08,mule_laundering,0
8032BE650,726,5.17250297418921e-05,0.0,mule_laundering,0
8032C8CD0,726,5.17250297418921e-05,0.0,mule_laundering,0
81292DF00,727,7.758754461283815e-05,5.17263675158412e-08,mule_laundering,0
81292F040,727,5.17250297418921e-05,1.72421225052804e-08,mule_laundering,0
80163ED00,728,7.758754461283815e-05,0.0,legit,0
80163E860,728,5.17250297418921e-05,1.72421225052804e-08,legit,0
8051F1B10,729,0.0001034500594837842,0.0,mule_laundering,0
8051F1D30,729,0.0001034500594837842,0.0,mule_laundering,0
80B7F81E0,730,5.17250297418921e-05,0.0,mule_laundering,0
80B7F80A0,730,7.758754461283815e-05,0.0,mule_laundering,0
80B8905B0,731,5.17250297418921e-05,0.0,mule_laundering,0
80B8906A0,731,0.0001034500594837842,5.17263675158412e-08,mule_laundering,0
814489D80,732,5.17250297418921e-05,0.0,mule_laundering,0
814489DD0,732,5.17250297418921e-05,0.0,mule_laundering,0
809B7DBE0,733,5.17250297418921e-05,5.17263675158412e-08,mule_laundering,0
809B7DCD0,733,7.758754461283815e-05,3.44842450105608e-08,mule_laundering,0
80A8859D0,734,7.758754461283815e-05,0.0,mule_laundering,0
80A890E80,734,0.0001034500594837842,0.0,mule_laundering,0
805809F50,735,5.17250297418921e-05,0.0,legit,0
80580BFA0,735,7.758754461283815e-05,0.0,legit,0
808BBB830,736,7.758754461283815e-05,0.0,mule_laundering,0
808BBB920,736,7.758754461283815e-05,0.0,mule_laundering,0
802021CD0,737,5.17250297418921e-05,0.0,mule_laundering,0
802021D20,737,0.0001034500594837842,8.6210612526402e-08,mule_laundering,0
80383A170,738,5.17250297418921e-05,0.0,mule_laundering,0
80383A1C0,738,5.17250297418921e-05,0.0,mule_laundering,0
802DA0B60,739,5.17250297418921e-05,0.0,mule_laundering,0
802DA1A70,739,0.0001034500594837842,0.0,mule_laundering,0
813DC5561,740,7.758754461283815e-05,0.0,mule_laundering,0
813DC6C11,740,5.17250297418921e-05,0.0,mule_laundering,0
807236FB0,589,7.758754461283815e-05,0.0,mule_laundering,0
804896ED0,741,5.17250297418921e-05,0.0,mule_laundering,0
8048990B0,741,0.00012931257435473025,0.0,mule_laundering,0
80FB2BED0,742,7.758754461283815e-05,0.0,mule_laundering,0
80FB2D130,742,7.758754461283815e-05,1.72421225052804e-08,mule_laundering,0
80FB2CB40,742,7.758754461283815e-05,1.72421225052804e-08,legit,0
801856350,7,5.17250297418921e-05,7.672744514849779e-06,mule_laundering,1
807DD0FB0,7,0.00038793772306419075,0.0010363791605106163,mule_laundering,1
805307640,7,5.17250297418921e-05,7.672744514849779e-06,mule_laundering,1
80B3DD4D0,7,0.0001034500594837842,2.3018233544549336e-05,mule_laundering,1
8039DCF40,7,0.0001034500594837842,2.3018233544549336e-05,mule_laundering,1
810186380,7,5.17250297418921e-05,7.672744514849779e-06,mule_laundering,1
80807F270,7,5.17250297418921e-05,7.672744514849779e-06,mule_laundering,1
80E6CA8D0,7,5.17250297418921e-05,7.672744514849779e-06,mule_laundering,1
801A5B470,7,7.758754461283815e-05,1.5345489029699558e-05,mule_laundering,1
80061BB00,7,7.758754461283815e-05,0.0002143023406181301,mule_laundering,1
812D129C0,71,7.758754461283815e-05,1.5345489029699558e-05,mule_laundering,1
8084EFBB0,743,5.17250297418921e-05,0.0,mule_laundering,0
8084EFCA0,743,7.758754461283815e-05,0.0,mule_laundering,0
803A52250,12,5.17250297418921e-05,7.660609465321379e-06,mule_laundering,1
80DFCA010,12,7.758754461283815e-05,1.5345489029699558e-05,mule_laundering,1
802C6C120,12,5.17250297418921e-05,7.672744514849779e-06,mule_laundering,1
8075E0A80,744,0.0001034500594837842,0.0,mule_laundering,0
8075E4E70,744,7.758754461283815e-05,0.0,mule_laundering,0
8075E2670,744,5.17250297418921e-05,0.0,legit,0
8082B1E00,745,5.17250297418921e-05,5.17263675158412e-08,mule_laundering,0
8082B2240,745,7.758754461283815e-05,3.44842450105608e-08,mule_laundering,0
80C48F6A0,746,5.17250297418921e-05,0.0,mule_laundering,0
80C48FE20,746,5.17250297418921e-05,0.0,mule_laundering,0
80DDB7810,747,7.758754461283815e-05,0.0,mule_laundering,0
80E526CD0,747,5.17250297418921e-05,0.0,mule_laundering,0
81132B290,748,0.0001034500594837842,3.44842450105608e-08,legit,0
81132AE90,748,7.758754461283815e-05,1.72421225052804e-08,mule_laundering,0
81132D840,748,7.758754461283815e-05,0.0,mule_laundering,0
801514540,749,7.758754461283815e-05,0.0,mule_laundering,1
80E5B7A20,749,7.758754461283815e-05,0.0,mule_laundering,1
80DE5F6D0,749,7.758754461283815e-05,0.0,mule_laundering,1
8105FFAD0,749,7.758754461283815e-05,0.0,mule_laundering,1
80D2EC1E0,749,0.0001034500594837842,0.0,mule_laundering,1
80C8C6C40,749,7.758754461283815e-05,0.0,mule_laundering,1
80FF1F660,749,5.17250297418921e-05,0.0,mule_laundering,1
813D93661,750,0.0001034500594837842,1.379369800422432e-07,mule_laundering,0
813DA9E11,750,7.758754461283815e-05,3.450724984378999e-08,mule_laundering,0
805812250,751,5.17250297418921e-05,1.72421225052804e-08,mule_laundering,0
8058133D0,751,7.758754461283815e-05,0.0,mule_laundering,0
805A70E00,752,7.758754461283815e-05,0.0,mule_laundering,0
8068FD9F0,752,7.758754461283815e-05,0.0,mule_laundering,0
809EE0060,753,5.17250297418921e-05,0.0,mule_laundering,0
809EE0590,753,5.17250297418921e-05,0.0,mule_laundering,0
80BD18E70,754,5.17250297418921e-05,0.0,mule_laundering,0
80BD1AE30,754,7.758754461283815e-05,0.0,mule_laundering,0
80D016C90,2,5.17250297418921e-05,7.672744514849779e-06,mule_laundering,1
80178D490,35,7.758754461283815e-05,1.5345489029699558e-05,mule_laundering,1
8043BC480,755,5.17250297418921e-05,0.0,mule_laundering,0
8043C0DC0,755,0.0001034500594837842,0.0,mule_laundering,0
803395B70,320,7.758754461283815e-05,0.0,mule_laundering,0
806F82460,756,5.17250297418921e-05,0.0,mule_laundering,0
806F828F0,756,5.17250297418921e-05,0.0,mule_laundering,0
80E4CCAC0,757,5.17250297418921e-05,1.72421225052804e-08,mule_laundering,0
80E4CAFE0,757,5.17250297418921e-05,0.0,mule_laundering,0
80D0C4F20,758,5.17250297418921e-05,0.0,mule_laundering,1
800852F80,758,0.0001034500594837842,0.0,mule_laundering,1
80CFD1370,758,5.17250297418921e-05,0.0,mule_laundering,1
802D07110,758,5.17250297418921e-05,0.0,mule_laundering,1
8016FDCE0,31,0.0001034500594837842,1.5345489029699558e-05,mule_laundering,1
8016FDC40,31,0.0001034500594837842,1.5345489029699558e-05,mule_laundering,1
80E7547A0,759,5.17250297418921e-05,0.0,mule_laundering,0
80E7547F0,759,5.17250297418921e-05,0.0,mule_laundering,0
81271C3A0,760,5.17250297418921e-05,1.72421225052804e-08,mule_laundering,0
81271FA90,760,5.17250297418921e-05,0.0,mule_laundering,0
80951DF30,42,5.17250297418921e-05,7.672744514849779e-06,mule_laundering,1
80C771F80,294,0.00018103760409662236,4.080635659583028e-07,mule_laundering,1
80F0169B0,294,0.00012931257435473025,3.707056338635286e-07,mule_laundering,1
809DC9020,294,7.758754461283815e-05,6.322111585269481e-08,mule_laundering,1
806ED9F10,294,0.0001034500594837842,9.770536086325561e-08,mule_laundering,1
80953F350,761,5.17250297418921e-05,0.0,mule_laundering,0
80953F620,761,5.17250297418921e-05,0.0,mule_laundering,0
8018E4770,762,5.17250297418921e-05,0.0,mule_laundering,0
8018E5850,762,5.17250297418921e-05,0.0,mule_laundering,0
8025AB040,763,7.758754461283815e-05,0.0,mule_laundering,0
8025AB710,763,5.17250297418921e-05,0.0,mule_laundering,0
808942C40,764,0.00012931257435473025,0.0,mule_laundering,0
808943110,764,0.0001034500594837842,0.0,mule_laundering,0
81330E070,2,5.17250297418921e-05,7.672744514849779e-06,mule_laundering,1
80D99E4D0,765,5.17250297418921e-05,0.0,mule_laundering,0
80D99E660,765,0.0001034500594837842,0.0,mule_laundering,0
807CD1130,216,7.758754461283815e-05,0.0,mule_laundering,1
807CD1A70,216,7.758754461283815e-05,0.0,mule_laundering,1
80BFDE510,766,7.758754461283815e-05,0.0,mule_laundering,0
80BFDE790,766,5.17250297418921e-05,0.0,mule_laundering,0
81002B4D0,767,0.00012931257435473025,0.0,mule_laundering,0
81002C260,767,7.758754461283815e-05,0.0,mule_laundering,0
81001DD60,767,7.758754461283815e-05,0.0,mule_laundering,0
8007C65D0,193,0.00012931257435473025,4.6668381379911336e-05,mule_laundering,1
8007BC070,193,0.0001551750892256763,8.556033443176649e-05,mule_laundering,1
80079AC80,193,7.758754461283815e-05,1.5345489029699558e-05,mule_laundering,1
8007C7660,193,0.00046552526767702887,0.0004246740498394318,mule_laundering,1
80079AFA0,193,0.0001034500594837842,5.253642195948191e-05,mule_laundering,1
80079AE10,193,7.758754461283815e-05,1.73378094430726e-05,mule_laundering,1
80B04E1C0,768,7.758754461283815e-05,0.0,mule_laundering,0
80B04E700,768,5.17250297418921e-05,0.0,mule_laundering,0
81003C2E0,769,0.0001034500594837842,0.0,mule_laundering,0
810042400,769,0.0001034500594837842,0.0,mule_laundering,0
80C6D9810,770,5.17250297418921e-05,0.0,mule_laundering,0
80C6D9860,770,5.17250297418921e-05,0.0,mule_laundering,0
811736ED0,771,5.17250297418921e-05,0.0,mule_laundering,0
811737010,771,0.0001034500594837842,0.0,mule_laundering,0
8121C0760,772,5.17250297418921e-05,1.72421225052804e-08,mule_laundering,0
8121C0850,772,0.0001034500594837842,6.89684900211216e-08,mule_laundering,0
80F4E96B0,773,5.17250297418921e-05,6.89684900211216e-08,mule_laundering,0
80F5A4020,773,7.758754461283815e-05,5.17263675158412e-08,mule_laundering,0
80F5A7250,773,5.17250297418921e-05,1.72421225052804e-08,legit,0
8091F3480,774,7.758754461283815e-05,0.0,mule_laundering,0
8091F3F90,774,5.17250297418921e-05,0.0,mule_laundering,0
803D2E500,775,7.758754461283815e-05,0.0,mule_laundering,0
803D2E550,775,7.758754461283815e-05,0.0,mule_laundering,0
80D770A20,92,5.17250297418921e-05,7.672744514849779e-06,mule_laundering,1
80E588530,776,5.17250297418921e-05,0.0,mule_laundering,0
80E588580,776,7.758754461283815e-05,0.0,mule_laundering,0
8075C34D0,777,5.17250297418921e-05,1.72421225052804e-08,mule_laundering,0
8075C5DD0,777,7.758754461283815e-05,5.17263675158412e-08,mule_laundering,0
80D018930,778,5.17250297418921e-05,0.0,mule_laundering,0
80D018D90,778,7.758754461283815e-05,0.0,mule_laundering,0
8104C3080,779,0.0001034500594837842,0.0,mule_laundering,0
8104C60B0,779,5.17250297418921e-05,0.0,mule_laundering,0
80207D260,780,0.0001034500594837842,0.0,mule_laundering,0
80207D350,780,5.17250297418921e-05,0.0,mule_laundering,0
803089E40,781,7.758754461283815e-05,0.0,mule_laundering,0
803089F80,781,5.17250297418921e-05,1.72421225052804e-08,mule_laundering,0
806CFEEF0,782,5.17250297418921e-05,0.0,mule_laundering,0
806D00AA0,782,5.17250297418921e-05,0.0,mule_laundering,0
810778460,783,5.17250297418921e-05,0.0,mule_laundering,0
81077A810,783,7.758754461283815e-05,0.0,mule_laundering,0
812AC7270,784,5.17250297418921e-05,0.0,mule_laundering,0
812AC78B0,784,7.758754461283815e-05,0.0,mule_laundering,0
80431EEB0,785,5.17250297418921e-05,1.72421225052804e-08,mule_laundering,0
80431EF00,785,5.17250297418921e-05,0.0,mule_laundering,0
803D78810,786,7.758754461283815e-05,0.0,mule_laundering,0
803D78CC0,786,5.17250297418921e-05,0.0,mule_laundering,0
804191C00,254,7.758754461283815e-05,7.672744514849779e-06,mule_laundering,0
804192130,254,0.0001034500594837842,1.5345489029699558e-05,mule_laundering,0
80AA779D0,787,0.0001034500594837842,5.17263675158412e-08,mule_laundering,0
80AA7DFD0,787,7.758754461283815e-05,8.6210612526402e-08,mule_laundering,0
8022F91B0,788,7.758754461283815e-05,0.0,mule_laundering,0
8022F92F0,788,7.758754461283815e-05,0.0,mule_laundering,0
803BA8850,789,7.758754461283815e-05,0.0,mule_laundering,0
803BAE1F0,789,0.0001034500594837842,0.0,mule_laundering,0
800337E50,790,7.758754461283815e-05,3.44842450105608e-08,mule_laundering,0
80032EC20,790,0.0001034500594837842,0.0,mule_laundering,0
8003362A0,790,5.17250297418921e-05,1.72421225052804e-08,legit,0
80065C9B0,791,5.17250297418921e-05,1.72421225052804e-08,legit,1
80E485F50,791,7.758754461283815e-05,5.17263675158412e-08,mule_laundering,1
801B0D040,792,5.17250297418921e-05,0.0,legit,0
80DDBD4E0,792,7.758754461283815e-05,0.0,legit,0
805DF5A30,793,7.758754461283815e-05,0.0,legit,0
80856C510,793,5.17250297418921e-05,0.0,legit,0
80875B3A0,2,0.0001034500594837842,4.603646708909867e-05,legit,1
801D270D0,152,5.17250297418921e-05,0.0,legit,1
80C253700,794,7.758754461283815e-05,0.0,legit,0
80E39F1B0,794,0.00012931257435473025,0.0,account_takeover,0
80DD29630,11,0.00012931257435473025,3.0690978059399115e-05,mule_laundering,1
8055991E0,795,5.17250297418921e-05,0.0,mule_laundering,0
80559D3A0,795,5.17250297418921e-05,0.0,mule_laundering,0
80AB94350,796,5.17250297418921e-05,0.0,mule_laundering,0
80AB94CE0,796,5.17250297418921e-05,1.72421225052804e-08,mule_laundering,0
80B302650,272,7.758754461283815e-05,1.5345489029699558e-05,mule_laundering,1
80B302B70,272,7.758754461283815e-05,3.0690978059399115e-05,mule_laundering,1
812890910,187,5.17250297418921e-05,7.672744514849779e-06,legit,1
8085E4C10,61,7.758754461283815e-05,3.8363722574248894e-05,legit,1
80CFC5880,797,0.0001034500594837842,6.89684900211216e-08,legit,0
80D5BA3D0,797,5.17250297418921e-05,1.72421225052804e-08,legit,0
80F928010,798,5.17250297418921e-05,0.0,legit,0
80E9A89F0,798,7.758754461283815e-05,0.0,legit,0
801D45DD0,799,5.17250297418921e-05,0.0,mule_laundering,0
8011422A0,799,7.758754461283815e-05,0.0,mule_laundering,0
80B586630,70,7.758754461283815e-05,1.5345489029699558e-05,mule_laundering,1
80FEF3A50,307,5.17250297418921e-05,7.672744514849779e-06,mule_laundering,1
80E27AA10,307,0.0003103501784513526,0.0002494990547622127,mule_laundering,1
80D9A31F0,307,5.17250297418921e-05,7.672744514849779e-06,mule_laundering,1
80C0D5B50,307,0.0001034500594837842,2.3018233544549336e-05,mule_laundering,1
808242040,307,0.0001034500594837842,2.3018233544549336e-05,mule_laundering,1
805EBB270,307,7.758754461283815e-05,1.5345489029699558e-05,mule_laundering,1
803CC8F60,307,5.17250297418921e-05,7.672744514849779e-06,mule_laundering,1
80E45CEA0,307,7.758754461283815e-05,1.5345489029699558e-05,mule_laundering,1
804752470,800,5.17250297418921e-05,0.0,mule_laundering,0
804752510,800,5.17250297418921e-05,0.0,mule_laundering,0
8110174A0,801,7.758754461283815e-05,0.0,mule_laundering,0
811018F90,801,5.17250297418921e-05,0.0,mule_laundering,0
804BEF700,802,0.00012931257435473025,0.0,mule_laundering,0
804C00CD0,802,7.758754461283815e-05,0.0,mule_laundering,0
808433410,803,5.17250297418921e-05,0.0,mule_laundering,0
808434210,803,5.17250297418921e-05,0.0,mule_laundering,0
80A752E60,2,5.17250297418921e-05,7.672744514849779e-06,mule_laundering,1
80CAEA970,804,5.17250297418921e-05,0.0,mule_laundering,0
80CAEAA10,804,5.17250297418921e-05,0.0,mule_laundering,0
80CE17550,805,0.00012931257435473025,0.0,mule_laundering,0
80CE18F20,805,7.758754461283815e-05,0.0,mule_laundering,0
8089AEF40,806,7.758754461283815e-05,0.0,mule_laundering,0
8089AF440,806,0.0001034500594837842,0.0,mule_laundering,0
80D407250,807,5.17250297418921e-05,0.0,mule_laundering,0
80D4078C0,807,7.758754461283815e-05,0.0,mule_laundering,0
80E765080,808,0.0001034500594837842,0.0,mule_laundering,1
80E7609E0,808,0.00012931257435473025,0.0,mule_laundering,1
80E75EA90,808,5.17250297418921e-05,0.0,mule_laundering,1
80E760990,808,0.0001034500594837842,0.0,legit,1
80E763370,808,5.17250297418921e-05,0.0,legit,1
80964EF80,809,7.758754461283815e-05,3.44842450105608e-08,mule_laundering,0
80964F020,809,7.758754461283815e-05,0.0,mule_laundering,0
80FDE2800,810,7.758754461283815e-05,0.0,mule_laundering,0
80FDE28F0,810,5.17250297418921e-05,0.0,mule_laundering,0
8071FC1D0,2,5.17250297418921e-05,7.672744514849779e-06,mule_laundering,1
8086B8290,811,5.17250297418921e-05,0.0,mule_laundering,0
8086B7DA0,811,7.758754461283815e-05,0.0,mule_laundering,0
80EA03FB0,502,5.17250297418921e-05,0.0,mule_laundering,0
806169AC0,11,0.0001034500594837842,2.3018233544549336e-05,mule_laundering,1
804282480,11,0.0005689753271608131,0.0014583447130261532,mule_laundering,1
80E6E9840,11,5.17250297418921e-05,7.672744514849779e-06,mule_laundering,1
805AF1010,11,7.758754461283815e-05,3.8363722574248894e-05,mule_laundering,1
81109ED60,11,0.0001034500594837842,2.3018233544549336e-05,mule_laundering,1
802C61040,11,0.0001551750892256763,0.0002830984094141989,mule_laundering,1
807A2C280,11,5.17250297418921e-05,7.672744514849779e-06,mule_laundering,1
809B94750,11,0.00012931257435473025,0.0005885770938402517,mule_laundering,1
8000485D0,11,5.17250297418921e-05,0.00020664683822578563,mule_laundering,1
8078B38C0,11,5.17250297418921e-05,7.672744514849779e-06,mule_laundering,1
80F363750,11,5.17250297418921e-05,7.672744514849779e-06,mule_laundering,1
80DFDA990,11,5.17250297418921e-05,7.672744514849779e-06,mule_laundering,1
80BCD7CD0,11,7.758754461283815e-05,0.0005676975792211253,mule_laundering,1
809AA8950,11,5.17250297418921e-05,7.672744514849779e-06,mule_laundering,1
8069903E0,11,7.758754461283815e-05,1.5345489029699558e-05,mule_laundering,1
806453860,11,5.17250297418921e-05,7.672744514849779e-06,mule_laundering,1
80D3A4530,11,5.17250297418921e-05,7.672744514849779e-06,mule_laundering,1
80E4DA910,11,5.17250297418921e-05,7.672744514849779e-06,mule_laundering,1
80EECA810,11,7.758754461283815e-05,1.5345489029699558e-05,mule_laundering,1
80EEFAD40,11,0.00012931257435473025,3.0690978059399115e-05,mule_laundering,1
80603BB50,812,5.17250297418921e-05,0.0,legit,0
80603BBF0,812,7.758754461283815e-05,0.0,legit,0
802F8E5A0,813,5.17250297418921e-05,0.0,mule_laundering,0
802F8E730,813,7.758754461283815e-05,0.0,mule_laundering,0
811913B90,814,7.758754461283815e-05,6.901449968757998e-08,mule_laundering,1
811914220,814,7.758754461283815e-05,6.89684900211216e-08,mule_laundering,1
808D89450,815,0.00023276263383851444,0.0,mule_laundering,1
8071F9B50,815,7.758754461283815e-05,0.0,mule_laundering,1
80D08E230,815,5.17250297418921e-05,0.0,mule_laundering,1
806E22460,815,5.17250297418921e-05,0.0,mule_laundering,1
80AEF4AC0,815,5.17250297418921e-05,0.0,mule_laundering,1
80632ED10,815,5.17250297418921e-05,0.0,mule_laundering,1
803E21640,815,7.758754461283815e-05,0.0,mule_laundering,1
80B8BB1D0,815,5.17250297418921e-05,0.0,mule_laundering,1
801A54900,816,5.17250297418921e-05,0.0,mule_laundering,0
801A54950,816,7.758754461283815e-05,0.0,mule_laundering,0
80BA57E00,4,5.17250297418921e-05,7.672744514849779e-06,legit,1
80BAE5640,4,0.0001034500594837842,4.344232502882716e-05,mule_laundering,1
80BA543E0,4,7.758754461283815e-05,5.448505358351742e-05,mule_laundering,1
802ADE260,817,5.17250297418921e-05,0.0,mule_laundering,0
802ADE8E0,817,0.0001034500594837842,0.0,mule_laundering,0
802AFA000,818,5.17250297418921e-05,1.72421225052804e-08,legit,0
802AF9FB0,818,7.758754461283815e-05,0.0,mule_laundering,0
802AF9370,818,5.17250297418921e-05,1.72421225052804e-08,mule_laundering,0
807E6CAC0,61,5.17250297418921e-05,7.672744514849779e-06,mule_laundering,1
80AC120A0,136,0.0002069001189675684,2.931160825897668e-07,mule_laundering,1
802B1E400,136,5.17250297418921e-05,3.103582050950472e-07,mule_laundering,1
8077454A0,136,7.758754461283815e-05,3.44842450105608e-08,mule_laundering,1
80A4FD780,136,5.17250297418921e-05,1.72421225052804e-08,mule_laundering,1
810E21700,136,5.17250297418921e-05,1.72421225052804e-08,mule_laundering,1
801DB2C70,136,5.17250297418921e-05,1.72421225052804e-08,mule_laundering,1
801E6B710,136,5.17250297418921e-05,1.72421225052804e-08,mule_laundering,1
803983C30,819,5.17250297418921e-05,0.0,mule_laundering,0
803983CD0,819,7.758754461283815e-05,0.0,mule_laundering,0
811A4DBD0,71,0.00038793772306419075,1.8871541092441004e-05,mule_laundering,1
8000DB3C0,71,0.0002069001189675684,1.1947034081650246e-05,mule_laundering,1
812D06150,71,0.0001551750892256763,1.0736819584412771e-05,mule_laundering,1
80B0C3F40,71,0.00023276263383851444,1.5668885792862782e-05,mule_laundering,1
814965B00,71,0.0002069001189675684,1.5387773282510124e-05,mule_laundering,1
811DCA680,71,0.0001034500594837842,7.672744514849779e-06,mule_laundering,1
810E6BD90,820,5.17250297418921e-05,0.0,mule_laundering,0
810E74750,820,7.758754461283815e-05,0.0,mule_laundering,0
805D2D5C0,42,0.00012931257435473025,8.184684653480162e-05,mule_laundering,1
805D2D520,42,0.00012931257435473025,4.603646708909867e-05,mule_laundering,1
805D2CEE0,42,5.17250297418921e-05,7.672744514849779e-06,legit,1
805D29990,42,5.17250297418921e-05,7.672744514849779e-06,mule_laundering,1
809DC51F0,821,7.758754461283815e-05,0.0,mule_laundering,0
809DC5380,821,5.17250297418921e-05,0.0,mule_laundering,0
80C8B9B90,822,0.0001034500594837842,5.17263675158412e-08,mule_laundering,1
801658A00,822,0.0001034500594837842,1.2069485753696282e-07,mule_laundering,1
80B16FF40,822,5.17250297418921e-05,1.72421225052804e-08,mule_laundering,1
80E59A080,822,5.17250297418921e-05,0.0,mule_laundering,1
811E1F870,823,0.00012931257435473025,0.0,legit,1
811E200D0,823,0.0001034500594837842,0.0,mule_laundering,1
811E1E2C0,823,0.00012931257435473025,0.0,mule_laundering,1
811E1F600,823,0.0001034500594837842,0.0,mule_laundering,1
804BCE3B0,824,7.758754461283815e-05,0.0,mule_laundering,1
804BDEEE0,824,7.758754461283815e-05,0.0,mule_laundering,1
80C0793B0,825,5.17250297418921e-05,0.0,mule_laundering,0
80CA8FBC0,825,7.758754461283815e-05,0.0,mule_laundering,0
80EACF8D0,826,0.0001034500594837842,0.0,mule_laundering,0
80EAD0110,826,5.17250297418921e-05,0.0,mule_laundering,0
800A07D80,28,7.758754461283815e-05,1.5345489029699558e-05,mule_laundering,1
804D462E0,827,5.17250297418921e-05,0.0,mule_laundering,0
804D4A860,827,5.17250297418921e-05,0.0,mule_laundering,0
8071DD410,828,5.17250297418921e-05,1.72421225052804e-08,legit,0
8071DB590,828,5.17250297418921e-05,0.0,legit,0
802AC42A0,829,7.758754461283815e-05,0.0,mule_laundering,0
802AC4CD0,829,0.0001034500594837842,0.0,mule_laundering,0
806CDA5E0,830,0.0001034500594837842,0.0,mule_laundering,0
806CE1E80,830,0.0001034500594837842,0.0,mule_laundering,0
803EEF230,831,5.17250297418921e-05,0.0,mule_laundering,0
803EF0FB0,831,7.758754461283815e-05,0.0,mule_laundering,0
809DB3820,832,5.17250297418921e-05,0.0,mule_laundering,0
809DB7790,832,5.17250297418921e-05,0.0,mule_laundering,0
8025BFA10,50,7.758754461283815e-05,1.5345489029699558e-05,mule_laundering,1
804E13660,281,0.0001034500594837842,0.0,mule_laundering,0
802355E00,28,5.17250297418921e-05,7.672744514849779e-06,mule_laundering,1
808A1DF10,833,7.758754461283815e-05,0.0,mule_laundering,0
808A1DFB0,833,7.758754461283815e-05,0.0,mule_laundering,0
800065CB0,104,7.758754461283815e-05,0.00010194830743399723,mule_laundering,1
800289800,104,7.758754461283815e-05,0.0002134220778551358,mule_laundering,1
800061E50,31,0.00012931257435473025,0.00022721187352766302,mule_laundering,1
8001AF3D0,31,7.758754461283815e-05,0.00012276391223759646,mule_laundering,1
80CDE6210,834,5.17250297418921e-05,0.0,mule_laundering,0
80CE42970,834,5.17250297418921e-05,0.0,mule_laundering,0
804EDE8F0,37,7.758754461283815e-05,1.5345489029699558e-05,mule_laundering,1
80DB5CB00,835,7.758754461283815e-05,0.0,mule_laundering,0
80DB5D190,835,7.758754461283815e-05,0.0,mule_laundering,0
80BC5E9C0,50,5.17250297418921e-05,0.0002066468382257856,mule_laundering,1
80469E0F0,836,7.758754461283815e-05,0.0,mule_laundering,0
80469E710,836,7.758754461283815e-05,3.44842450105608e-08,mule_laundering,0
811887F10,837,5.17250297418921e-05,0.0,mule_laundering,0
81188FA10,837,0.0001034500594837842,0.0,mule_laundering,0
8118885F0,837,7.758754461283815e-05,0.0,legit,0
80B7973F0,838,0.00012931257435473025,0.0,mule_laundering,1
809BFDCE0,838,5.17250297418921e-05,0.0,mule_laundering,1
8009C3620,838,5.17250297418921e-05,0.0,mule_laundering,1
80BE6AE70,838,5.17250297418921e-05,0.0,mule_laundering,1
80F11E180,838,5.17250297418921e-05,0.0,mule_laundering,1
800637D10,322,0.0001034500594837842,0.0,mule_laundering,1
800637BD0,322,5.17250297418921e-05,0.0,mule_laundering,1
80F11B9F0,270,7.758754461283815e-05,1.5345489029699558e-05,mule_laundering,0
80F11BA90,270,7.758754461283815e-05,3.0690978059399115e-05,mule_laundering,0
80114EBB0,839,5.17250297418921e-05,1.72421225052804e-08,mule_laundering,0
80114F070,839,0.00012931257435473025,0.0,mule_laundering,0
80379FF50,840,7.758754461283815e-05,0.0,mule_laundering,0
80379FFA0,840,5.17250297418921e-05,0.0,mule_laundering,0
803EB4900,841,7.758754461283815e-05,0.0,mule_laundering,0
803ECE530,841,5.17250297418921e-05,0.0,mule_laundering,0
808357E50,842,5.17250297418921e-05,0.0,mule_laundering,0
808357EF0,842,7.758754461283815e-05,0.0,mule_laundering,0
80026C6B0,19,5.17250297418921e-05,7.660609465321379e-06,mule_laundering,1
80472DF60,843,5.17250297418921e-05,0.0,legit,0
80472EC00,843,0.0001034500594837842,0.0,mule_laundering,0
804718500,843,5.17250297418921e-05,0.0,mule_laundering,0
810274570,844,7.758754461283815e-05,0.0,mule_laundering,0
8102745C0,844,7.758754461283815e-05,0.0,mule_laundering,0
80EB1AA20,7,0.0003620752081932447,0.0004039055517524417,mule_laundering,1
803B7F120,7,7.758754461283815e-05,9.655587725763165e-06,mule_laundering,1
811AD68A0,7,0.0001034500594837842,1.732833224061295e-05,mule_laundering,1
80839EF70,7,7.758754461283815e-05,9.655587725763165e-06,mule_laundering,1
801DD1C70,7,7.758754461283815e-05,0.00020862968143669868,mule_laundering,1
80157E940,7,0.0001034500594837842,1.732833224061295e-05,mule_laundering,1
80349D400,7,0.00018103760409662236,0.0002392516910060767,mule_laundering,1
80750D550,7,7.758754461283815e-05,9.655587725763165e-06,mule_laundering,1
810241490,7,7.758754461283815e-05,9.655587725763165e-06,mule_laundering,1
80D578C50,7,0.0001034500594837842,1.732833224061295e-05,mule_laundering,1
8123962F0,7,7.758754461283815e-05,9.655587725763165e-06,mule_laundering,1
8061549B0,845,7.758754461283815e-05,0.0,legit,1
80614EC60,845,0.0001034500594837842,0.0,mule_laundering,1
80614E870,845,5.17250297418921e-05,0.0,mule_laundering,1
806154AF0,845,7.758754461283815e-05,0.0,legit,1
80F063680,72,7.758754461283815e-05,0.0,mule_laundering,1
80145D800,72,0.0003362126933222986,0.0,mule_laundering,1
80F5D4A80,72,0.0001034500594837842,0.0,mule_laundering,1
80629F9A0,72,7.758754461283815e-05,0.0,mule_laundering,1
808F449C0,72,0.0001034500594837842,0.0,mule_laundering,1
80D233DB0,72,5.17250297418921e-05,0.0,mule_laundering,1
8039B1E10,72,5.17250297418921e-05,0.0,mule_laundering,1
80C51C390,72,5.17250297418921e-05,0.0,mule_laundering,1
806E72870,72,5.17250297418921e-05,0.0,mule_laundering,1
809DFF880,72,7.758754461283815e-05,0.0,mule_laundering,1
80EBF1580,72,5.17250297418921e-05,0.0,mule_laundering,1
802057230,846,5.17250297418921e-05,0.0,mule_laundering,0
802057280,846,5.17250297418921e-05,0.0,mule_laundering,0
806918140,847,5.17250297418921e-05,0.0,mule_laundering,0
806918190,847,7.758754461283815e-05,0.0,mule_laundering,0
80C0A9010,848,0.0001034500594837842,0.0,mule_laundering,0
80C0A9450,848,5.17250297418921e-05,0.0,mule_laundering,0
80AD93420,849,5.17250297418921e-05,0.0,mule_laundering,0
80AD95070,849,7.758754461283815e-05,0.0,mule_laundering,0
80EBD88F0,850,7.758754461283815e-05,1.72421225052804e-08,mule_laundering,0
809936360,850,0.00012931257435473025,0.0,mule_laundering,0
807BFE2C0,850,7.758754461283815e-05,1.72421225052804e-08,mule_laundering,0
80C6FEFA0,851,7.758754461283815e-05,0.0,mule_laundering,0
80C6FF260,851,7.758754461283815e-05,0.0,mule_laundering,0
812A40B10,852,5.17250297418921e-05,1.72421225052804e-08,legit,0
812A40AC0,852,5.17250297418921e-05,3.44842450105608e-08,legit,0
813081E60,853,5.17250297418921e-05,0.0,mule_laundering,0
813082D20,853,7.758754461283815e-05,0.0,mule_laundering,0
802802960,854,5.17250297418921e-05,0.0,legit,0
8028061E0,854,0.0001034500594837842,0.0,legit,0
80CFCC610,855,7.758754461283815e-05,0.0,mule_laundering,0
80CFCCC30,855,5.17250297418921e-05,0.0,mule_laundering,0
80F499130,3,0.0003362126933222986,0.00021047458942195785,mule_laundering,1
803FF3D90,3,7.758754461283815e-05,7.672744514849779e-06,mule_laundering,1
8013F0350,3,0.0003620752081932447,0.00021814733393680762,mule_laundering,1
801218970,3,7.758754461283815e-05,7.672744514849779e-06,mule_laundering,1
804BD70D0,3,7.758754461283815e-05,7.660609465321379e-06,mule_laundering,1
80AAB0290,3,7.758754461283815e-05,7.672744514849779e-06,mule_laundering,1
80C7075C0,3,7.758754461283815e-05,7.672744514849779e-06,mule_laundering,1
801BCE220,3,7.758754461283815e-05,7.672744514849779e-06,mule_laundering,1
80E35A3D0,3,7.758754461283815e-05,7.672744514849779e-06,mule_laundering,1
806E1B6F0,3,7.758754461283815e-05,7.672744514849779e-06,mule_laundering,1
80BE87020,3,0.00012931257435473025,2.3018233544549336e-05,mule_laundering,1
80D655A00,3,0.0001034500594837842,1.5345489029699558e-05,mule_laundering,1
808CF8120,0,0.0001034500594837842,0.0002296133454028191,mule_laundering,1
80C841480,0,5.17250297418921e-05,7.672744514849779e-06,legit,1
8051FEF30,856,7.758754461283815e-05,0.0,mule_laundering,0
805A5F450,856,5.17250297418921e-05,0.0,mule_laundering,0
80BD2C000,857,7.758754461283815e-05,0.0,mule_laundering,0
80BD2C050,857,5.17250297418921e-05,1.72421225052804e-08,mule_laundering,0
80E9CE540,60,7.758754461283815e-05,0.00041652370073422696,mule_laundering,1
808FADF50,60,0.0001034500594837842,0.00021441079690438908,mule_laundering,1
8052D0490,60,7.758754461283815e-05,1.954681954681955e-05,mule_laundering,1
805565C40,60,0.0001034500594837842,4.239263186631608e-05,mule_laundering,1
805CA3750,60,7.758754461283815e-05,0.0004317312527838843,mule_laundering,1
803E2B2F0,52,5.17250297418921e-05,7.660609465321379e-06,legit,1
803E4F990,52,0.0001551750892256763,0.0006703968767126663,mule_laundering,1
803E26970,52,5.17250297418921e-05,7.660609465321379e-06,mule_laundering,1
803E2DFF0,52,7.758754461283815e-05,3.6255010991853096e-05,mule_laundering,1
803E4FA30,52,0.0001034500594837842,0.0006775264943685997,mule_laundering,1
805FF8330,858,0.0001034500594837842,0.0,mule_laundering,0
805FF8420,858,5.17250297418921e-05,0.0,mule_laundering,0
8066CE920,859,0.00012931257435473025,0.0,mule_laundering,1
806791140,859,0.0001551750892256763,0.0,mule_laundering,1
8066E5AA0,859,0.00012931257435473025,0.0,account_takeover,1
8066DBB20,859,0.0001034500594837842,0.0,legit,1
8066DE780,859,5.17250297418921e-05,0.0,legit,1
80AE753B0,860,5.17250297418921e-05,0.0,mule_laundering,0
80AE77B60,860,5.17250297418921e-05,0.0,mule_laundering,0
80C7C6F50,2,5.17250297418921e-05,7.672744514849779e-06,mule_laundering,1
803682620,861,7.758754461283815e-05,3.44842450105608e-08,mule_laundering,0
803682670,861,5.17250297418921e-05,5.17263675158412e-08,mule_laundering,0
80AEB33D0,42,7.758754461283815e-05,7.672744514849779e-06,mule_laundering,1
80AEB4990,42,0.0001034500594837842,1.5345489029699558e-05,mule_laundering,1
8111C5970,862,5.17250297418921e-05,0.0,mule_laundering,0
8111C59C0,862,7.758754461283815e-05,0.0,mule_laundering,0
813629F20,863,7.758754461283815e-05,0.0,mule_laundering,0
813629E80,863,5.17250297418921e-05,0.0,mule_laundering,0
814308CB0,864,0.0001034500594837842,1.2069485753696282e-07,mule_laundering,0
814308E40,864,7.758754461283815e-05,6.89684900211216e-08,mule_laundering,0
804247D90,865,7.758754461283815e-05,5.17263675158412e-08,mule_laundering,0
804249070,865,5.17250297418921e-05,1.72421225052804e-08,mule_laundering,0
80F363010,866,5.17250297418921e-05,0.0,mule_laundering,0
80F363500,866,7.758754461283815e-05,0.0,mule_laundering,0
8082BFE00,162,7.758754461283815e-05,0.0,legit,0
80A3727B0,867,5.17250297418921e-05,0.0,mule_laundering,0
80A372800,867,5.17250297418921e-05,0.0,mule_laundering,0
80B964800,60,7.758754461283815e-05,0.00011509116772274667,mule_laundering,1
8122474B0,60,7.758754461283815e-05,9.207293417819735e-05,mule_laundering,1
80F034CC0,60,7.758754461283815e-05,7.672744514849779e-05,mule_laundering,1
80E5C0180,60,7.758754461283815e-05,6.138195611879823e-05,mule_laundering,1
811B16940,60,0.0001551750892256763,4.603646708909867e-05,mule_laundering,1
811F76830,60,7.758754461283815e-05,7.672744514849779e-06,mule_laundering,1
811243150,60,0.00012931257435473025,2.3018233544549336e-05,mule_laundering,1
806B5EBC0,60,0.0001034500594837842,8.440018966334756e-05,mule_laundering,1
80E736F40,60,7.758754461283815e-05,9.974567869304712e-05,mule_laundering,1
800486B80,868,7.758754461283815e-05,3.44842450105608e-08,mule_laundering,0
800487590,868,7.758754461283815e-05,0.0,mule_laundering,0
802A64310,262,7.758754461283815e-05,3.44842450105608e-08,mule_laundering,0
80DC09FE0,99,0.0001034500594837842,2.3018233544549336e-05,mule_laundering,1
8101473C0,175,5.17250297418921e-05,7.672744514849779e-06,mule_laundering,1
810147FE0,175,7.758754461283815e-05,2.3018233544549336e-05,mule_laundering,1
80F312E80,869,0.0001034500594837842,0.0,mule_laundering,0
80F370600,869,5.17250297418921e-05,0.0,mule_laundering,0
810B69BE0,28,7.758754461283815e-05,1.5345489029699558e-05,mule_laundering,1
80B734F60,870,7.758754461283815e-05,0.0,mule_laundering,0
80B738B50,870,5.17250297418921e-05,0.0,mule_laundering,0
80F74F5A0,18,5.17250297418921e-05,7.672744514849779e-06,mule_laundering,1
80BB289A0,18,0.0003103501784513526,0.00040568990042674254,mule_laundering,1
811E9C1E0,18,7.758754461283815e-05,1.5345489029699558e-05,mule_laundering,1
8081073E0,18,7.758754461283815e-05,1.5345489029699558e-05,mule_laundering,1
80693BC00,18,7.758754461283815e-05,1.5345489029699558e-05,mule_laundering,1
800F33710,18,5.17250297418921e-05,7.672744514849779e-06,mule_laundering,1
80795A080,18,7.758754461283815e-05,1.5345489029699558e-05,mule_laundering,1
80250BCD0,18,7.758754461283815e-05,1.5345489029699558e-05,mule_laundering,1
8045FC4D0,18,5.17250297418921e-05,7.672744514849779e-06,mule_laundering,1
803D5CB10,175,7.758754461283815e-05,1.5345489029699558e-05,mule_laundering,1
803D5CCA0,175,0.00012931257435473025,0.0001074184232078969,mule_laundering,1
8015BBC80,871,5.17250297418921e-05,0.0,mule_laundering,0
8015C0E90,871,7.758754461283815e-05,0.0,mule_laundering,0
8004D7470,872,7.758754461283815e-05,0.0,mule_laundering,0
8005E84E0,872,5.17250297418921e-05,0.0,mule_laundering,0
806B54630,873,5.17250297418921e-05,0.0,mule_laundering,0
806B54680,873,5.17250297418921e-05,1.72421225052804e-08,mule_laundering,0
80598B490,874,5.17250297418921e-05,0.0,mule_laundering,0
80598B4E0,874,7.758754461283815e-05,0.0,mule_laundering,0
80CE0AD20,875,7.758754461283815e-05,0.0,mule_laundering,0
80CE0ADC0,875,5.17250297418921e-05,0.0,mule_laundering,0
8116205D0,876,5.17250297418921e-05,0.0,mule_laundering,0
8116206C0,876,5.17250297418921e-05,0.0,mule_laundering,0
809CA2040,877,5.17250297418921e-05,0.0,mule_laundering,0
809CA2970,877,7.758754461283815e-05,0.0,mule_laundering,0
80D280280,878,0.0001034500594837842,0.0,mule_laundering,0
80D2802D0,878,5.17250297418921e-05,0.0,mule_laundering,0
80D56C660,879,5.17250297418921e-05,0.0,mule_laundering,0
80D56C7F0,879,7.758754461283815e-05,0.0,mule_laundering,0
810B9DF70,880,5.17250297418921e-05,0.0,mule_laundering,0
80E46A430,880,7.758754461283815e-05,0.0,mule_laundering,0
80E047940,881,5.17250297418921e-05,0.0,mule_laundering,0
8061817B0,881,5.17250297418921e-05,0.0,mule_laundering,0
801A36EE0,882,5.17250297418921e-05,0.0,mule_laundering,0
804A807E0,882,0.00012931257435473025,0.0,mule_laundering,0
80179A870,42,7.758754461283815e-05,1.5345489029699558e-05,mule_laundering,1
802308AB0,883,5.17250297418921e-05,0.0,mule_laundering,0
805ECF470,883,5.17250297418921e-05,0.0,mule_laundering,0
80DDC5FE0,2,0.0001034500594837842,3.830304732660689e-05,mule_laundering,1
804703440,884,5.17250297418921e-05,3.44842450105608e-08,mule_laundering,0
80A504210,884,5.17250297418921e-05,1.72421225052804e-08,mule_laundering,0
807C852B0,885,5.17250297418921e-05,0.0,mule_laundering,0
807C85480,885,5.17250297418921e-05,0.0,mule_laundering,0
8004FB470,251,0.0001034500594837842,8.440018966334756e-05,mule_laundering,1
800241D60,103,0.00028448766358040654,0.00014579938790465106,mule_laundering,1
8007CA940,103,5.17250297418921e-05,7.672744514849779e-06,mule_laundering,1
8002D9F80,103,5.17250297418921e-05,7.672744514849779e-06,mule_laundering,1
80072E610,103,0.00012931257435473025,7.828298529381382e-05,mule_laundering,1
80084A830,103,7.758754461283815e-05,1.5345489029699558e-05,mule_laundering,1
800669CE0,103,5.17250297418921e-05,7.672744514849779e-06,mule_laundering,1
8005C22F0,103,7.758754461283815e-05,1.5345489029699558e-05,mule_laundering,1
800154020,103,5.17250297418921e-05,7.672744514849779e-06,mule_laundering,1
8000DC770,103,5.17250297418921e-05,7.672744514849779e-06,mule_laundering,1
800370A40,103,5.17250297418921e-05,7.672744514849779e-06,mule_laundering,1
8109E1600,886,7.758754461283815e-05,0.0,mule_laundering,0
8109E1910,886,5.17250297418921e-05,0.0,mule_laundering,0
806A570E0,138,7.758754461283815e-05,7.672744514849779e-05,mule_laundering,1
8114B6040,138,7.758754461283815e-05,9.207293417819735e-05,mule_laundering,1
8093F1270,138,7.758754461283815e-05,9.974567869304712e-05,mule_laundering,1
8088A4AE0,138,0.0001034500594837842,8.440018966334756e-05,mule_laundering,1
80DE5AFC0,138,0.00012931257435473025,6.138195611879823e-05,mule_laundering,1
80E47F580,138,7.758754461283815e-05,3.0690978059399115e-05,mule_laundering,1
80854F3A0,138,0.0001034500594837842,1.5345489029699558e-05,mule_laundering,1
809E8F160,138,0.0001034500594837842,1.5345489029699558e-05,mule_laundering,1
8069EB270,138,0.00012931257435473025,4.603646708909867e-05,mule_laundering,1
8078AF360,138,7.758754461283815e-05,6.138195611879823e-05,mule_laundering,1
805B88FA0,887,7.758754461283815e-05,0.0,mule_laundering,0
805B89750,887,5.17250297418921e-05,0.0,mule_laundering,0
80C2FE070,888,5.17250297418921e-05,0.0,mule_laundering,0
80C2FE020,888,7.758754461283815e-05,0.0,mule_laundering,0
8144F9DA0,889,5.17250297418921e-05,0.0,mule_laundering,0
8144F9DF0,889,5.17250297418921e-05,0.0,mule_laundering,0
80CB295F0,890,7.758754461283815e-05,0.0,mule_laundering,0
80CB29550,890,5.17250297418921e-05,0.0,mule_laundering,0
810354560,891,7.758754461283815e-05,0.0,mule_laundering,0
810355FD0,891,7.758754461283815e-05,0.0,mule_laundering,0
80D7B2D80,892,5.17250297418921e-05,0.0,mule_laundering,0
80D7B4C70,892,7.758754461283815e-05,0.0,mule_laundering,0
80727F930,893,5.17250297418921e-05,1.72421225052804e-08,mule_laundering,0
8072A28C0,893,7.758754461283815e-05,5.17263675158412e-08,mule_laundering,0
80E5157A0,190,0.0001034500594837842,0.0,mule_laundering,1
800D63EE0,894,7.758754461283815e-05,1.034527350316824e-07,mule_laundering,0
8070043E0,894,0.0001034500594837842,6.89684900211216e-08,mule_laundering,0
804D324A0,894,5.17250297418921e-05,1.72421225052804e-08,mule_laundering,0
803ED92E0,895,5.17250297418921e-05,0.0,mule_laundering,0
80721A5A0,895,7.758754461283815e-05,0.0,mule_laundering,0
8039B4CB0,895,7.758754461283815e-05,0.0,mule_laundering,0
8041FBAC0,896,5.17250297418921e-05,0.0,mule_laundering,0
80FEFC340,896,7.758754461283815e-05,6.89684900211216e-08,mule_laundering,0
8005DCD00,896,7.758754461283815e-05,3.44842450105608e-08,mule_laundering,0
806A7BE10,28,5.17250297418921e-05,7.672744514849779e-06,mule_laundering,1
80CEA8100,28,5.17250297418921e-05,7.672744514849779e-06,mule_laundering,1
80C78A190,897,7.758754461283815e-05,0.0,mule_laundering,0
810E92FB0,897,0.0001034500594837842,0.0,mule_laundering,0
804D12400,897,5.17250297418921e-05,0.0,mule_laundering,0
80EFD2B30,170,7.758754461283815e-05,3.44842450105608e-08,mule_laundering,1
80BE3A910,170,5.17250297418921e-05,1.72421225052804e-08,mule_laundering,1
8101AEF90,898,5.17250297418921e-05,0.0,mule_laundering,1
80DF9EF10,898,0.0001034500594837842,0.0,mule_laundering,1
810BEA5B0,898,7.758754461283815e-05,0.0,mule_laundering,1
8034C7AE0,54,7.758754461283815e-05,2.3018233544549336e-05,mule_laundering,1
805EC22B0,54,5.17250297418921e-05,7.672744514849779e-06,mule_laundering,1
811CD2450,899,0.0001034500594837842,5.17263675158412e-08,mule_laundering,0
808D6FCD0,899,7.758754461283815e-05,1.034527350316824e-07,mule_laundering,0
806B31680,899,5.17250297418921e-05,1.72421225052804e-08,mule_laundering,0
808A3AF80,50,0.0001034500594837842,0.0004817276606750291,mule_laundering,1
808CEE0D0,50,0.00018103760409662236,0.00045905426958058537,mule_laundering,1
8035CD610,900,5.17250297418921e-05,0.0,mule_laundering,0
8050B7870,900,0.0001034500594837842,0.0,mule_laundering,0
8109C87A0,900,0.0001034500594837842,0.0,mule_laundering,0
80D76EB80,2,7.758754461283815e-05,1.5345489029699558e-05,mule_laundering,1
80B68FE00,2,0.0001034500594837842,0.00024490710806500285,mule_laundering,1
803E8D000,2,5.17250297418921e-05,7.660609465321379e-06,mule_laundering,1
808405BE0,54,0.00012931257435473025,3.8363722574248894e-05,mule_laundering,1
80F3C35F0,54,5.17250297418921e-05,7.672744514849779e-06,mule_laundering,1
801C04E20,2,7.758754461283815e-05,3.8363722574248894e-05,mule_laundering,1
811FE25E0,901,7.758754461283815e-05,0.0,mule_laundering,0
811FE2900,901,7.758754461283815e-05,0.0,mule_laundering,0
8067B6BF0,902,5.17250297418921e-05,0.0,mule_laundering,0
8067B6C40,902,5.17250297418921e-05,0.0,mule_laundering,0
8040BD3C0,288,7.758754461283815e-05,0.0,mule_laundering,0
80113D5D0,2,5.17250297418921e-05,7.672744514849779e-06,mule_laundering,1
8016C0FA0,903,7.758754461283815e-05,0.0,mule_laundering,0
8016C10E0,903,7.758754461283815e-05,0.0,mule_laundering,0
801FBC0F0,904,5.17250297418921e-05,0.0,mule_laundering,0
801FBE5A0,904,5.17250297418921e-05,0.0,mule_laundering,0
8144224C0,905,5.17250297418921e-05,0.0,mule_laundering,0
814422FE0,905,7.758754461283815e-05,0.0,mule_laundering,0
807F9DE30,906,5.17250297418921e-05,0.0,mule_laundering,0
807E78CD0,906,7.758754461283815e-05,0.0,mule_laundering,0
80C1EAD60,36,7.758754461283815e-05,3.8363722574248894e-05,mule_laundering,1
80F84CCB0,907,5.17250297418921e-05,0.0,mule_laundering,0
80E8FE260,907,5.17250297418921e-05,0.0,mule_laundering,0
8002AEA60,31,0.0001034500594837842,0.0004030335073875743,mule_laundering,1
80A87DCB0,12,5.17250297418921e-05,7.672744514849779e-06,mule_laundering,1
809B91040,271,5.17250297418921e-05,6.89684900211216e-08,mule_laundering,0
80240ABD0,39,7.758754461283815e-05,7.672744514849779e-05,mule_laundering,1
802CB6320,908,5.17250297418921e-05,0.0,mule_laundering,0
802CB68A0,908,0.00012931257435473025,0.0,mule_laundering,0
805492B00,42,7.758754461283815e-05,3.8363722574248894e-05,mule_laundering,1
8054929C0,42,0.0001034500594837842,2.3018233544549336e-05,mule_laundering,1
80CF9AD00,909,7.758754461283815e-05,0.0,mule_laundering,0
80CF9B010,909,7.758754461283815e-05,0.0,mule_laundering,0
80330A900,910,7.758754461283815e-05,0.0,mule_laundering,0
80330A9A0,910,5.17250297418921e-05,0.0,mule_laundering,0
8030004E0,12,0.00038793772306419075,0.0003293909852706104,mule_laundering,1
811006A00,12,7.758754461283815e-05,0.00020664683822578558,mule_laundering,1
80D7EC5F0,12,0.00038793772306419075,0.0003293909852706104,mule_laundering,1
810B68D50,12,7.758754461283815e-05,7.672744514849779e-06,mule_laundering,1
80218A900,12,7.758754461283815e-05,7.672744514849779e-06,mule_laundering,1
806F2B220,12,7.758754461283815e-05,7.672744514849779e-06,mule_laundering,1
808A00B60,12,7.758754461283815e-05,7.672744514849779e-06,mule_laundering,1
806B5E250,12,7.758754461283815e-05,7.672744514849779e-06,mule_laundering,1
80C702290,12,0.0001034500594837842,1.5345489029699558e-05,mule_laundering,1
811C42F00,12,0.0001034500594837842,1.5345489029699558e-05,mule_laundering,1
80CDAB750,12,7.758754461283815e-05,7.672744514849779e-06,mule_laundering,1
80AC45CA0,12,7.758754461283815e-05,8.289995333057534e-05,mule_laundering,1
80A7475A0,12,7.758754461283815e-05,7.672744514849779e-06,mule_laundering,1
805926810,911,0.00012931257435473025,0.0,mule_laundering,0
805937440,911,5.17250297418921e-05,0.0,mule_laundering,0
8026904C0,19,5.17250297418921e-05,7.672744514849779e-06,legit,1
80F9056A0,912,5.17250297418921e-05,0.0,mule_laundering,0
80F9057E0,912,5.17250297418921e-05,0.0,mule_laundering,0
812657370,913,7.758754461283815e-05,3.44842450105608e-08,mule_laundering,0
81265F530,913,5.17250297418921e-05,0.0,mule_laundering,0
805A293A0,914,5.17250297418921e-05,3.44842450105608e-08,mule_laundering,1
805B266D0,914,0.00012931257435473025,2.241475925686452e-07,mule_laundering,1
805A2A5E0,914,5.17250297418921e-05,3.44842450105608e-08,legit,1
805B318E0,914,5.17250297418921e-05,1.379369800422432e-07,legit,1
80023FEE0,104,0.0001034500594837842,2.3018233544549336e-05,mule_laundering,1
80029B620,104,5.17250297418921e-05,7.672744514849779e-06,mule_laundering,1
8002997C0,104,0.0001034500594837842,3.0642437861285514e-05,mule_laundering,1
80010C100,104,5.17250297418921e-05,7.672744514849779e-06,mule_laundering,1
800177290,31,5.17250297418921e-05,7.672744514849779e-06,mule_laundering,1
803D14ED0,915,7.758754461283815e-05,0.0,mule_laundering,1
803D27360,915,0.0001034500594837842,1.379369800422432e-07,mule_laundering,1
803D208B0,915,7.758754461283815e-05,8.6210612526402e-08,mule_laundering,1
809817AD0,916,5.17250297418921e-05,1.72421225052804e-08,mule_laundering,0
809817B20,916,5.17250297418921e-05,3.44842450105608e-08,mule_laundering,0
80CDEEC90,917,5.17250297418921e-05,0.0,mule_laundering,0
80CDF02F0,917,0.0001034500594837842,0.0,mule_laundering,0
80CDF0CF0,917,5.17250297418921e-05,0.0,legit,0
8064715B0,918,5.17250297418921e-05,0.0,legit,0
806471340,918,7.758754461283815e-05,0.0,mule_laundering,0
80646D9E0,918,7.758754461283815e-05,0.0,mule_laundering,0
80862E4D0,919,7.758754461283815e-05,0.0,mule_laundering,0
80862E480,919,5.17250297418921e-05,1.72421225052804e-08,mule_laundering,0
810F0E390,70,5.17250297418921e-05,7.672744514849779e-06,mule_laundering,1
80BE9B100,50,5.17250297418921e-05,7.672744514849779e-06,mule_laundering,1
803173180,50,0.00038793772306419075,0.00021431958274063532,mule_laundering,1
81230E3E0,50,7.758754461283815e-05,1.5345489029699558e-05,mule_laundering,1
803908540,50,5.17250297418921e-05,7.672744514849779e-06,mule_laundering,1
80E41BB70,50,5.17250297418921e-05,7.672744514849779e-06,mule_laundering,1
80DA98640,50,5.17250297418921e-05,7.672744514849779e-06,mule_laundering,1
80A0486E0,50,5.17250297418921e-05,7.672744514849779e-06,mule_laundering,1
8010FD8B0,50,5.17250297418921e-05,7.672744514849779e-06,mule_laundering,1
812A60050,50,7.758754461283815e-05,1.5345489029699558e-05,mule_laundering,1
80054A7C0,50,5.17250297418921e-05,7.672744514849779e-06,mule_laundering,1
80F13D910,50,7.758754461283815e-05,1.5345489029699558e-05,mule_laundering,1
80A187AE0,920,5.17250297418921e-05,0.0,legit,0
8019245F0,920,0.00012931257435473025,0.0,legit,0
80C987280,921,7.758754461283815e-05,0.0,mule_laundering,0
80C987550,921,7.758754461283815e-05,0.0,mule_laundering,0
802B09AF0,1,7.758754461283815e-05,1.5345489029699558e-05,legit,1
808038E40,922,7.758754461283815e-05,3.44842450105608e-08,mule_laundering,0
808038E90,922,5.17250297418921e-05,5.17263675158412e-08,mule_laundering,0
8088E7D60,923,7.758754461283815e-05,0.0,mule_laundering,0
808911920,923,5.17250297418921e-05,0.0,mule_laundering,0
8102C24E0,251,5.17250297418921e-05,7.672744514849779e-06,legit,1
80A745470,639,7.758754461283815e-05,0.0,legit,0
8039785F0,924,7.758754461283815e-05,0.0,mule_laundering,0
8039787D0,924,5.17250297418921e-05,0.0,mule_laundering,0
8038D2230,53,0.00012931257435473025,0.0,mule_laundering,0
806F8DB70,925,7.758754461283815e-05,0.0,legit,0
8073E1700,925,0.0001034500594837842,0.0,mule_laundering,0
8070536A0,60,0.00018103760409662236,0.0003060649165912324,legit,1
806473360,60,0.0001034500594837842,0.0002525798525798526,mule_laundering,1
8096B7310,926,5.17250297418921e-05,0.0,legit,0
80987EBC0,926,0.0001034500594837842,0.0,mule_laundering,0
80A2515A0,12,0.0001034500594837842,2.3018233544549336e-05,legit,1
80D6AE0E0,197,5.17250297418921e-05,0.0,legit,0
80F1232A0,927,7.758754461283815e-05,0.0,legit,0
80EC944B0,927,7.758754461283815e-05,0.0,legit,0
80F742460,99,7.758754461283815e-05,7.689986637355058e-06,legit,1
8129B6E90,928,7.758754461283815e-05,0.0,legit,0
811F62830,928,7.758754461283815e-05,0.0,legit,0
80154AAF0,33,0.0007241504163864894,0.0010793528954870823,mule_laundering,1
800F57D60,33,5.17250297418921e-05,7.672744514849779e-06,mule_laundering,1
8014CBA10,33,5.17250297418921e-05,7.672744514849779e-06,mule_laundering,1
8005BD570,33,5.17250297418921e-05,7.672744514849779e-06,mule_laundering,1
800B7DA00,33,5.17250297418921e-05,7.672744514849779e-06,mule_laundering,1
80045FE30,33,5.17250297418921e-05,7.672744514849779e-06,mule_laundering,1
801E76F80,33,7.758754461283815e-05,1.5345489029699558e-05,mule_laundering,1
80087EA60,33,5.17250297418921e-05,7.672744514849779e-06,mule_laundering,1
800EF7C00,33,0.0001034500594837842,0.00022195784301047458,mule_laundering,1
801485510,33,7.758754461283815e-05,1.5345489029699558e-05,mule_laundering,1
80142A910,33,5.17250297418921e-05,7.672744514849779e-06,mule_laundering,1
801EE5CA0,33,0.0001034500594837842,2.3018233544549336e-05,mule_laundering,1
80192CF70,33,5.17250297418921e-05,7.672744514849779e-06,mule_laundering,1
800C5D910,33,7.758754461283815e-05,1.5321218930642757e-05,mule_laundering,1
801AB4E60,33,0.0001034500594837842,2.3018233544549336e-05,mule_laundering,1
8000A7C40,33,5.17250297418921e-05,7.672744514849779e-06,mule_laundering,1
801A1CF90,33,5.17250297418921e-05,7.672744514849779e-06,mule_laundering,1
800E1A2C0,33,5.17250297418921e-05,7.672744514849779e-06,mule_laundering,1
80010C0B0,33,7.758754461283815e-05,1.5345489029699558e-05,mule_laundering,1
804688C10,929,7.758754461283815e-05,0.0,mule_laundering,0
8046894F0,929,5.17250297418921e-05,0.0,mule_laundering,0
801887E70,28,5.17250297418921e-05,7.672744514849779e-06,mule_laundering,1
805409060,28,0.0001034500594837842,3.0690978059399115e-05,mule_laundering,1
80791F9C0,930,5.17250297418921e-05,0.0,mule_laundering,0
808AE2130,930,7.758754461283815e-05,0.0,mule_laundering,0
80C446BA0,930,7.758754461283815e-05,0.0,mule_laundering,0
80F7EFBE0,28,7.758754461283815e-05,2.3018233544549336e-05,mule_laundering,1
8007A8600,28,5.17250297418921e-05,7.672744514849779e-06,mule_laundering,1
804F6B6E0,176,7.758754461283815e-05,1.5345489029699558e-05,mule_laundering,1
801FC1E30,176,0.00012931257435473025,4.603646708909867e-05,mule_laundering,1
80BB947A0,931,5.17250297418921e-05,0.0,mule_laundering,0
8010D4FC0,931,7.758754461283815e-05,0.0,mule_laundering,0
80C981A10,931,5.17250297418921e-05,0.0,mule_laundering,0
80AD40250,932,5.17250297418921e-05,8.6210612526402e-08,mule_laundering,0
808C30740,932,7.758754461283815e-05,5.176087476568499e-08,mule_laundering,0
8100920E0,932,5.17250297418921e-05,3.44842450105608e-08,mule_laundering,0
80CE3BE30,78,0.0001034500594837842,0.00025257985257985265,mule_laundering,1
807B41560,78,0.0001034500594837842,3.0690978059399115e-05,mule_laundering,1
805588D30,78,5.17250297418921e-05,7.672744514849779e-06,mule_laundering,1
801709080,933,5.17250297418921e-05,0.0,mule_laundering,0
8017090D0,933,7.758754461283815e-05,0.0,mule_laundering,0
80936C2A0,934,7.758754461283815e-05,0.0,mule_laundering,1
80936DB10,934,7.758754461283815e-05,0.0,mule_laundering,1
803F936D0,54,7.758754461283815e-05,1.5345489029699558e-05,mule_laundering,1
809CD43C0,935,7.758754461283815e-05,0.0,mule_laundering,0
809CD5510,935,0.0001034500594837842,0.0,mule_laundering,0
80D6A0850,936,5.17250297418921e-05,8.6210612526402e-08,mule_laundering,0
80D6A0C10,936,7.758754461283815e-05,0.0,mule_laundering,0
810CC6040,937,5.17250297418921e-05,0.0,mule_laundering,0
810CC6090,937,5.17250297418921e-05,0.0,mule_laundering,0
807D1E100,2,5.17250297418921e-05,7.672744514849779e-06,mule_laundering,1
80E1B2B40,938,5.17250297418921e-05,0.0,mule_laundering,0
80E1B2CD0,938,5.17250297418921e-05,0.0,mule_laundering,0
800EE6B70,40,0.0004138002379351368,0.00037699436278931754,mule_laundering,1
80093B290,40,0.0001034500594837842,7.068498505001385e-05,mule_laundering,1
80098A3D0,40,0.00038793772306419075,0.0003695334896892499,mule_laundering,1
80082C6C0,40,7.758754461283815e-05,7.678049783312941e-06,mule_laundering,1
802288860,40,0.0001034500594837842,1.5350794298162722e-05,mule_laundering,1
800F31270,40,7.758754461283815e-05,7.678049783312941e-06,mule_laundering,1
8007A1C40,40,7.758754461283815e-05,7.678049783312941e-06,mule_laundering,1
80255E6A0,40,0.0001551750892256763,0.0002525334314807999,mule_laundering,1
801847600,40,7.758754461283815e-05,7.678049783312941e-06,mule_laundering,1
8002E9D40,40,7.758754461283815e-05,7.678049783312941e-06,mule_laundering,1
8024018F0,40,0.0001034500594837842,1.5350794298162722e-05,mule_laundering,1
801EC18E0,40,7.758754461283815e-05,7.665918272989654e-06,mule_laundering,1
8000DBF20,40,0.0001034500594837842,1.5350794298162722e-05,mule_laundering,1
810EA38E0,2,7.758754461283815e-05,1.5345489029699558e-05,mule_laundering,1
80B0CE170,939,0.0001034500594837842,0.0,mule_laundering,0
80361F020,939,7.758754461283815e-05,0.0,mule_laundering,0
8076E3D00,940,5.17250297418921e-05,0.0,mule_laundering,0
804AFC550,940,7.758754461283815e-05,0.0,mule_laundering,0
802977C20,50,7.758754461283815e-05,1.5345489029699558e-05,mule_laundering,1
809880C00,12,0.0001034500594837842,2.3018233544549336e-05,mule_laundering,1
801673D80,12,0.0001034500594837842,4.603646708909867e-05,mule_laundering,1
80BA91220,941,7.758754461283815e-05,6.89684900211216e-08,mule_laundering,0
808D935A0,941,7.758754461283815e-05,3.44842450105608e-08,mule_laundering,0
80DE274E0,942,5.17250297418921e-05,0.0,mule_laundering,0
811A364F0,942,5.17250297418921e-05,0.0,mule_laundering,0
80B7390D0,943,5.17250297418921e-05,0.0,mule_laundering,0
80590B960,943,5.17250297418921e-05,1.72421225052804e-08,mule_laundering,0
805368000,2,0.0001034500594837842,2.3018233544549336e-05,mule_laundering,1
8063DA480,217,5.17250297418921e-05,0.0,mule_laundering,0
80DC8D400,944,5.17250297418921e-05,0.0,mule_laundering,0
80EE97110,944,5.17250297418921e-05,0.0,mule_laundering,0
80860D630,945,7.758754461283815e-05,0.0,mule_laundering,0
8067736B0,945,7.758754461283815e-05,0.0,mule_laundering,0
809C2F340,104,5.17250297418921e-05,7.672744514849779e-06,mule_laundering,1
80FBCF570,946,0.00012931257435473025,0.0,mule_laundering,0
80FBCF5C0,946,7.758754461283815e-05,0.0,mule_laundering,0
804D61350,57,7.758754461283815e-05,0.0,mule_laundering,0
80B07F000,947,0.0001034500594837842,0.0,mule_laundering,0
80B0A2CA0,947,7.758754461283815e-05,0.0,mule_laundering,0
80F18F9D0,266,0.0001034500594837842,2.3018233544549336e-05,mule_laundering,1
8028F2650,266,0.00046552526767702887,0.0006738463875952829,mule_laundering,1
8084F4F70,266,7.758754461283815e-05,1.5345489029699558e-05,mule_laundering,1
80D678DB0,266,5.17250297418921e-05,7.672744514849779e-06,mule_laundering,1
8039D2050,266,7.758754461283815e-05,1.5345489029699558e-05,mule_laundering,1
80F1B4940,266,5.17250297418921e-05,7.672744514849779e-06,mule_laundering,1
80A79C440,266,5.17250297418921e-05,7.672744514849779e-06,mule_laundering,1
80A2A5D10,266,5.17250297418921e-05,7.672744514849779e-06,mule_laundering,1
801D1AD90,266,5.17250297418921e-05,7.672744514849779e-06,mule_laundering,1
8058FE420,266,0.0001034500594837842,3.8363722574248894e-05,mule_laundering,1
800188850,266,7.758754461283815e-05,1.5345489029699558e-05,mule_laundering,1
80563D160,266,0.00012931257435473025,3.0690978059399115e-05,mule_laundering,1
802F5E0D0,266,7.758754461283815e-05,1.5321218930642757e-05,mule_laundering,1
808C0E7A0,266,5.17250297418921e-05,7.672744514849779e-06,mule_laundering,1
803FBD610,33,7.758754461283815e-05,9.67474598519676e-05,mule_laundering,1
8045C0B70,33,7.758754461283815e-05,8.19851430377746e-05,mule_laundering,1
8064A8D40,33,7.758754461283815e-05,0.00023132817559208898,mule_laundering,1
80478F0B0,33,7.758754461283815e-05,0.0001074184232078969,mule_laundering,1
807C03B20,33,7.758754461283815e-05,9.207293417819735e-05,mule_laundering,1
800AC3850,33,0.0001034500594837842,7.672744514849779e-05,mule_laundering,1
805778CA0,33,7.758754461283815e-05,1.5345489029699558e-05,mule_laundering,1
800CD4540,948,5.17250297418921e-05,0.0,mule_laundering,0
800CD4180,948,5.17250297418921e-05,0.0,mule_laundering,0
8079D3120,124,5.17250297418921e-05,0.0,legit,0
80BF0EAD0,949,7.758754461283815e-05,5.17263675158412e-08,mule_laundering,0
80BF0ED00,949,5.17250297418921e-05,1.72421225052804e-08,mule_laundering,0
80F519ED0,814,7.758754461283815e-05,1.034527350316824e-07,mule_laundering,1
80F519F20,814,5.17250297418921e-05,3.44842450105608e-08,mule_laundering,1
810381B40,950,7.758754461283815e-05,0.0,mule_laundering,0
8103820C0,950,5.17250297418921e-05,0.0,mule_laundering,0
808113B40,951,5.17250297418921e-05,0.0,mule_laundering,0
808116D60,951,5.17250297418921e-05,0.0,mule_laundering,0
80A655760,28,5.17250297418921e-05,7.672744514849779e-06,mule_laundering,1
80DFAB280,952,7.758754461283815e-05,0.0,mule_laundering,1
80B8C9580,952,7.758754461283815e-05,3.44842450105608e-08,mule_laundering,1
8014C0730,952,7.758754461283815e-05,1.72421225052804e-08,mule_laundering,1
801DAF060,952,7.758754461283815e-05,3.44842450105608e-08,mule_laundering,1
80BC2A1D0,55,5.17250297418921e-05,7.672744514849779e-06,mule_laundering,1
80A48A710,55,5.17250297418921e-05,7.660609465321379e-06,mule_laundering,1
80E6AB680,55,5.17250297418921e-05,7.672744514849779e-06,mule_laundering,1
80514F5E0,55,5.17250297418921e-05,7.672744514849779e-06,mule_laundering,1
8099FC090,55,5.17250297418921e-05,7.672744514849779e-06,mule_laundering,1
8039DA070,55,7.758754461283815e-05,1.5345489029699558e-05,mule_laundering,1
80CEF8B40,55,0.0001034500594837842,2.3018233544549336e-05,mule_laundering,1
8032468C0,55,7.758754461283815e-05,1.5345489029699558e-05,mule_laundering,1
80F177DB0,55,5.17250297418921e-05,7.672744514849779e-06,mule_laundering,1
801948590,55,5.17250297418921e-05,7.672744514849779e-06,mule_laundering,1
80A2A61B0,55,7.758754461283815e-05,1.5345489029699558e-05,mule_laundering,1
8114B24A0,55,5.17250297418921e-05,7.672744514849779e-06,mule_laundering,1
80760C4D0,55,5.17250297418921e-05,7.672744514849779e-06,mule_laundering,1
80D1AC960,55,5.17250297418921e-05,7.672744514849779e-06,mule_laundering,1
80D1E6020,55,5.17250297418921e-05,7.672744514849779e-06,mule_laundering,1
80E267B00,55,0.00012931257435473025,3.8363722574248894e-05,mule_laundering,1
8052DAD70,953,5.17250297418921e-05,0.0,legit,0
8052E1270,953,7.758754461283815e-05,0.0,mule_laundering,0
8052CEEE0,953,5.17250297418921e-05,0.0,mule_laundering,0
8143C9760,954,7.758754461283815e-05,0.0,mule_laundering,0
8143C9800,954,5.17250297418921e-05,0.0,mule_laundering,0
81222BE20,955,7.758754461283815e-05,3.44842450105608e-08,mule_laundering,0
81222C0E0,955,7.758754461283815e-05,0.0,mule_laundering,0
8136E3DD1,340,7.758754461283815e-05,0.0,mule_laundering,1
80A23E4A0,956,0.00012931257435473025,1.72421225052804e-07,mule_laundering,0
80A23F1F0,956,5.17250297418921e-05,3.44842450105608e-08,mule_laundering,0
812DCF890,957,7.758754461283815e-05,3.44842450105608e-08,mule_laundering,0
812DD0040,957,7.758754461283815e-05,0.0,mule_laundering,0
812FDCE00,958,7.758754461283815e-05,1.72421225052804e-08,legit,1
8026F8230,958,0.0001034500594837842,1.551791025475236e-07,mule_laundering,1
812FE7310,958,0.0001551750892256763,5.17263675158412e-08,mule_laundering,1
812FE7D10,958,0.0001034500594837842,3.44842450105608e-08,legit,1
811E062B0,959,5.17250297418921e-05,0.0,mule_laundering,0
811E07200,959,5.17250297418921e-05,0.0,mule_laundering,0
80CFA2F30,960,5.17250297418921e-05,0.0,mule_laundering,0
80CFA3200,960,5.17250297418921e-05,0.0,mule_laundering,0
800314290,961,5.17250297418921e-05,0.0,mule_laundering,0
800314A50,961,7.758754461283815e-05,0.0,mule_laundering,0
8060C5760,962,7.758754461283815e-05,0.0,mule_laundering,0
8060C5800,962,5.17250297418921e-05,0.0,mule_laundering,0
80E26BA30,963,7.758754461283815e-05,0.0,mule_laundering,0
80E26C5D0,963,7.758754461283815e-05,0.0,mule_laundering,0
8001AE260,104,0.0001034500594837842,2.3018233544549336e-05,mule_laundering,1
800D28A80,964,7.758754461283815e-05,0.0,mule_laundering,0
8005B6100,964,7.758754461283815e-05,0.0,mule_laundering,0
810E78400,965,5.17250297418921e-05,0.0,mule_laundering,0
810E783B0,965,5.17250297418921e-05,0.0,mule_laundering,0
80C3B1030,966,5.17250297418921e-05,0.0,mule_laundering,0
80C3B0E50,966,7.758754461283815e-05,0.0,mule_laundering,0
800552100,967,0.0001034500594837842,0.0,mule_laundering,0
800554330,967,5.17250297418921e-05,0.0,mule_laundering,0
811646190,968,5.17250297418921e-05,0.0,mule_laundering,0
811645E20,968,5.17250297418921e-05,0.0,mule_laundering,0
80F1ADE60,99,7.758754461283815e-05,1.5345489029699558e-05,mule_laundering,1
811B6E700,969,5.17250297418921e-05,0.0,mule_laundering,0
809B40B80,969,7.758754461283815e-05,0.0,mule_laundering,0
80F349C90,969,5.17250297418921e-05,0.0,mule_laundering,0
800928170,970,5.17250297418921e-05,0.0,mule_laundering,0
80B5D7AC0,970,5.17250297418921e-05,0.0,mule_laundering,0
808F215B0,971,5.17250297418921e-05,0.0,mule_laundering,0
800BD1990,971,7.758754461283815e-05,0.0,mule_laundering,0
80CAED3D0,972,7.758754461283815e-05,3.44842450105608e-08,mule_laundering,0
80D7E33E0,972,5.17250297418921e-05,5.17263675158412e-08,mule_laundering,0
80B3A54F0,973,7.758754461283815e-05,0.0,mule_laundering,0
800A21910,973,5.17250297418921e-05,0.0,mule_laundering,0
804F0BFF0,974,7.758754461283815e-05,3.44842450105608e-08,mule_laundering,0
807B0DEE0,974,5.17250297418921e-05,5.17263675158412e-08,mule_laundering,0
802583B00,975,0.0001034500594837842,0.0,mule_laundering,0
80440A040,975,7.758754461283815e-05,0.0,mule_laundering,0
80348E920,976,5.17250297418921e-05,0.0,mule_laundering,0
801A06BB0,976,5.17250297418921e-05,0.0,mule_laundering,0
80407D1F0,977,7.758754461283815e-05,0.0,mule_laundering,0
808586D90,977,5.17250297418921e-05,0.0,mule_laundering,0
809DDA830,978,5.17250297418921e-05,1.72421225052804e-08,mule_laundering,0
805DF0860,978,5.17250297418921e-05,3.44842450105608e-08,mule_laundering,0
80832C3E0,979,7.758754461283815e-05,5.17263675158412e-08,mule_laundering,0
803AB9C40,979,5.17250297418921e-05,1.72421225052804e-08,mule_laundering,0
803249220,980,7.758754461283815e-05,0.0,mule_laundering,0
803CEFB70,980,5.17250297418921e-05,0.0,mule_laundering,0
80B61F6E0,981,5.17250297418921e-05,1.72421225052804e-08,mule_laundering,0
8035A4F50,981,7.758754461283815e-05,8.6210612526402e-08,mule_laundering,0
80CADC170,440,0.0001034500594837842,0.0,mule_laundering,0
8029821C0,982,5.17250297418921e-05,0.0,mule_laundering,0
8068B91C0,982,5.17250297418921e-05,0.0,mule_laundering,0
80993EAE0,371,7.758754461283815e-05,4.603646708909867e-05,mule_laundering,1
80340AC10,983,5.17250297418921e-05,0.0,mule_laundering,0
80340B7F0,983,7.758754461283815e-05,0.0,mule_laundering,0
80A01D700,984,5.17250297418921e-05,0.0,legit,0
80A017D30,984,5.17250297418921e-05,0.0,legit,0
814496A10,985,5.17250297418921e-05,0.0,mule_laundering,0
814496FE0,985,5.17250297418921e-05,0.0,mule_laundering,0
806284350,986,5.17250297418921e-05,0.0,mule_laundering,0
8062843A0,986,5.17250297418921e-05,0.0,mule_laundering,0
80F540750,52,0.00012931257435473025,4.102171891645576e-05,mule_laundering,1
80F523260,52,0.0001551750892256763,0.00027320567233118226,mule_laundering,1
80F52E1B0,52,5.17250297418921e-05,7.672744514849779e-06,legit,1
80F509740,52,7.758754461283815e-05,9.119851225114384e-06,mule_laundering,1
8004FDA60,42,7.758754461283815e-05,9.974567869304712e-05,mule_laundering,1
800503200,42,0.0001551750892256763,8.440018966334756e-05,mule_laundering,1
8004FCED0,42,5.17250297418921e-05,3.8363722574248894e-05,mule_laundering,1
8004FF7A0,42,5.17250297418921e-05,7.672744514849779e-06,legit,1
80F1404E0,987,7.758754461283815e-05,0.0,mule_laundering,1
80F13FF90,987,5.17250297418921e-05,0.0,legit,1
80B95A8D0,988,7.758754461283815e-05,0.0,mule_laundering,1
808946C20,988,7.758754461283815e-05,0.0,mule_laundering,1
8034CAA70,988,7.758754461283815e-05,0.0,mule_laundering,1
809E22150,988,0.0001034500594837842,0.0,mule_laundering,1
8023202B0,988,0.0001034500594837842,0.0,mule_laundering,1
803E0FC70,988,0.0001034500594837842,0.0,mule_laundering,1
8087B1360,988,0.0001034500594837842,0.0,mule_laundering,1
808B564F0,988,0.0001034500594837842,0.0,mule_laundering,1
8145777F1,989,5.17250297418921e-05,0.0,mule_laundering,0
814577B81,989,7.758754461283815e-05,0.0,mule_laundering,0
80368B680,990,0.00012931257435473025,2.069054700633648e-07,mule_laundering,0
80368BB30,990,7.758754461283815e-05,6.89684900211216e-08,legit,0
8047B6F80,50,5.17250297418921e-05,7.672744514849779e-06,mule_laundering,1
806B8FA70,991,5.17250297418921e-05,0.0,mule_laundering,0
806B94070,991,0.0001034500594837842,0.0,mule_laundering,0
8038A7920,992,5.17250297418921e-05,0.0,mule_laundering,0
803998910,992,0.0001034500594837842,0.0,mule_laundering,0
80D5AD200,993,0.0002069001189675684,0.0,account_takeover,1
80D5ACCA0,993,7.758754461283815e-05,0.0,mule_laundering,1
80D5ACC00,993,7.758754461283815e-05,0.0,mule_laundering,1
80372CF70,42,7.758754461283815e-05,0.0002372171214276478,mule_laundering,1
803732680,42,7.758754461283815e-05,0.00022195784301047464,legit,1
80372F310,42,5.17250297418921e-05,7.672744514849779e-06,legit,1
80C548D60,994,7.758754461283815e-05,0.0,mule_laundering,0
80C549C90,994,5.17250297418921e-05,0.0,mule_laundering,0
80C7D4E10,544,5.17250297418921e-05,0.0,legit,1
80C7BBE90,544,7.758754461283815e-05,0.0,mule_laundering,1
8136623E0,995,7.758754461283815e-05,8.6210612526402e-08,mule_laundering,0
813664F70,995,0.0001034500594837842,5.17263675158412e-08,mule_laundering,0
808C9D420,61,7.758754461283815e-05,2.3018233544549336e-05,mule_laundering,1
808C9D6F0,61,5.17250297418921e-05,7.672744514849779e-06,mule_laundering,1
802DF71D0,996,5.17250297418921e-05,0.0,mule_laundering,0
80E33A080,996,7.758754461283815e-05,0.0,mule_laundering,0
800AC4930,997,5.17250297418921e-05,0.0,mule_laundering,0
800AC5290,997,5.17250297418921e-05,0.0,mule_laundering,0
800EC1750,998,7.758754461283815e-05,0.0,mule_laundering,0
8015A6530,998,0.0001551750892256763,0.0,mule_laundering,0
8011150C0,998,0.0001034500594837842,0.0,mule_laundering,0
80C2FB3F0,364,0.0001034500594837842,0.0,mule_laundering,1
801F24DF0,999,5.17250297418921e-05,0.0,mule_laundering,0
801F258F0,999,7.758754461283815e-05,0.0,mule_laundering,0
814804F20,1000,7.758754461283815e-05,0.0,mule_laundering,0
814804FC0,1000,5.17250297418921e-05,0.0,mule_laundering,0
801F46AA0,1001,5.17250297418921e-05,0.0,mule_laundering,0
805278170,1001,0.0001034500594837842,0.0,mule_laundering,0
8129AD010,1002,5.17250297418921e-05,3.44842450105608e-08,mule_laundering,0
80C995060,1002,5.17250297418921e-05,1.72421225052804e-08,mule_laundering,0
80B2F5E60,61,5.17250297418921e-05,7.672744514849779e-06,mule_laundering,1
80B438A40,61,7.758754461283815e-05,2.3018233544549336e-05,mule_laundering,1
809BE89C0,1003,5.17250297418921e-05,0.0,mule_laundering,0
809BECAA0,1003,0.00012931257435473025,0.0,mule_laundering,0
809C1C800,1003,7.758754461283815e-05,0.0,legit,0
80BD937F0,1004,5.17250297418921e-05,1.72421225052804e-08,mule_laundering,0
80BD938E0,1004,5.17250297418921e-05,0.0,mule_laundering,0
8021DAD00,2,7.758754461283815e-05,1.5345489029699558e-05,mule_laundering,1
802DDC160,1005,0.0001034500594837842,0.0,mule_laundering,0
802DDCDF0,1005,5.17250297418921e-05,0.0,mule_laundering,0
8046E01F0,1006,7.758754461283815e-05,0.0,mule_laundering,0
8046E0820,1006,7.758754461283815e-05,0.0,mule_laundering,0
8148B83A1,1007,7.758754461283815e-05,0.0,mule_laundering,0
8148B9331,1007,5.17250297418921e-05,0.0,mule_laundering,0
813F7F651,1008,5.17250297418921e-05,0.0,mule_laundering,0
813F7F6A1,1008,5.17250297418921e-05,0.0,mule_laundering,0
80993A3D0,1009,7.758754461283815e-05,0.0,mule_laundering,0
80993A420,1009,7.758754461283815e-05,0.0,mule_laundering,0
80237B260,1010,5.17250297418921e-05,0.0,mule_laundering,0
80237B7D0,1010,5.17250297418921e-05,0.0,mule_laundering,0
807643440,1011,5.17250297418921e-05,0.0,mule_laundering,0
807644E00,1011,0.00012931257435473025,0.0,mule_laundering,0
807644390,1011,0.0001034500594837842,0.0,legit,0
81200BD00,1012,7.758754461283815e-05,0.0,mule_laundering,0
81200D740,1012,5.17250297418921e-05,0.0,mule_laundering,0
8003BD2B0,1013,5.17250297418921e-05,0.0,mule_laundering,0
8003C0E20,1013,7.758754461283815e-05,0.0,mule_laundering,0
807873280,1014,5.17250297418921e-05,0.0,mule_laundering,0
807873370,1014,5.17250297418921e-05,0.0,mule_laundering,0
805C938B0,1015,5.17250297418921e-05,0.0,mule_laundering,0
805C93B20,1015,0.00012931257435473025,0.0,mule_laundering,0
80B50A230,1016,7.758754461283815e-05,0.0,mule_laundering,0
80B50A410,1016,5.17250297418921e-05,1.72421225052804e-08,mule_laundering,0
810EC8490,70,0.00012931257435473025,2.3018233544549336e-05,mule_laundering,1
810EC7C30,70,7.758754461283815e-05,7.672744514849779e-06,mule_laundering,1
8079C0A30,12,0.0002069001189675684,8.750377171429803e-06,mule_laundering,1
80A8E65D0,12,7.758754461283815e-05,9.56173632416125e-06,mule_laundering,1
80D2DC7D0,12,7.758754461283815e-05,9.56173632416125e-06,mule_laundering,1
809176AF0,12,0.00012931257435473025,2.4907225353860807e-05,mule_laundering,1
810FB4D10,12,7.758754461283815e-05,9.56173632416125e-06,mule_laundering,1
812989E20,12,0.0001034500594837842,1.7234480839011133e-05,mule_laundering,1
806CAE6D0,12,7.758754461283815e-05,9.56173632416125e-06,mule_laundering,1
80B1BF360,19,0.0003620752081932447,0.0003270797974901514,mule_laundering,1
8118F49B0,19,7.758754461283815e-05,7.677055045476098e-06,mule_laundering,1
80C5219E0,19,0.0003362126933222986,0.0005183811466862367,mule_laundering,1
807C59180,19,7.758754461283815e-05,7.677055045476098e-06,mule_laundering,1
80C0458E0,19,0.0001034500594837842,1.5349799560325878e-05,mule_laundering,1
80FCC1740,19,0.0001034500594837842,1.5349799560325878e-05,mule_laundering,1
80CE75620,19,7.758754461283815e-05,7.677055045476098e-06,mule_laundering,1
811BD8570,19,0.0001034500594837842,1.5349799560325878e-05,mule_laundering,1
80D52AE50,19,0.0001034500594837842,1.5349799560325878e-05,mule_laundering,1
80C4CCF20,19,7.758754461283815e-05,7.677055045476098e-06,mule_laundering,1
81071A7F0,19,7.758754461283815e-05,7.677055045476098e-06,mule_laundering,1
80265EBC0,1017,7.758754461283815e-05,0.0,mule_laundering,0
80265EE30,1017,0.0001034500594837842,0.0,mule_laundering,0
8094EFC90,1018,5.17250297418921e-05,0.0,legit,0
8094F03D0,1018,5.17250297418921e-05,0.0,legit,0
80EEAF1E0,60,0.0001034500594837842,1.5321218930642757e-05,mule_laundering,1
804EFC300,60,0.0001034500594837842,1.5345489029699558e-05,mule_laundering,1
80C985A50,1019,5.17250297418921e-05,0.0,mule_laundering,0
80C98BAB0,1019,0.0001034500594837842,0.0,mule_laundering,0
8073E17F0,925,5.17250297418921e-05,0.0,mule_laundering,0
8074F8C10,1020,5.17250297418921e-05,0.0,mule_laundering,0
8074F9810,1020,7.758754461283815e-05,3.44842450105608e-08,mule_laundering,0
811DCA9B0,71,0.00018103760409662236,7.942729966020463e-06,mule_laundering,1
800051110,71,0.00012931257435473025,0.00020994023607427844,mule_laundering,1
8089FEA10,1021,7.758754461283815e-05,0.0,mule_laundering,0
8089FE880,1021,7.758754461283815e-05,0.0,mule_laundering,0
812321020,1022,5.17250297418921e-05,0.0,mule_laundering,0
812321160,1022,5.17250297418921e-05,0.0,mule_laundering,0
80A973220,1023,7.758754461283815e-05,0.0,mule_laundering,0
80A973A00,1023,5.17250297418921e-05,0.0,mule_laundering,0
80E8F8340,1024,5.17250297418921e-05,0.0,mule_laundering,0
80E8F8390,1024,0.0001034500594837842,5.17263675158412e-08,mule_laundering,0
80FC30F10,1025,7.758754461283815e-05,0.0,mule_laundering,0
80FC30F60,1025,5.17250297418921e-05,0.0,mule_laundering,0
806D31C80,50,0.0001034500594837842,2.6854605801974226e-05,mule_laundering,1
80D0D5F80,50,0.0001034500594837842,1.5345489029699558e-05,mule_laundering,1
80EB13650,50,0.0001034500594837842,2.6854605801974226e-05,mule_laundering,1
80E0555C0,50,0.0001551750892256763,9.207293417819735e-05,mule_laundering,1
803330DF0,1026,5.17250297418921e-05,0.0,mule_laundering,0
80DE49790,1026,7.758754461283815e-05,0.0,mule_laundering,0
8063E9D30,1026,5.17250297418921e-05,0.0,mule_laundering,0
80ED2CC20,1027,5.17250297418921e-05,1.72421225052804e-08,mule_laundering,0
8034EE910,1027,0.0001034500594837842,1.034527350316824e-07,mule_laundering,0
8058D9160,1027,7.758754461283815e-05,3.44842450105608e-08,mule_laundering,0
80853A9D0,791,7.758754461283815e-05,3.44842450105608e-08,mule_laundering,1
80468A0F0,791,7.758754461283815e-05,0.0,mule_laundering,1
802C34490,1028,5.17250297418921e-05,0.0,mule_laundering,0
8006345A0,1028,7.758754461283815e-05,0.0,mule_laundering,0
800FC2A60,1028,5.17250297418921e-05,0.0,mule_laundering,0
8062B9FD0,1029,5.17250297418921e-05,0.0,mule_laundering,1
80DAD2370,1029,7.758754461283815e-05,0.0,mule_laundering,1
80FBBF780,1029,5.17250297418921e-05,0.0,mule_laundering,1
8059B6FB0,104,7.758754461283815e-05,0.0002219578430104746,mule_laundering,1
8007F5F30,104,5.17250297418921e-05,7.672744514849779e-06,mule_laundering,1
802077CB0,63,7.758754461283815e-05,1.2069485753696282e-07,mule_laundering,1
800FB5AB0,1030,0.0001034500594837842,5.17263675158412e-08,mule_laundering,0
81023CDC0,1030,7.758754461283815e-05,8.6210612526402e-08,mule_laundering,0
807A65360,1030,5.17250297418921e-05,0.0,mule_laundering,0
804D08300,61,7.758754461283815e-05,0.0007338873777583629,mule_laundering,1
803C12800,1031,5.17250297418921e-05,8.6210612526402e-08,mule_laundering,0
80A644C70,1031,0.0001034500594837842,6.89684900211216e-08,mule_laundering,0
806174CC0,1031,5.17250297418921e-05,1.72421225052804e-08,mule_laundering,0
80C65FCB0,1032,5.17250297418921e-05,0.0,mule_laundering,0
80957D980,1032,7.758754461283815e-05,0.0,mule_laundering,0
804FFC170,1032,0.0001034500594837842,0.0,mule_laundering,0
801783860,52,7.758754461283815e-05,1.5345489029699558e-05,mule_laundering,1
81062E050,1033,7.758754461283815e-05,1.2069485753696282e-07,mule_laundering,1
810617860,1033,7.758754461283815e-05,1.551791025475236e-07,mule_laundering,1
81225DDF0,1033,0.0001034500594837842,2.069054700633648e-07,mule_laundering,1
80DDD8FE0,360,7.758754461283815e-05,0.0,mule_laundering,1
80DDD8D70,360,0.0001034500594837842,0.0,mule_laundering,1
80202B7A0,42,5.17250297418921e-05,7.672744514849779e-06,mule_laundering,1
801F05EF0,42,0.0004138002379351368,0.0012020730458739768,mule_laundering,1
800E604D0,42,5.17250297418921e-05,7.660609465321379e-06,mule_laundering,1
800F2EAC0,42,5.17250297418921e-05,7.672744514849779e-06,mule_laundering,1
801EA4520,42,5.17250297418921e-05,7.672744514849779e-06,mule_laundering,1
8001DB9C0,42,7.758754461283815e-05,1.5321218930642757e-05,mule_laundering,1
800B9C510,42,5.17250297418921e-05,7.672744514849779e-06,mule_laundering,1
801DB71F0,42,5.17250297418921e-05,7.672744514849779e-06,mule_laundering,1
80083F9A0,42,0.0001034500594837842,0.0002219578430104745,mule_laundering,1
801CD4740,42,5.17250297418921e-05,0.00020664683822578552,mule_laundering,1
801928EE0,42,5.17250297418921e-05,7.672744514849779e-06,mule_laundering,1
810628440,1034,7.758754461283815e-05,0.0,mule_laundering,0
810628760,1034,5.17250297418921e-05,0.0,mule_laundering,0
808056310,1035,5.17250297418921e-05,0.0,mule_laundering,0
8080610C0,1035,5.17250297418921e-05,0.0,mule_laundering,0
80C7BBE40,1036,5.17250297418921e-05,0.0,mule_laundering,0
80C98A830,1036,7.758754461283815e-05,0.0,mule_laundering,0
8057EA470,2,5.17250297418921e-05,7.672744514849779e-06,mule_laundering,1
810BA6340,1037,0.0001034500594837842,0.0,mule_laundering,0
810BA6390,1037,7.758754461283815e-05,0.0,mule_laundering,0
8105202B0,1038,5.17250297418921e-05,0.0,mule_laundering,0
81051CE50,1038,5.17250297418921e-05,0.0,mule_laundering,0
8076DDCE0,1039,5.17250297418921e-05,0.0,mule_laundering,0
8076DDD80,1039,5.17250297418921e-05,0.0,mule_laundering,0
810D87E20,1040,5.17250297418921e-05,7.672744514849779e-06,mule_laundering,1
80DF47A40,1040,0.0001034500594837842,4.603646708909867e-05,mule_laundering,1
802748380,1040,7.758754461283815e-05,6.138195611879823e-05,mule_laundering,1
80AC30BC0,1040,0.00012931257435473025,0.00031377214535109263,mule_laundering,1
80E064980,1040,0.0001034500594837842,0.00033653174705806276,mule_laundering,1
8013F90B0,1040,0.0001034500594837842,0.0003594465278675804,mule_laundering,1
80AD0E740,28,5.17250297418921e-05,7.672744514849779e-06,mule_laundering,1
8071F87A0,815,5.17250297418921e-05,0.0,mule_laundering,1
8071FAC70,815,0.00012931257435473025,0.0,mule_laundering,1
80CD7D7D0,16,5.17250297418921e-05,0.0,mule_laundering,1
80D6FB7B0,1041,7.758754461283815e-05,0.0,mule_laundering,0
80D6FBFC0,1041,7.758754461283815e-05,0.0,mule_laundering,0
80147FA90,402,0.00012931257435473025,0.0,mule_laundering,1
801471AA0,402,0.0001551750892256763,0.0,account_takeover,1
8014711F0,402,5.17250297418921e-05,0.0,mule_laundering,1
80333CC00,462,7.758754461283815e-05,0.0,mule_laundering,0
80E4AD400,1042,5.17250297418921e-05,0.0,mule_laundering,0
80E4AD7C0,1042,5.17250297418921e-05,0.0,mule_laundering,0
8092107E0,1043,5.17250297418921e-05,0.0,mule_laundering,0
809210790,1043,5.17250297418921e-05,0.0,mule_laundering,0
80DF001F0,104,5.17250297418921e-05,7.672744514849779e-06,mule_laundering,1
803C75EA0,104,0.00018103760409662236,0.0004895900685374369,mule_laundering,1
810BE6260,104,5.17250297418921e-05,0.0002066468382257856,mule_laundering,1
8031A2600,104,5.17250297418921e-05,7.672744514849779e-06,mule_laundering,1
807EACC20,104,7.758754461283815e-05,0.0002143023406181301,mule_laundering,1
80C1EDA50,104,5.17250297418921e-05,7.672744514849779e-06,mule_laundering,1
8142A1471,1044,5.17250297418921e-05,0.0,mule_laundering,0
8142A11A1,1044,5.17250297418921e-05,0.0,mule_laundering,0
811446980,1045,0.0001034500594837842,0.0,mule_laundering,0
811479FD0,1045,5.17250297418921e-05,0.0,mule_laundering,0
8116C2CB0,1046,7.758754461283815e-05,6.89684900211216e-08,mule_laundering,0
8116C2ED0,1046,5.17250297418921e-05,8.6210612526402e-08,mule_laundering,0
808F72C50,1047,5.17250297418921e-05,0.0,legit,1
808F61A50,1047,0.00012931257435473025,0.0,mule_laundering,1
808F5A660,1047,7.758754461283815e-05,0.0,mule_laundering,1
808F79A90,1047,7.758754461283815e-05,0.0,legit,1
808F74280,1047,5.17250297418921e-05,0.0,legit,1
8000EBAC0,1048,5.17250297418921e-05,0.0,mule_laundering,0
8000F5030,1048,5.17250297418921e-05,0.0,mule_laundering,0
80B5B8CE0,1049,5.17250297418921e-05,0.0,mule_laundering,0
80B5BA320,1049,7.758754461283815e-05,0.0,mule_laundering,0
80B5BD010,1049,5.17250297418921e-05,0.0,legit,0
8019D9EC0,1050,7.758754461283815e-05,0.0,mule_laundering,0
8019DA790,1050,7.758754461283815e-05,0.0,mule_laundering,0
80DA46EA0,1051,5.17250297418921e-05,1.72421225052804e-08,mule_laundering,1
80DA48560,1051,7.758754461283815e-05,6.89684900211216e-08,mule_laundering,1
80DA49670,1051,5.17250297418921e-05,1.72421225052804e-08,legit,1
8135CAB50,2,7.758754461283815e-05,1.5321218930642757e-05,mule_laundering,1
80A678FB0,181,0.0001034500594837842,0.0,mule_laundering,1
80A679CC0,181,0.00012931257435473025,0.0,mule_laundering,1
80A679900,181,0.0001034500594837842,0.0,legit,1
811AA2490,1052,5.17250297418921e-05,0.0,mule_laundering,0
811AA2530,1052,5.17250297418921e-05,0.0,mule_laundering,0
80EE582B0,119,7.758754461283815e-05,5.689900426742532e-07,mule_laundering,1
80C2E7860,119,0.0002586251487094605,1.3535066166645114e-06,mule_laundering,1
800F5BCB0,119,0.0001034500594837842,3.2760032760032763e-07,mule_laundering,1
8026F0EF0,119,7.758754461283815e-05,2.241475925686452e-07,mule_laundering,1
808718090,119,7.758754461283815e-05,1.551791025475236e-07,mule_laundering,1
8033ACE30,119,7.758754461283815e-05,8.6210612526402e-08,mule_laundering,1
80543A870,119,0.0001034500594837842,6.89684900211216e-08,mule_laundering,1
80C90D1D0,119,7.758754461283815e-05,3.9656881762144923e-07,mule_laundering,1
80BE84A00,119,0.0001034500594837842,5.000215526531317e-07,mule_laundering,1
80AB22230,1053,7.758754461283815e-05,0.0,mule_laundering,0
80AB22630,1053,5.17250297418921e-05,0.0,mule_laundering,0
80F035DF0,99,5.17250297418921e-05,7.672744514849779e-06,mule_laundering,1
80FB52B40,1054,5.17250297418921e-05,0.0,mule_laundering,0
80FB52DC0,1054,0.0001034500594837842,6.89684900211216e-08,mule_laundering,0
80FB548B0,1054,5.17250297418921e-05,1.72421225052804e-08,legit,0
8001BF230,104,5.17250297418921e-05,7.672744514849779e-06,mule_laundering,1
80017F180,104,0.0002069001189675684,0.0008699857752489332,mule_laundering,1
80027F7A0,104,0.0001034500594837842,0.0007939307728781414,mule_laundering,1
800176CF0,104,7.758754461283815e-05,1.5345489029699558e-05,mule_laundering,1
8001665B0,104,5.17250297418921e-05,7.672744514849779e-06,mule_laundering,1
80C2E5A90,119,0.00012931257435473025,1.1207379628432262e-06,mule_laundering,1
80C2D6A60,119,0.0002069001189675684,5.258847364110522e-07,mule_laundering,1
80C2CF830,119,0.0001034500594837842,1.1034958403379457e-06,mule_laundering,1
80C2EE380,119,7.758754461283815e-05,3.44842450105608e-08,legit,1
80C2EDC30,119,0.0001551750892256763,1.379369800422432e-07,legit,1
80C2ED420,119,0.00012931257435473025,1.034527350316824e-07,legit,1
80C2D7530,119,7.758754461283815e-05,3.44842450105608e-08,legit,1
80C91D900,36,5.17250297418921e-05,7.672744514849779e-06,mule_laundering,1
8003CEDD0,1055,0.0001034500594837842,1.72421225052804e-07,mule_laundering,1
8003D22D0,1055,7.758754461283815e-05,6.89684900211216e-08,mule_laundering,1
8075AF3A0,1056,5.17250297418921e-05,0.0,legit,0
8144BB3F0,1056,7.758754461283815e-05,0.0,legit,0
809C63C30,40,5.17250297418921e-05,7.672744514849779e-06,legit,1
80B515050,2,7.758754461283815e-05,1.5345489029699558e-05,legit,1
8018F8400,36,7.758754461283815e-05,2.3018233544549336e-05,legit,1
80D52DD10,36,5.17250297418921e-05,7.672744514849779e-06,legit,1
801BDF980,28,5.17250297418921e-05,7.672744514849779e-06,mule_laundering,1
808197320,1057,5.17250297418921e-05,0.0,legit,0
80819CEB0,1057,0.0001034500594837842,0.0,mule_laundering,0
80682B150,1057,5.17250297418921e-05,0.0,mule_laundering,0
810477460,31,7.758754461283815e-05,2.3018233544549336e-05,legit,1
80C23F420,31,5.17250297418921e-05,7.672744514849779e-06,legit,1
8102B31F0,1058,5.17250297418921e-05,0.0,mule_laundering,0
8102B6030,1058,7.758754461283815e-05,0.0,mule_laundering,0
806ADD200,1059,7.758754461283815e-05,0.0,mule_laundering,0
806ADD4D0,1059,5.17250297418921e-05,0.0,mule_laundering,0
800093C80,190,0.00012931257435473025,0.0,mule_laundering,1
80B02BBD0,12,5.17250297418921e-05,7.672744514849779e-06,legit,1
80C180D60,36,7.758754461283815e-05,1.5345489029699558e-05,legit,1
80C9AD150,36,0.00012931257435473025,4.603646708909867e-05,mule_laundering,1
811E39130,71,0.00012931257435473025,2.3018233544549336e-05,legit,1
8105DC290,70,0.00018103760409662236,0.0004820035346351137,mule_laundering,1
801DA5A50,1060,7.758754461283815e-05,0.0,mule_laundering,0
801DA5E90,1060,5.17250297418921e-05,0.0,mule_laundering,0
810FDB890,1061,5.17250297418921e-05,0.0,mule_laundering,0
810FDBEA0,1061,0.0001034500594837842,0.0,mule_laundering,0
812F67640,1062,5.17250297418921e-05,0.0,mule_laundering,0
812F67780,1062,7.758754461283815e-05,0.0,mule_laundering,0
8096BB9C0,191,7.758754461283815e-05,1.5345489029699558e-05,mule_laundering,1
8096D4300,191,0.0002069001189675684,0.0005963877753351438,mule_laundering,1
8096D46C0,191,5.17250297418921e-05,7.672744514849779e-06,legit,1
8096C0A60,191,7.758754461283815e-05,1.5345489029699558e-05,legit,1
8096D4670,191,7.758754461283815e-05,0.0005045562308720204,mule_laundering,1
80082EF30,1063,5.17250297418921e-05,0.0,legit,0
80082ED00,1063,5.17250297418921e-05,0.0,legit,0
80BFBB3E0,1064,7.758754461283815e-05,0.0,mule_laundering,0
80BFBB6B0,1064,7.758754461283815e-05,0.0,mule_laundering,0
81255CE20,1065,5.17250297418921e-05,0.0,mule_laundering,0
812560AA0,1065,7.758754461283815e-05,0.0,mule_laundering,0
8125634B0,1065,5.17250297418921e-05,0.0,legit,0
8128B49E0,1066,7.758754461283815e-05,0.0,legit,0
8128B0380,1066,7.758754461283815e-05,0.0,legit,0
80AF5AFD0,1067,7.758754461283815e-05,0.0,mule_laundering,0
80AF5B200,1067,7.758754461283815e-05,0.0,mule_laundering,0
80FE65DA0,70,5.17250297418921e-05,7.672744514849779e-06,mule_laundering,1
80080ABC0,31,7.758754461283815e-05,3.496550687450837e-05,mule_laundering,1
8000635D0,92,5.17250297418921e-05,7.672744514849779e-06,mule_laundering,1
800103300,92,5.17250297418921e-05,7.672744514849779e-06,mule_laundering,1
800240B70,104,0.00018103760409662236,0.0007716711927238243,mule_laundering,1
8001B8900,35,7.758754461283815e-05,1.5345489029699558e-05,mule_laundering,1
8000FF830,33,5.17250297418921e-05,7.672744514849779e-06,mule_laundering,1
8001BEBD0,104,7.758754461283815e-05,3.0690978059399115e-05,mule_laundering,1
80029B9A0,104,7.758754461283815e-05,1.5345489029699558e-05,mule_laundering,1
8000746C0,104,5.17250297418921e-05,7.672744514849779e-06,mule_laundering,1
800278B80,31,5.17250297418921e-05,7.672744514849779e-06,mule_laundering,1
80023AB40,104,7.758754461283815e-05,4.603646708909867e-05,mule_laundering,1
80017B3D0,104,7.758754461283815e-05,1.5321218930642757e-05,mule_laundering,1
800906D70,193,5.17250297418921e-05,7.672744514849779e-06,mule_laundering,1
80098DC70,193,0.0004138002379351368,0.0010800217328452543,mule_laundering,1
8004723C0,193,7.758754461283815e-05,1.5345489029699558e-05,mule_laundering,1
8008B1F80,193,5.17250297418921e-05,7.660609465321379e-06,mule_laundering,1
8009ABF50,193,7.758754461283815e-05,1.5345489029699558e-05,mule_laundering,1
800619700,193,5.17250297418921e-05,7.672744514849779e-06,mule_laundering,1
800949570,193,7.758754461283815e-05,1.5345489029699558e-05,mule_laundering,1
8003ED970,193,5.17250297418921e-05,7.672744514849779e-06,mule_laundering,1
80029E4F0,193,0.0001034500594837842,1.7107675002411845e-05,mule_laundering,1
800389010,193,5.17250297418921e-05,7.672744514849779e-06,mule_laundering,1
8120633F0,1068,0.00012931257435473025,3.2760032760032763e-07,mule_laundering,1
800C57250,1068,7.758754461283815e-05,6.89684900211216e-08,mule_laundering,1
811825F40,1068,5.17250297418921e-05,3.44842450105608e-08,mule_laundering,1
805FBB600,1068,5.17250297418921e-05,2.241475925686452e-07,mule_laundering,1
809BF0980,1069,5.17250297418921e-05,0.0,mule_laundering,0
809BF65E0,1069,5.17250297418921e-05,0.0,mule_laundering,0
807BE8DB0,1070,5.17250297418921e-05,0.0,mule_laundering,0
807BE8F40,1070,7.758754461283815e-05,0.0,mule_laundering,0
803FD4C30,1071,5.17250297418921e-05,0.0,mule_laundering,0
803FD4F50,1071,5.17250297418921e-05,0.0,mule_laundering,0
80C4FE740,1072,5.17250297418921e-05,0.0,mule_laundering,0
80C4FE790,1072,5.17250297418921e-05,0.0,mule_laundering,0
808D26E60,1073,7.758754461283815e-05,3.44842450105608e-08,mule_laundering,0
808D26F00,1073,5.17250297418921e-05,5.17263675158412e-08,mule_laundering,0
80F801A80,3,7.758754461283815e-05,2.3018233544549336e-05,mule_laundering,1
80F802490,3,5.17250297418921e-05,7.672744514849779e-06,mule_laundering,1
803FC6320,1074,5.17250297418921e-05,0.0,mule_laundering,0
803FC65A0,1074,5.17250297418921e-05,0.0,mule_laundering,0
8074D8890,1075,5.17250297418921e-05,0.0,mule_laundering,0
8074D8D40,1075,5.17250297418921e-05,0.0,mule_laundering,0
80C924F70,1076,0.0001034500594837842,0.0,mule_laundering,0
80857D940,1076,0.0001034500594837842,0.0,mule_laundering,0
810DCEAA0,1076,7.758754461283815e-05,0.0,mule_laundering,0
806685680,170,5.17250297418921e-05,1.72421225052804e-08,mule_laundering,1
801A90E20,170,7.758754461283815e-05,2.931160825897668e-07,mule_laundering,1
8034A7D40,1077,7.758754461283815e-05,1.551791025475236e-07,mule_laundering,0
810FA0630,1077,0.00012931257435473025,2.069054700633648e-07,mule_laundering,0
808476060,1077,5.17250297418921e-05,3.44842450105608e-08,mule_laundering,0
80F1C1CE0,458,7.758754461283815e-05,0.0,mule_laundering,1
8027EC510,458,0.0001034500594837842,0.0,mule_laundering,1
80EE67C20,237,7.758754461283815e-05,2.4138971507392564e-07,mule_laundering,1
802C78C30,237,5.17250297418921e-05,1.72421225052804e-08,mule_laundering,1
801402460,1078,5.17250297418921e-05,8.6210612526402e-08,mule_laundering,0
8060B8CF0,1078,7.758754461283815e-05,6.89684900211216e-08,mule_laundering,0
8070AC5B0,1078,7.758754461283815e-05,3.44842450105608e-08,mule_laundering,0
80EFADF00,290,7.758754461283815e-05,0.0,mule_laundering,1
803B194C0,290,7.758754461283815e-05,0.0,mule_laundering,1
80A884F10,50,7.758754461283815e-05,2.8802573778650355e-05,mule_laundering,1
8034B0860,50,0.0001034500594837842,3.875127846419713e-05,mule_laundering,1
80571FD40,50,0.0001034500594837842,7.672744514849779e-05,mule_laundering,1
80495F410,50,7.758754461283815e-05,5.370921160394845e-05,mule_laundering,1
80CD71F30,50,0.0001034500594837842,3.8363722574248894e-05,mule_laundering,1
800703FD0,50,7.758754461283815e-05,1.5345489029699558e-05,mule_laundering,1
8097E3BC0,1079,5.17250297418921e-05,0.0,mule_laundering,0
8097E3E40,1079,7.758754461283815e-05,0.0,mule_laundering,0
8097E4020,1079,5.17250297418921e-05,0.0,legit,0
80032F6C0,103,7.758754461283815e-05,0.00012694877221193005,mule_laundering,1
800478690,103,0.0001034500594837842,2.9754231859495023e-05,mule_laundering,1
8003EBFF0,103,0.0001034500594837842,8.689247600856768e-05,mule_laundering,1
80063B6D0,103,0.00012931257435473025,0.00012119797113501457,mule_laundering,1
80087A9A0,103,7.758754461283815e-05,0.00020990371563023346,mule_laundering,1
80FEF7F30,1080,5.17250297418921e-05,6.89684900211216e-08,legit,0
80FEFAB70,1080,0.0001034500594837842,5.17263675158412e-08,legit,0
8060CDAB0,60,0.0001034500594837842,2.3018233544549336e-05,mule_laundering,1
80CA79CE0,1081,5.17250297418921e-05,0.0,mule_laundering,0
80CA79D30,1081,5.17250297418921e-05,0.0,mule_laundering,0
80416BDE0,1082,5.17250297418921e-05,0.0,mule_laundering,0
80416BE80,1082,0.0001034500594837842,0.0,mule_laundering,0
80D9E88E0,1083,5.17250297418921e-05,0.0,mule_laundering,0
80D9E8A20,1083,5.17250297418921e-05,0.0,mule_laundering,0
8016A2DD0,1084,5.17250297418921e-05,0.0,mule_laundering,0
8016A54A0,1084,5.17250297418921e-05,0.0,mule_laundering,0
803298890,1085,5.17250297418921e-05,0.0,mule_laundering,0
803298A20,1085,0.0001034500594837842,0.0,mule_laundering,0
8095F6C70,1086,0.0001034500594837842,0.0,mule_laundering,0
8095F6EA0,1086,7.758754461283815e-05,0.0,mule_laundering,0
8095F6C20,1086,7.758754461283815e-05,0.0,mule_laundering,0
80AB23840,104,0.0001034500594837842,1.5345489029699558e-05,mule_laundering,1
80AB23390,104,7.758754461283815e-05,7.672744514849779e-06,mule_laundering,1
80AB23890,104,0.00012931257435473025,5.370921160394845e-05,mule_laundering,1
80FB292B0,1087,5.17250297418921e-05,0.0,mule_laundering,0
80FB29350,1087,5.17250297418921e-05,0.0,mule_laundering,0
8008F4340,1088,5.17250297418921e-05,0.0,mule_laundering,0
8008F44D0,1088,7.758754461283815e-05,0.0,mule_laundering,0
802764130,1089,0.0001034500594837842,0.0,mule_laundering,0
802764BA0,1089,0.0001034500594837842,0.0,mule_laundering,0
80D3177B0,2,7.758754461283815e-05,1.5345489029699558e-05,mule_laundering,1
805228350,1090,5.17250297418921e-05,0.0,mule_laundering,0
8052284B0,1090,0.0001034500594837842,0.0,mule_laundering,0
81062F460,1033,7.758754461283815e-05,3.44842450105608e-08,legit,1
810626660,1033,0.0001034500594837842,8.6210612526402e-08,legit,1
80FEA9150,1091,7.758754461283815e-05,2.069054700633648e-07,mule_laundering,1
8031E6280,1091,7.758754461283815e-05,1.72421225052804e-07,mule_laundering,1
80B762660,1091,7.758754461283815e-05,1.379369800422432e-07,mule_laundering,1
809F92490,1091,0.0001034500594837842,1.034527350316824e-07,mule_laundering,1
80A4203B0,1091,7.758754461283815e-05,5.17263675158412e-08,mule_laundering,1
804B294C0,3,7.758754461283815e-05,1.5345489029699558e-05,mule_laundering,1
8057794B0,1092,5.17250297418921e-05,1.72421225052804e-08,legit,0
8057793C0,1092,0.00012931257435473025,1.034527350316824e-07,mule_laundering,0
805742FC0,1092,5.17250297418921e-05,1.72421225052804e-08,mule_laundering,0
806FB2A30,1093,5.17250297418921e-05,0.0,mule_laundering,0
806FB5D60,1093,5.17250297418921e-05,0.0,mule_laundering,0
80F3ACA20,42,7.758754461283815e-05,1.5345489029699558e-05,mule_laundering,1
80B46B3D0,42,5.17250297418921e-05,7.672744514849779e-06,mule_laundering,1
8063DFCD0,1094,5.17250297418921e-05,1.72421225052804e-08,mule_laundering,0
80982E450,1094,0.0001034500594837842,6.89684900211216e-08,mule_laundering,0
804E82A60,1094,5.17250297418921e-05,8.6210612526402e-08,mule_laundering,0
8069C3920,1095,5.17250297418921e-05,0.0,mule_laundering,0
80FBC0EE0,1095,0.0001034500594837842,0.0,mule_laundering,0
804BDD750,1095,5.17250297418921e-05,0.0,mule_laundering,0
8017C71A0,1096,5.17250297418921e-05,0.0,mule_laundering,0
8017C7330,1096,7.758754461283815e-05,0.0,mule_laundering,0
803353070,1097,5.17250297418921e-05,1.72421225052804e-08,mule_laundering,0
8033532F0,1097,5.17250297418921e-05,3.44842450105608e-08,mule_laundering,0
805534210,1098,5.17250297418921e-05,1.72421225052804e-08,mule_laundering,0
805534260,1098,0.00012931257435473025,8.6210612526402e-08,mule_laundering,0
80342F060,1,5.17250297418921e-05,7.672744514849779e-06,mule_laundering,1
80390F790,1,5.17250297418921e-05,7.672744514849779e-06,mule_laundering,1
801253D80,1,5.17250297418921e-05,0.00020664683822578555,mule_laundering,1
80CE8FDA0,1,7.758754461283815e-05,1.5345489029699558e-05,mule_laundering,1
801C152A0,1,7.758754461283815e-05,1.5345489029699558e-05,mule_laundering,1
80832DDB0,1,0.0001034500594837842,2.3018233544549336e-05,mule_laundering,1
80391BE70,1,5.17250297418921e-05,7.672744514849779e-06,mule_laundering,1
80ED3AC70,1,7.758754461283815e-05,1.5345489029699558e-05,mule_laundering,1
80A9D0C60,1,5.17250297418921e-05,7.672744514849779e-06,mule_laundering,1
803724320,1,0.00012931257435473025,5.942945914237776e-05,mule_laundering,1
80165CCB0,1,5.17250297418921e-05,7.672744514849779e-06,mule_laundering,1
802AD8DF0,1,5.17250297418921e-05,7.672744514849779e-06,mule_laundering,1
80E029020,1,5.17250297418921e-05,7.672744514849779e-06,mule_laundering,1
8032CED30,1,7.758754461283815e-05,1.5345489029699558e-05,mule_laundering,1
80BFF2510,1,5.17250297418921e-05,7.672744514849779e-06,mule_laundering,1
80429A1C0,1,5.17250297418921e-05,7.672744514849779e-06,mule_laundering,1
8042CDD80,1,5.17250297418921e-05,7.672744514849779e-06,mule_laundering,1
801085420,1,5.17250297418921e-05,7.672744514849779e-06,mule_laundering,1
802CD4790,3,7.758754461283815e-05,7.660609465321379e-06,mule_laundering,1
802CD47E0,3,0.0001034500594837842,1.5345489029699558e-05,mule_laundering,1
810E94720,1099,5.17250297418921e-05,0.0,mule_laundering,0
810E94B50,1099,5.17250297418921e-05,0.0,mule_laundering,0
8015A8F50,1100,5.17250297418921e-05,0.0,mule_laundering,0
8015A8FF0,1100,7.758754461283815e-05,0.0,mule_laundering,0
80DF5EA10,1101,5.17250297418921e-05,0.0,mule_laundering,0
80DF5EA60,1101,5.17250297418921e-05,0.0,mule_laundering,0
800C99300,1102,5.17250297418921e-05,0.0,mule_laundering,0
800C993F0,1102,5.17250297418921e-05,0.0,mule_laundering,0
802B34670,1103,0.0001034500594837842,5.17263675158412e-08,mule_laundering,0
802B43100,1103,5.17250297418921e-05,0.0,mule_laundering,0
80D62F600,1104,5.17250297418921e-05,0.0,mule_laundering,0
80D62FE10,1104,7.758754461283815e-05,3.44842450105608e-08,mule_laundering,0
804E3C690,1105,7.758754461283815e-05,0.0,mule_laundering,0
804E3CC60,1105,7.758754461283815e-05,0.0,mule_laundering,0
81046B9F0,1106,5.17250297418921e-05,1.72421225052804e-08,mule_laundering,0
81046BB80,1106,7.758754461283815e-05,0.0,mule_laundering,0
8065992B0,1107,5.17250297418921e-05,0.0,mule_laundering,0
806599300,1107,5.17250297418921e-05,0.0,mule_laundering,0
811496ED0,54,7.758754461283815e-05,1.5345489029699558e-05,mule_laundering,1
811497230,54,7.758754461283815e-05,3.0690978059399115e-05,mule_laundering,1
801823D10,1108,0.0001034500594837842,1.034527350316824e-07,mule_laundering,0
80242A960,1108,7.758754461283815e-05,5.17263675158412e-08,mule_laundering,0
807F1F4F0,1108,5.17250297418921e-05,1.72421225052804e-08,mule_laundering,0
801F12A80,28,5.17250297418921e-05,7.672744514849779e-06,mule_laundering,1
804152B40,1109,0.00012931257435473025,0.0,mule_laundering,0
80758D4D0,1109,7.758754461283815e-05,0.0,mule_laundering,0
8024DF2F0,1109,7.758754461283815e-05,0.0,mule_laundering,0
80B76B210,52,5.17250297418921e-05,7.672744514849779e-06,mule_laundering,1
8069B8F70,52,0.0001034500594837842,3.0690978059399115e-05,mule_laundering,1
807C35490,345,0.0001034500594837842,0.0,mule_laundering,1
8079CFBF0,345,7.758754461283815e-05,0.0,mule_laundering,1
80357E590,387,5.17250297418921e-05,3.44842450105608e-08,mule_laundering,1
80357E900,387,7.758754461283815e-05,1.034527350316824e-07,mule_laundering,1
805F3C0C0,1110,7.758754461283815e-05,0.0,mule_laundering,0
805F41D50,1110,5.17250297418921e-05,0.0,mule_laundering,0
808348320,1111,5.17250297418921e-05,0.0,mule_laundering,0
8083487C0,1111,5.17250297418921e-05,0.0,mule_laundering,0
811B81E40,1112,5.17250297418921e-05,0.0,mule_laundering,1
811B81F80,1112,7.758754461283815e-05,0.0,mule_laundering,1
80AC18350,1113,5.17250297418921e-05,0.0,mule_laundering,0
80AC182B0,1113,0.00012931257435473025,0.0,mule_laundering,0
8009D3030,1114,0.0002069001189675684,2.758739600844864e-07,mule_laundering,1
80CB534C0,1114,5.17250297418921e-05,1.72421225052804e-08,mule_laundering,1
80365F070,1114,0.0001034500594837842,5.17263675158412e-08,mule_laundering,1
803F85CB0,1114,5.17250297418921e-05,2.931160825897668e-07,mule_laundering,1
80655B290,1114,7.758754461283815e-05,3.44842450105608e-08,mule_laundering,1
8013FD400,1114,5.17250297418921e-05,1.72421225052804e-08,mule_laundering,1
807081420,1114,5.17250297418921e-05,1.72421225052804e-08,mule_laundering,1
8048F5FC0,1114,5.17250297418921e-05,1.72421225052804e-08,mule_laundering,1
8055105D0,1115,5.17250297418921e-05,0.0,mule_laundering,0
805510670,1115,7.758754461283815e-05,3.44842450105608e-08,mule_laundering,0
806CD7380,1116,5.17250297418921e-05,0.0,mule_laundering,0
806D0A1D0,1116,7.758754461283815e-05,0.0,mule_laundering,0
810471530,1117,0.0001034500594837842,5.17263675158412e-08,mule_laundering,0
810471580,1117,7.758754461283815e-05,8.6210612526402e-08,mule_laundering,0
80B65C480,1118,5.17250297418921e-05,0.0,legit,1
80B635080,1118,0.0001034500594837842,0.0,mule_laundering,1
80B637BD0,1118,5.17250297418921e-05,0.0,legit,1
80B6323D0,1118,5.17250297418921e-05,0.0,mule_laundering,1
809B832D0,11,0.00012931257435473025,0.00035961894909263334,mule_laundering,1
809B6E2B0,11,0.0001034500594837842,0.0002601491443596707,mule_laundering,1
809B9A680,11,5.17250297418921e-05,7.672744514849779e-06,legit,1
80026ED50,399,5.17250297418921e-05,0.0,mule_laundering,1
8002785A0,399,0.0001034500594837842,0.0,mule_laundering,1
80AB9EF90,1119,5.17250297418921e-05,0.0,mule_laundering,0
80AB9F120,1119,7.758754461283815e-05,0.0,mule_laundering,0
804FBEA10,1120,5.17250297418921e-05,0.0,mule_laundering,0
804FC0440,1120,5.17250297418921e-05,0.0,mule_laundering,0
80EEB7D60,1121,7.758754461283815e-05,0.0,mule_laundering,0
80EEB7EF0,1121,7.758754461283815e-05,0.0,mule_laundering,0
803FF5200,1122,0.0001034500594837842,1.2077537445326496e-07,mule_laundering,0
803FF70C0,1122,5.17250297418921e-05,3.450724984378999e-08,mule_laundering,0
8008B79F0,103,5.17250297418921e-05,7.672744514849779e-06,mule_laundering,1
809900F20,170,5.17250297418921e-05,1.72421225052804e-08,mule_laundering,1
8047CBDA0,203,5.17250297418921e-05,0.0,mule_laundering,0
80D620180,1123,5.17250297418921e-05,0.0,mule_laundering,0
80D6220D0,1123,5.17250297418921e-05,0.0,mule_laundering,0
809727610,1124,7.758754461283815e-05,5.176087476568499e-08,mule_laundering,0
809727660,1124,5.17250297418921e-05,3.44842450105608e-08,mule_laundering,0
81312E660,2,5.17250297418921e-05,7.672744514849779e-06,mule_laundering,1
802BCC6E0,50,0.0001034500594837842,3.0690978059399115e-05,mule_laundering,1
802BCCD90,50,5.17250297418921e-05,7.672744514849779e-06,mule_laundering,1
80BF35020,302,5.17250297418921e-05,0.0,mule_laundering,0
80F016320,1125,7.758754461283815e-05,0.0,mule_laundering,0
80F016500,1125,0.0001034500594837842,0.0,mule_laundering,0
809260C80,1126,7.758754461283815e-05,5.17263675158412e-08,mule_laundering,0
809262B80,1126,5.17250297418921e-05,1.72421225052804e-08,mule_laundering,0
809F77020,52,0.0001034500594837842,1.5354110090952196e-05,mule_laundering,1
800E9F0B0,52,0.0001034500594837842,0.0002631762242156094,mule_laundering,1
80974CBF0,52,7.758754461283815e-05,7.681365576102418e-06,mule_laundering,1
80C815B70,52,7.758754461283815e-05,7.681365576102418e-06,mule_laundering,1
8021BC810,52,0.0001034500594837842,1.5354110090952196e-05,mule_laundering,1
80A49BA50,52,0.0001034500594837842,1.5354110090952196e-05,mule_laundering,1
812A129E0,52,7.758754461283815e-05,7.681365576102418e-06,mule_laundering,1
81337A340,1127,7.758754461283815e-05,0.0,legit,0
813379DE0,1127,7.758754461283815e-05,0.0,mule_laundering,0
813379820,1127,0.0001034500594837842,0.0,mule_laundering,0
803933AA0,1128,7.758754461283815e-05,0.0,mule_laundering,0
803933AF0,1128,0.0001034500594837842,0.0,mule_laundering,0
8051E1F00,1129,5.17250297418921e-05,0.0,mule_laundering,0
8051E1FA0,1129,7.758754461283815e-05,3.44842450105608e-08,mule_laundering,0
808432530,1130,5.17250297418921e-05,0.0,mule_laundering,0
808432580,1130,5.17250297418921e-05,0.0,mule_laundering,0
800D201E0,99,5.17250297418921e-05,7.672744514849779e-06,mule_laundering,1
80A150B90,99,0.0001034500594837842,3.0690978059399115e-05,mule_laundering,1
80848BBA0,99,7.758754461283815e-05,4.596365679192827e-05,mule_laundering,1
809888C90,99,7.758754461283815e-05,7.672744514849779e-05,mule_laundering,1
80B92D990,99,7.758754461283815e-05,6.138195611879823e-05,mule_laundering,1
800C15DD0,99,0.0001034500594837842,4.603646708909867e-05,mule_laundering,1
801FFD3E0,99,7.758754461283815e-05,2.3018233544549336e-05,mule_laundering,1
80D3B56B0,99,5.17250297418921e-05,7.672744514849779e-06,mule_laundering,1
802BE7350,1131,7.758754461283815e-05,0.0,mule_laundering,1
802BDEE50,1131,5.17250297418921e-05,0.0,legit,1
8082FAA40,1132,5.17250297418921e-05,0.0,mule_laundering,0
8082FD780,1132,0.0001034500594837842,0.0,mule_laundering,0
8064693B0,76,7.758754461283815e-05,8.440018966334756e-05,mule_laundering,1
801EDDAB0,76,0.0001034500594837842,6.9054700633648e-05,mule_laundering,1
80B5B9D40,76,7.758754461283815e-05,1.5345489029699558e-05,mule_laundering,1
8089DC420,934,0.00018103760409662236,0.0,mule_laundering,1
807051670,934,5.17250297418921e-05,0.0,mule_laundering,1
806729EF0,934,7.758754461283815e-05,0.0,mule_laundering,1
80ED24960,934,5.17250297418921e-05,0.0,mule_laundering,1
800D0D6C0,1133,5.17250297418921e-05,0.0,mule_laundering,0
800D0D7B0,1133,5.17250297418921e-05,0.0,mule_laundering,0
80D288860,1134,5.17250297418921e-05,0.0,mule_laundering,0
80D289A20,1134,7.758754461283815e-05,0.0,mule_laundering,0
801C93E60,1135,5.17250297418921e-05,0.0,mule_laundering,0
801C94390,1135,7.758754461283815e-05,0.0,mule_laundering,0
80E2D6C30,1136,7.758754461283815e-05,0.0,mule_laundering,0
80E2D8B90,1136,0.00012931257435473025,0.0,mule_laundering,0
80DD8EFF0,1137,5.17250297418921e-05,0.0,mule_laundering,0
80DD8F040,1137,7.758754461283815e-05,0.0,mule_laundering,0
8142D0481,340,5.17250297418921e-05,0.0,mule_laundering,1
8089F24B0,391,7.758754461283815e-05,2.3018233544549336e-05,mule_laundering,0
8089F2A50,391,5.17250297418921e-05,7.672744514849779e-06,mule_laundering,0
814455D50,2,5.17250297418921e-05,7.672744514849779e-06,mule_laundering,1
807481AF0,28,5.17250297418921e-05,7.672744514849779e-06,mule_laundering,1
8132695C0,1138,5.17250297418921e-05,0.0,mule_laundering,0
81326B0C0,1138,7.758754461283815e-05,0.0,mule_laundering,0
800285560,28,5.17250297418921e-05,7.672744514849779e-06,mule_laundering,1
80A358040,1139,7.758754461283815e-05,0.0,mule_laundering,0
80A358090,1139,5.17250297418921e-05,1.72421225052804e-08,mule_laundering,0
800C802C0,1140,5.17250297418921e-05,0.0,mule_laundering,0
800C816D0,1140,7.758754461283815e-05,0.0,mule_laundering,0
805006460,247,5.17250297418921e-05,3.8363722574248894e-05,mule_laundering,1
8130B5250,1141,5.17250297418921e-05,0.0,mule_laundering,0
8143E6700,1141,7.758754461283815e-05,0.0,mule_laundering,0
8004D8EA0,0,0.0001034500594837842,3.8363722574248894e-05,mule_laundering,1
800E84250,0,7.758754461283815e-05,1.5345489029699558e-05,mule_laundering,1
8006F8830,1142,5.17250297418921e-05,0.0,mule_laundering,0
80187AF80,1142,0.00012931257435473025,0.0,mule_laundering,0
801D86260,1142,5.17250297418921e-05,0.0,mule_laundering,0
8016221C0,565,5.17250297418921e-05,3.44842450105608e-08,mule_laundering,1
8019ACB80,565,0.0001034500594837842,1.379369800422432e-07,mule_laundering,1
8004257C0,565,0.0001034500594837842,2.758739600844864e-07,mule_laundering,1
8014E2420,307,5.17250297418921e-05,7.672744514849779e-06,mule_laundering,1
80104C350,307,0.0001034500594837842,3.0690978059399115e-05,mule_laundering,1
801F819D0,2,5.17250297418921e-05,7.672744514849779e-06,mule_laundering,1
801A3CC30,2,5.17250297418921e-05,7.672744514849779e-06,mule_laundering,1
801CAED50,2,5.17250297418921e-05,7.672744514849779e-06,mule_laundering,1
8012DE8D0,2,5.17250297418921e-05,7.672744514849779e-06,mule_laundering,1
800B11170,1143,5.17250297418921e-05,0.0,mule_laundering,0
800A54A70,1143,7.758754461283815e-05,0.0,mule_laundering,0
801CF2AD0,1143,5.17250297418921e-05,0.0,mule_laundering,0
8018C3110,71,0.0001034500594837842,2.3018233544549336e-05,mule_laundering,1
801C0A920,71,5.17250297418921e-05,7.672744514849779e-06,mule_laundering,1
801E46550,1144,5.17250297418921e-05,0.0,mule_laundering,0
801E47320,1144,7.758754461283815e-05,0.0,mule_laundering,0
8109B0380,1145,5.17250297418921e-05,0.0,mule_laundering,0
81022C7C0,1145,5.17250297418921e-05,0.0,mule_laundering,0
80777E5C0,1146,7.758754461283815e-05,3.450724984378999e-08,mule_laundering,1
800E3D880,1146,0.0003103501784513526,9.655588602957026e-07,mule_laundering,1
8022EFC20,1146,7.758754461283815e-05,6.89684900211216e-08,mule_laundering,1
811451920,1146,7.758754461283815e-05,6.89684900211216e-08,mule_laundering,1
80BEB87E0,1146,5.17250297418921e-05,3.44842450105608e-08,mule_laundering,1
808D78400,1146,5.17250297418921e-05,3.44842450105608e-08,mule_laundering,1
8046427D0,1146,0.0001034500594837842,1.034527350316824e-07,mule_laundering,1
8020FB5E0,1146,5.17250297418921e-05,3.44842450105608e-08,mule_laundering,1
8080DB4C0,1146,7.758754461283815e-05,6.89684900211216e-08,mule_laundering,1
80B89ED40,1146,7.758754461283815e-05,5.517479201689728e-07,mule_laundering,1
803803990,1146,7.758754461283815e-05,6.89684900211216e-08,mule_laundering,1
8014621B0,1146,5.17250297418921e-05,3.44842450105608e-08,mule_laundering,1
80ABCC020,54,7.758754461283815e-05,0.0002143023406181301,mule_laundering,1
80264C1F0,54,5.17250297418921e-05,7.672744514849779e-06,mule_laundering,1
802070E20,54,0.00012931257435473025,3.0690978059399115e-05,mule_laundering,1
80C8CE650,54,0.0001034500594837842,2.3018233544549336e-05,mule_laundering,1
809EB9170,54,7.758754461283815e-05,0.0002143023406181301,mule_laundering,1
802BCF370,54,0.0001034500594837842,2.3018233544549336e-05,mule_laundering,1
804B57D80,54,5.17250297418921e-05,7.672744514849779e-06,mule_laundering,1
80A7C4D30,54,7.758754461283815e-05,1.5345489029699558e-05,mule_laundering,1
805A6E450,54,0.0001034500594837842,2.2981828395964136e-05,mule_laundering,1
80155CC50,54,5.17250297418921e-05,7.672744514849779e-06,mule_laundering,1
808207800,54,7.758754461283815e-05,1.5345489029699558e-05,mule_laundering,1
8029D6E00,54,7.758754461283815e-05,1.5345489029699558e-05,mule_laundering,1
80C6B4620,54,5.17250297418921e-05,7.672744514849779e-06,mule_laundering,1
806148630,54,7.758754461283815e-05,1.5345489029699558e-05,mule_laundering,1
8093BA230,631,0.00023276263383851444,0.00036701581964739845,mule_laundering,1
808222DA0,631,7.758754461283815e-05,7.672744514849779e-06,mule_laundering,1
803B8BFC0,631,0.00023276263383851444,0.00036701581964739845,mule_laundering,1
80DA6F420,631,0.0001034500594837842,1.5345489029699558e-05,mule_laundering,1
80D634110,631,7.758754461283815e-05,7.660609465321379e-06,mule_laundering,1
800340470,631,0.0001034500594837842,1.5321218930642757e-05,mule_laundering,1
81223EDF0,631,7.758754461283815e-05,7.672744514849779e-06,mule_laundering,1
80236ED50,631,7.758754461283815e-05,7.672744514849779e-06,mule_laundering,1
8098DA930,631,7.758754461283815e-05,7.660609465321379e-06,mule_laundering,1
80C4C2630,2,5.17250297418921e-05,7.672744514849779e-06,mule_laundering,1
807B1FD70,1147,0.0001034500594837842,0.0,mule_laundering,0
807B21A60,1147,7.758754461283815e-05,0.0,mule_laundering,0
8120F4D30,1148,0.0001034500594837842,0.0,mule_laundering,0
8120F54B0,1148,5.17250297418921e-05,0.0,mule_laundering,0
807EF4570,1149,5.17250297418921e-05,3.44842450105608e-08,mule_laundering,0
807EF4700,1149,5.17250297418921e-05,1.72421225052804e-08,mule_laundering,0
80A63DA20,119,5.17250297418921e-05,1.7253624921894996e-08,mule_laundering,1
80A63E150,119,0.0001034500594837842,1.1207379628432262e-06,mule_laundering,1
80A6CED00,119,7.758754461283815e-05,1.1034958403379457e-06,mule_laundering,1
805384DD0,220,5.17250297418921e-05,7.672744514849779e-06,mule_laundering,1
800924840,220,0.0005948378420317592,0.0006812707444286392,mule_laundering,1
800C67560,220,7.758754461283815e-05,1.5345489029699558e-05,mule_laundering,1
80D42DCF0,220,7.758754461283815e-05,1.5345489029699558e-05,mule_laundering,1
80D8036D0,220,5.17250297418921e-05,7.672744514849779e-06,mule_laundering,1
80EF6EAA0,220,7.758754461283815e-05,1.5345489029699558e-05,mule_laundering,1
80BEF6450,220,5.17250297418921e-05,7.672744514849779e-06,mule_laundering,1
80DF83250,220,0.0001034500594837842,2.3018233544549336e-05,mule_laundering,1
80613F530,220,5.17250297418921e-05,7.672744514849779e-06,mule_laundering,1
802E15100,220,7.758754461283815e-05,1.5345489029699558e-05,mule_laundering,1
80C7F3EF0,220,5.17250297418921e-05,7.672744514849779e-06,mule_laundering,1
80AE9A7B0,220,5.17250297418921e-05,7.672744514849779e-06,mule_laundering,1
8037951D0,220,5.17250297418921e-05,7.672744514849779e-06,mule_laundering,1
800EFDCD0,220,5.17250297418921e-05,7.672744514849779e-06,mule_laundering,1
80CE474D0,220,5.17250297418921e-05,7.672744514849779e-06,mule_laundering,1
8008A24F0,220,0.0001034500594837842,2.3018233544549336e-05,mule_laundering,1
80E146250,220,5.17250297418921e-05,7.672744514849779e-06,mule_laundering,1
8087EF140,220,5.17250297418921e-05,7.660609465321379e-06,mule_laundering,1
8085384E0,220,5.17250297418921e-05,7.672744514849779e-06,mule_laundering,1
8123AF9E0,71,5.17250297418921e-05,7.672744514849779e-06,mule_laundering,1
81473B061,1150,7.758754461283815e-05,0.0,mule_laundering,0
81473B101,1150,5.17250297418921e-05,0.0,mule_laundering,0
8059F1AE0,1151,5.17250297418921e-05,0.0,legit,0
8059F0F60,1151,7.758754461283815e-05,0.0,mule_laundering,0
8059EB580,1151,5.17250297418921e-05,0.0,mule_laundering,0
80B020260,31,7.758754461283815e-05,2.3018233544549336e-05,mule_laundering,1
80B0202B0,31,5.17250297418921e-05,7.672744514849779e-06,legit,1
80D1525F0,1152,5.17250297418921e-05,0.0,mule_laundering,0
80D152F60,1152,7.758754461283815e-05,0.0,mule_laundering,0
80C5C01D0,1153,0.0001034500594837842,1.034527350316824e-07,mule_laundering,1
80C5BCB00,1153,7.758754461283815e-05,5.17263675158412e-08,mule_laundering,1
80C5BC880,1153,5.17250297418921e-05,1.72421225052804e-08,mule_laundering,1
80FD042E0,1154,7.758754461283815e-05,0.0,legit,1
80FD04790,1154,0.0001034500594837842,0.0,mule_laundering,1
80FD03DE0,1154,7.758754461283815e-05,0.0,legit,1
80FD03D40,1154,0.00012931257435473025,0.0,mule_laundering,1
8109A1EF0,1155,7.758754461283815e-05,0.0,mule_laundering,0
8109A9780,1155,5.17250297418921e-05,0.0,mule_laundering,0
808FE2E00,92,0.0001034500594837842,3.736220157272789e-05,mule_laundering,1
811F4AF40,92,0.0001034500594837842,2.8455660034607405e-05,mule_laundering,1
80C813A70,92,0.0001034500594837842,2.945718103612841e-05,mule_laundering,1
80EDF8C80,92,7.758754461283815e-05,0.0005099795762953661,mule_laundering,1
801771410,92,7.758754461283815e-05,0.0004947030557556877,mule_laundering,1
80DCF9990,92,7.758754461283815e-05,0.00028967040861777716,mule_laundering,1
8005F0660,92,7.758754461283815e-05,0.00029559086085401875,mule_laundering,1
80F95BC50,92,0.0001034500594837842,0.00031540082803240693,mule_laundering,1
811B86440,92,7.758754461283815e-05,0.00033066010644958,mule_laundering,1
806DD1920,12,5.17250297418921e-05,7.672744514849779e-06,mule_laundering,1
80DF1C220,12,5.17250297418921e-05,7.672744514849779e-06,mule_laundering,1
80245C4A0,12,7.758754461283815e-05,1.5345489029699558e-05,mule_laundering,1
80A478E10,12,5.17250297418921e-05,7.672744514849779e-06,mule_laundering,1
81038DCB0,12,0.0001034500594837842,2.3018233544549336e-05,mule_laundering,1
806DB4BA0,12,5.17250297418921e-05,7.672744514849779e-06,mule_laundering,1
8073DCDF0,12,7.758754461283815e-05,1.5345489029699558e-05,mule_laundering,1
80FE5ABE0,12,7.758754461283815e-05,1.5345489029699558e-05,mule_laundering,1
805B0A6A0,12,7.758754461283815e-05,1.5345489029699558e-05,mule_laundering,1
800DE5840,12,5.17250297418921e-05,7.672744514849779e-06,mule_laundering,1
80C3C2A60,12,7.758754461283815e-05,1.5345489029699558e-05,mule_laundering,1
80BE64830,12,7.758754461283815e-05,1.5321218930642757e-05,mule_laundering,1
8065B6980,12,0.0001034500594837842,2.3018233544549336e-05,mule_laundering,1
80807BA30,28,5.17250297418921e-05,7.672744514849779e-06,mule_laundering,1
81477FEB1,1156,0.0001034500594837842,0.0,mule_laundering,0
814780F31,1156,5.17250297418921e-05,0.0,mule_laundering,0
80171C720,1157,0.0001034500594837842,0.0,mule_laundering,1
80173B490,1157,7.758754461283815e-05,0.0,legit,1
80757D640,168,5.17250297418921e-05,7.672744514849779e-06,mule_laundering,1
80A3221F0,1158,5.17250297418921e-05,0.0,mule_laundering,0
80A322290,1158,5.17250297418921e-05,0.0,mule_laundering,0
80846C890,291,7.758754461283815e-05,7.672744514849779e-06,mule_laundering,1
80BEC8340,291,7.758754461283815e-05,0.00024471744471744476,mule_laundering,1
805AD2D20,291,0.0001034500594837842,3.0642437861285514e-05,mule_laundering,1
8027C1CE0,291,7.758754461283815e-05,7.77619724988146e-06,mule_laundering,1
8046CBEE0,291,0.00012931257435473025,3.8363722574248894e-05,mule_laundering,1
80A384F20,1159,7.758754461283815e-05,0.0,mule_laundering,0
80A385100,1159,7.758754461283815e-05,0.0,mule_laundering,0
80CD4BAD0,2,7.758754461283815e-05,1.5345489029699558e-05,mule_laundering,1
8014A1950,1160,0.0001034500594837842,0.0,mule_laundering,0
8014A3E30,1160,5.17250297418921e-05,0.0,mule_laundering,0
803FBBE90,1161,0.00012931257435473025,0.0,mule_laundering,0
803FBC0C0,1161,5.17250297418921e-05,0.0,mule_laundering,0
80CD8E6F0,1162,7.758754461283815e-05,0.0,legit,0
80CD8D480,1162,7.758754461283815e-05,0.0,legit,0
802D043B0,28,7.758754461283815e-05,0.00021430234061812996,mule_laundering,1
80618FF10,1163,5.17250297418921e-05,1.72421225052804e-08,mule_laundering,0
80618E9A0,1163,7.758754461283815e-05,5.17263675158412e-08,mule_laundering,0
80F834B70,1164,5.17250297418921e-05,0.0,legit,0
80F834950,1164,5.17250297418921e-05,0.0,legit,0
80C8841B0,118,5.17250297418921e-05,7.672744514849779e-06,mule_laundering,1
801E81890,118,0.0001034500594837842,7.996919865782946e-05,mule_laundering,1
8054913D0,118,0.00012931257435473025,5.707165997081705e-05,mule_laundering,1
8002F2E90,118,7.758754461283815e-05,2.7326712794492513e-05,mule_laundering,1
804234190,118,7.758754461283815e-05,1.9343623169499057e-05,mule_laundering,1
80362C640,118,7.758754461283815e-05,2.2097190133592324e-05,mule_laundering,1
80DB2EFC0,118,0.00012931257435473025,0.00024083050866229011,mule_laundering,1
804B2E420,118,0.0001034500594837842,0.0002565797905227401,mule_laundering,1
80DB1E720,118,0.0001034500594837842,0.0002794945713322578,mule_laundering,1
810EF7960,1165,7.758754461283815e-05,0.0,mule_laundering,0
810EF7A00,1165,7.758754461283815e-05,0.0,mule_laundering,0
800DC9020,1166,7.758754461283815e-05,0.0,mule_laundering,0
800DC9C80,1166,5.17250297418921e-05,0.0,mule_laundering,0
811F99EC0,1167,7.758754461283815e-05,0.0,mule_laundering,0
811F9D190,1167,5.17250297418921e-05,0.0,mule_laundering,0
8030A3DD0,170,7.758754461283815e-05,3.44842450105608e-08,mule_laundering,1
8035A3FE0,981,7.758754461283815e-05,3.44842450105608e-08,legit,0
806B33760,60,5.17250297418921e-05,7.672744514849779e-06,mule_laundering,1
811FBCFA0,1168,7.758754461283815e-05,0.0,legit,0
811FBE3F0,1168,0.00012931257435473025,0.0,mule_laundering,0
811FBC300,1168,7.758754461283815e-05,0.0,mule_laundering,0
8065180D0,19,0.00012931257435473025,3.0642437861285514e-05,mule_laundering,1
8035AE330,1169,7.758754461283815e-05,0.0,mule_laundering,0
8035AEC60,1169,5.17250297418921e-05,0.0,mule_laundering,0
80615B420,1170,7.758754461283815e-05,0.0,mule_laundering,1
80617B250,1170,7.758754461283815e-05,0.0,mule_laundering,1
80615B3D0,1170,0.0001034500594837842,0.0,mule_laundering,1
80EA2A880,1171,7.758754461283815e-05,3.44842450105608e-08,mule_laundering,0
80EA2AE40,1171,0.0001034500594837842,8.6210612526402e-08,mule_laundering,0
80D2402F0,1172,5.17250297418921e-05,0.0,mule_laundering,0
80D240570,1172,7.758754461283815e-05,0.0,mule_laundering,0
806D378D0,1173,5.17250297418921e-05,0.0,mule_laundering,0
806D37B00,1173,7.758754461283815e-05,0.0,mule_laundering,0
809EBB580,1174,7.758754461283815e-05,0.0,mule_laundering,0
809EBF2F0,1174,5.17250297418921e-05,0.0,mule_laundering,0
80A0D1B00,1175,7.758754461283815e-05,0.0,mule_laundering,0
80B0A7930,1175,7.758754461283815e-05,0.0,mule_laundering,0
8116A95E0,1176,5.17250297418921e-05,0.0,mule_laundering,0
8130F7880,1176,5.17250297418921e-05,0.0,mule_laundering,0
800690460,104,5.17250297418921e-05,7.672744514849779e-06,mule_laundering,1
807CF4100,1177,0.0001034500594837842,5.17263675158412e-08,mule_laundering,1
80BDA4A90,1177,7.758754461283815e-05,1.72421225052804e-08,mule_laundering,1
80DDC3890,1177,7.758754461283815e-05,3.44842450105608e-08,mule_laundering,1
801112050,1177,0.0001551750892256763,1.72421225052804e-07,mule_laundering,1
80273FE90,1178,5.17250297418921e-05,0.0,legit,0
805DF80D0,1178,5.17250297418921e-05,0.0,legit,0
8051FB8A0,1179,7.758754461283815e-05,0.0,mule_laundering,0
8051FBA30,1179,0.0001034500594837842,0.0,mule_laundering,0
804090460,122,5.17250297418921e-05,1.72421225052804e-08,legit,1
812BB63D0,1180,0.0001034500594837842,0.0,legit,0
814448F10,1180,5.17250297418921e-05,0.0,legit,0
801FAC3B0,33,7.758754461283815e-05,1.5345489029699558e-05,legit,1
8029EE4A0,1181,5.17250297418921e-05,0.0,legit,0
80B9FE5F0,1181,5.17250297418921e-05,0.0,legit,0
80637BF70,526,5.17250297418921e-05,1.72421225052804e-08,legit,1
80C5EFFA0,668,0.0001034500594837842,0.0,legit,1
805615AA0,1182,7.758754461283815e-05,0.0,legit,0
804BCCF80,1182,5.17250297418921e-05,0.0,legit,0
81228BCC0,1183,5.17250297418921e-05,0.0,legit,0
8058DC9F0,1183,7.758754461283815e-05,0.0,legit,0
80CB8CA60,64,5.17250297418921e-05,0.0,legit,0
80C658120,36,0.0001034500594837842,0.0006038708565024354,legit,1
81239F280,1112,0.0001034500594837842,0.0,legit,1
801A632E0,1184,5.17250297418921e-05,0.0,mule_laundering,0
801A63900,1184,7.758754461283815e-05,0.0,mule_laundering,0
813936150,1185,0.0001034500594837842,0.0,mule_laundering,0
8139361F0,1185,5.17250297418921e-05,0.0,mule_laundering,0
803DD5910,1186,5.17250297418921e-05,0.0,mule_laundering,0
803DD5960,1186,5.17250297418921e-05,0.0,mule_laundering,0
80A22B010,25,7.758754461283815e-05,0.0,mule_laundering,0
810AF07E0,1187,7.758754461283815e-05,6.89684900211216e-08,legit,0
810AEFC10,1187,7.758754461283815e-05,3.44842450105608e-08,legit,0
814809D30,1188,5.17250297418921e-05,0.0,legit,1
81484C700,1188,0.0001034500594837842,0.0,mule_laundering,1
81484A2D0,1188,7.758754461283815e-05,0.0,legit,1
8147F2400,1188,0.0001034500594837842,0.0,mule_laundering,1
811BD0060,4,7.758754461283815e-05,0.00022195784301047453,mule_laundering,1
811BD01A0,4,5.17250297418921e-05,7.672744514849779e-06,mule_laundering,1
804CB3100,1189,0.0001034500594837842,0.0,legit,1
804CA7210,1189,0.00012931257435473025,0.0,mule_laundering,1
804CCCC50,1189,7.758754461283815e-05,0.0,legit,1
8098A5350,1190,7.758754461283815e-05,0.0,mule_laundering,0
8098A5300,1190,5.17250297418921e-05,0.0,mule_laundering,0
801A1E020,595,5.17250297418921e-05,1.72421225052804e-08,mule_laundering,1
805ED9330,595,5.17250297418921e-05,1.72421225052804e-08,mule_laundering,1
8025E28D0,235,7.758754461283815e-05,0.0,mule_laundering,1
80FE11FA0,235,7.758754461283815e-05,0.0,mule_laundering,1
80A110B80,1191,0.0001034500594837842,0.0,mule_laundering,0
80DFB9AD0,1191,7.758754461283815e-05,0.0,mule_laundering,0
807049450,1191,5.17250297418921e-05,0.0,mule_laundering,0
806E1E420,50,5.17250297418921e-05,7.672744514849779e-06,mule_laundering,1
808E2DDF0,119,7.758754461283815e-05,1.1034958403379457e-06,mule_laundering,1
808B43660,2,0.0001034500594837842,2.3018233544549336e-05,mule_laundering,1
80055FEA0,2,5.17250297418921e-05,7.672744514849779e-06,mule_laundering,1
80BED30D0,28,7.758754461283815e-05,3.0690978059399115e-05,mule_laundering,1
80261A170,28,7.758754461283815e-05,1.5345489029699558e-05,mule_laundering,1
80600C430,33,0.0001034500594837842,2.3018233544549336e-05,mule_laundering,1
8037983D0,33,7.758754461283815e-05,1.5345489029699558e-05,mule_laundering,1
8095C19A0,1170,5.17250297418921e-05,0.0,mule_laundering,1
8084903D0,1170,7.758754461283815e-05,0.0,mule_laundering,1
8067B9300,1192,7.758754461283815e-05,0.0,mule_laundering,0
8019856D0,1192,7.758754461283815e-05,0.0,mule_laundering,0
80625B770,1192,7.758754461283815e-05,0.0,mule_laundering,0
80A7733F0,28,7.758754461283815e-05,1.5345489029699558e-05,mule_laundering,1
808361B30,28,7.758754461283815e-05,3.0690978059399115e-05,mule_laundering,1
806CDDD20,1193,5.17250297418921e-05,0.0,mule_laundering,0
806CDE750,1193,7.758754461283815e-05,0.0,mule_laundering,0
80464CAB0,1194,5.17250297418921e-05,3.44842450105608e-08,legit,0
804655290,1194,5.17250297418921e-05,1.72421225052804e-08,legit,0
807E7A050,1195,0.0001034500594837842,0.0,mule_laundering,1
8066C70E0,1195,0.0001034500594837842,0.0,mule_laundering,1
801C95950,1195,0.0001551750892256763,0.0,mule_laundering,1
8054BBA20,1195,7.758754461283815e-05,0.0,mule_laundering,1
801F61160,1195,7.758754461283815e-05,0.0,mule_laundering,1
810B1F680,1196,5.17250297418921e-05,0.0,legit,0
810B1E760,1196,7.758754461283815e-05,0.0,legit,0
8018BB080,193,0.0002586251487094605,0.00020684529833354414,mule_laundering,1
800473820,193,7.758754461283815e-05,7.67657609762873e-06,mule_laundering,1
801A655B0,193,0.0002586251487094605,0.00020696603356675,mule_laundering,1
800118660,193,0.00012931257435473025,2.3022065127328285e-05,mule_laundering,1
8018B5A10,193,0.0001034500594837842,0.00021430617220090907,mule_laundering,1
8010D6C80,193,0.0001034500594837842,1.5349320612478506e-05,mule_laundering,1
8016A8DE0,193,0.00018103760409662236,3.836755415702784e-05,mule_laundering,1
801EF79E0,193,7.758754461283815e-05,7.67657609762873e-06,mule_laundering,1
800A8E530,193,0.0001034500594837842,8.983194017685377e-05,mule_laundering,1
80AD82300,617,5.17250297418921e-05,0.0,mule_laundering,0
8035EA260,31,5.17250297418921e-05,7.672744514849779e-06,mule_laundering,1
8016C37F0,31,0.0003620752081932447,0.0006218167860273124,mule_laundering,1
8063494F0,31,5.17250297418921e-05,7.660609465321379e-06,mule_laundering,1
800D7BEF0,31,7.758754461283815e-05,1.5345489029699558e-05,mule_laundering,1
802C9D9C0,31,5.17250297418921e-05,7.672744514849779e-06,mule_laundering,1
807A67940,31,5.17250297418921e-05,0.0002066468382257857,mule_laundering,1
8052D27B0,31,0.0001034500594837842,2.3018233544549336e-05,mule_laundering,1
8058B1D10,31,5.17250297418921e-05,7.672744514849779e-06,mule_laundering,1
80BEFEF30,31,5.17250297418921e-05,7.672744514849779e-06,mule_laundering,1
808630600,31,5.17250297418921e-05,7.672744514849779e-06,mule_laundering,1
800384910,1197,7.758754461283815e-05,0.0,mule_laundering,0
800384B30,1197,5.17250297418921e-05,0.0,mule_laundering,0
8040E7B70,1198,5.17250297418921e-05,0.0,mule_laundering,0
8040EB1E0,1198,7.758754461283815e-05,0.0,mule_laundering,0
804FABA00,3,7.758754461283815e-05,1.5345489029699558e-05,mule_laundering,1
80C3B54A0,1199,7.758754461283815e-05,4.3105306263201e-08,mule_laundering,1
80FBDD530,1199,0.0001034500594837842,0.0,mule_laundering,1
80E57ABE0,1199,7.758754461283815e-05,4.3105306263201e-08,mule_laundering,1
808FC9C70,1199,0.0001034500594837842,3.44842450105608e-08,mule_laundering,1
80623F0A0,31,0.0001034500594837842,2.3018233544549336e-05,mule_laundering,1
802FCEDC0,1200,5.17250297418921e-05,0.0,mule_laundering,0
802FCEE60,1200,5.17250297418921e-05,0.0,mule_laundering,0
81125C640,1201,7.758754461283815e-05,0.0,mule_laundering,0
81125C780,1201,7.758754461283815e-05,0.0,mule_laundering,0
801B6D270,1202,5.17250297418921e-05,0.0,mule_laundering,0
8010BB4D0,1202,0.0001034500594837842,0.0,mule_laundering,0
80A9D7A10,1202,5.17250297418921e-05,0.0,mule_laundering,0
801B81AB0,3,7.758754461283815e-05,1.5345489029699558e-05,mule_laundering,1
805566BB0,3,0.00012931257435473025,4.603646708909867e-05,mule_laundering,1
80096F760,28,7.758754461283815e-05,7.672744514849779e-06,mule_laundering,1
80019D2E0,61,5.17250297418921e-05,7.672744514849779e-06,mule_laundering,1
80E2F27A0,61,0.0001034500594837842,3.0642437861285514e-05,mule_laundering,1
801368CE0,52,7.758754461283815e-05,2.3869255448202817e-05,mule_laundering,1
803290610,50,5.17250297418921e-05,0.00020676744106398962,mule_laundering,1
80C5CA5C0,50,5.17250297418921e-05,7.672744514849779e-06,mule_laundering,1
8040A5960,60,7.758754461283815e-05,0.00019102575050195303,mule_laundering,1
808582E80,60,7.758754461283815e-05,0.0002496566970251181,mule_laundering,1
807CD84A0,60,0.0001034500594837842,3.625094677726257e-05,mule_laundering,1
80C707860,60,0.0001034500594837842,1.6155868787447735e-05,mule_laundering,1
80EEC7720,60,7.758754461283815e-05,1.0595900069584281e-05,mule_laundering,1
814879A41,1203,7.758754461283815e-05,0.0,mule_laundering,0
814879C71,1203,7.758754461283815e-05,0.0,mule_laundering,0
8114AB400,1204,5.17250297418921e-05,0.0,mule_laundering,0
8114AB4A0,1204,7.758754461283815e-05,0.0,mule_laundering,0
80BA53110,1205,5.17250297418921e-05,0.0,mule_laundering,0
80BA531B0,1205,5.17250297418921e-05,0.0,mule_laundering,0
810832870,1206,7.758754461283815e-05,0.0,mule_laundering,0
810832B40,1206,5.17250297418921e-05,0.0,mule_laundering,0
80F8D3C10,1207,7.758754461283815e-05,1.2069485753696282e-07,mule_laundering,0
80F8D3C60,1207,0.0001034500594837842,1.379369800422432e-07,mule_laundering,0
81022F760,1208,5.17250297418921e-05,0.0,mule_laundering,0
81022F7B0,1208,7.758754461283815e-05,0.0,mule_laundering,0
801533330,1209,5.17250297418921e-05,0.0,mule_laundering,0
801534840,1209,5.17250297418921e-05,0.0,mule_laundering,0
8015B7560,1210,5.17250297418921e-05,0.0,mule_laundering,0
8015B7740,1210,7.758754461283815e-05,0.0,mule_laundering,0
80761AAB0,1211,5.17250297418921e-05,0.0,legit,0
807619D00,1211,7.758754461283815e-05,0.0,legit,0
80A7C1F50,1212,7.758754461283815e-05,0.0,mule_laundering,0
80A7C5E20,1212,5.17250297418921e-05,0.0,mule_laundering,0
801F71FD0,2,5.17250297418921e-05,7.672744514849779e-06,legit,1
80F14CEC0,1213,5.17250297418921e-05,0.0,mule_laundering,0
80F14D1E0,1213,7.758754461283815e-05,0.0,mule_laundering,0
80FDED720,1214,5.17250297418921e-05,0.0,legit,0
80FDED860,1214,5.17250297418921e-05,0.0,legit,0
81241DD80,1215,5.17250297418921e-05,0.0,mule_laundering,0
81241E4F0,1215,0.0001034500594837842,0.0,mule_laundering,0
806786D60,1216,7.758754461283815e-05,3.44842450105608e-08,mule_laundering,0
806788380,1216,5.17250297418921e-05,5.17263675158412e-08,mule_laundering,0
8000C83D0,104,5.17250297418921e-05,7.672744514849779e-06,mule_laundering,1
80023F3C0,273,0.00012931257435473025,0.0,mule_laundering,1
800207A10,93,0.0001034500594837842,1.379369800422432e-07,mule_laundering,1
8001BFCF0,93,5.17250297418921e-05,3.44842450105608e-08,mule_laundering,1
800526C80,1217,5.17250297418921e-05,0.0,mule_laundering,0
800288190,1217,5.17250297418921e-05,0.0,mule_laundering,0
8000F65C0,247,0.0001034500594837842,3.0860866440189045e-05,mule_laundering,1
80016FB40,247,5.17250297418921e-05,7.672744514849779e-06,mule_laundering,1
8000FE520,28,5.17250297418921e-05,7.672744514849779e-06,mule_laundering,1
8002767B0,103,7.758754461283815e-05,1.5345489029699558e-05,mule_laundering,1
800963A90,103,7.758754461283815e-05,3.0690978059399115e-05,mule_laundering,1
80F4851B0,1218,5.17250297418921e-05,0.0,legit,1
80F47A310,1218,0.00012931257435473025,2.4138971507392564e-07,mule_laundering,1
80F487CC0,1218,7.758754461283815e-05,8.6210612526402e-08,legit,1
80F461EE0,1218,0.0001034500594837842,5.17263675158412e-08,mule_laundering,1
80F471D00,1218,7.758754461283815e-05,3.44842450105608e-08,legit,1
809220590,1219,5.17250297418921e-05,0.0,mule_laundering,0
8092210E0,1219,5.17250297418921e-05,0.0,mule_laundering,0
80CB65920,99,0.0003620752081932447,0.00011638555849082167,mule_laundering,1
80C8BC8F0,99,7.758754461283815e-05,7.672744514849779e-06,mule_laundering,1
80AE68D00,99,0.0003620752081932447,0.00011638555849082167,mule_laundering,1
804844840,99,7.758754461283815e-05,7.672744514849779e-06,mule_laundering,1
80D551FF0,99,0.0001034500594837842,1.5345489029699558e-05,mule_laundering,1
805C26F90,99,7.758754461283815e-05,7.672744514849779e-06,mule_laundering,1
80A1FB9F0,99,7.758754461283815e-05,7.672744514849779e-06,mule_laundering,1
804F47D50,99,7.758754461283815e-05,7.672744514849779e-06,mule_laundering,1
807809890,99,0.00012931257435473025,2.3018233544549336e-05,mule_laundering,1
80031A110,99,7.758754461283815e-05,7.672744514849779e-06,mule_laundering,1
80104ABA0,99,7.758754461283815e-05,7.672744514849779e-06,mule_laundering,1
802929810,99,0.0001034500594837842,1.5345489029699558e-05,mule_laundering,1
807D147A0,99,0.0001034500594837842,1.5345489029699558e-05,mule_laundering,1
808C3D7C0,1220,5.17250297418921e-05,0.0,legit,0
808C3DC00,1220,5.17250297418921e-05,0.0,legit,0
80FC8CD40,1221,7.758754461283815e-05,0.0,mule_laundering,0
80FCB2ED0,1221,0.0001034500594837842,0.0,mule_laundering,0
80FCCD340,1221,0.0001034500594837842,0.0,mule_laundering,0
80977E9E0,104,0.0001034500594837842,2.3018233544549336e-05,mule_laundering,1
80D754910,104,7.758754461283815e-05,1.5345489029699558e-05,mule_laundering,1
80CDD3650,104,5.17250297418921e-05,7.672744514849779e-06,mule_laundering,1
80C6887D0,104,5.17250297418921e-05,7.672744514849779e-06,mule_laundering,1
811E6A080,104,7.758754461283815e-05,1.5345489029699558e-05,mule_laundering,1
80F1EED40,1222,5.17250297418921e-05,1.72421225052804e-08,mule_laundering,0
80F1EEDE0,1222,0.0001034500594837842,6.89684900211216e-08,mule_laundering,0
80622C270,1223,5.17250297418921e-05,1.72421225052804e-08,mule_laundering,0
80622C2C0,1223,5.17250297418921e-05,0.0,mule_laundering,0
810847820,70,5.17250297418921e-05,7.672744514849779e-06,mule_laundering,1
80357D960,1224,5.17250297418921e-05,0.0,mule_laundering,0
80357E110,1224,7.758754461283815e-05,3.44842450105608e-08,mule_laundering,0
80D32A800,1225,0.0001034500594837842,0.0,mule_laundering,0
80D333580,1225,5.17250297418921e-05,0.0,mule_laundering,0
80E113100,2,5.17250297418921e-05,7.672744514849779e-06,mule_laundering,1
800164D30,103,0.00012931257435473025,7.672744514849779e-05,mule_laundering,1
80029B9F0,0,5.17250297418921e-05,7.672744514849779e-06,mule_laundering,1
8002BCF50,103,7.758754461283815e-05,0.00010131799605483817,mule_laundering,1
800240F70,104,0.0001034500594837842,1.7320526267894653e-05,mule_laundering,1
8028EEEB0,1226,5.17250297418921e-05,0.0,mule_laundering,0
8028EF870,1226,0.0001034500594837842,0.0,mule_laundering,0
8083724D0,28,7.758754461283815e-05,1.5345489029699558e-05,mule_laundering,1
80A8A0F70,28,5.17250297418921e-05,7.672744514849779e-06,mule_laundering,1
80E6D8130,176,5.17250297418921e-05,7.672744514849779e-06,mule_laundering,1
80F1FBAD0,176,7.758754461283815e-05,2.3018233544549336e-05,mule_laundering,1
8048CB7A0,176,7.758754461283815e-05,3.8363722574248894e-05,mule_laundering,1
8018514B0,221,7.758754461283815e-05,3.44842450105608e-08,mule_laundering,1
8022AF930,221,5.17250297418921e-05,1.72421225052804e-08,mule_laundering,1
8034C0D20,1153,5.17250297418921e-05,1.72421225052804e-08,mule_laundering,1
804A8A480,1153,0.0001034500594837842,1.72421225052804e-07,mule_laundering,1
8047DE090,1227,7.758754461283815e-05,0.0,mule_laundering,0
80254C330,1227,0.0001034500594837842,0.0,mule_laundering,0
8046778F0,1227,5.17250297418921e-05,0.0,mule_laundering,0
8063A29D0,1228,5.17250297418921e-05,1.72421225052804e-08,mule_laundering,0
801BDCE30,1228,7.758754461283815e-05,5.17263675158412e-08,mule_laundering,0
80B616540,1228,5.17250297418921e-05,6.89684900211216e-08,mule_laundering,0
800EEECD0,1229,5.17250297418921e-05,0.0,mule_laundering,0
804AD1FB0,1229,7.758754461283815e-05,0.0,mule_laundering,0
80DE65350,1229,5.17250297418921e-05,0.0,mule_laundering,0
80A9E82B0,1230,5.17250297418921e-05,0.0,mule_laundering,0
80BB81D50,1230,7.758754461283815e-05,0.0,mule_laundering,0
807E80300,1230,5.17250297418921e-05,0.0,mule_laundering,0
8088E9DA0,1231,5.17250297418921e-05,0.0,mule_laundering,0
80CBA63F0,1231,0.0001551750892256763,0.0,mule_laundering,0
8019DE740,1231,7.758754461283815e-05,0.0,mule_laundering,0
80EA18C20,1232,5.17250297418921e-05,0.0,mule_laundering,0
80BB90E90,1232,0.0001034500594837842,0.0,mule_laundering,0
80C1C49F0,1232,5.17250297418921e-05,0.0,mule_laundering,0
80C88C950,28,7.758754461283815e-05,2.2981828395964136e-05,mule_laundering,1
80B9BD900,28,5.17250297418921e-05,7.672744514849779e-06,mule_laundering,1
80CB230F0,54,5.17250297418921e-05,7.672744514849779e-06,mule_laundering,1
80FCBD920,54,5.17250297418921e-05,7.672744514849779e-06,mule_laundering,1
801314930,575,7.758754461283815e-05,0.0,mule_laundering,1
804ABF900,575,7.758754461283815e-05,0.0,mule_laundering,1
807B751B0,1233,7.758754461283815e-05,0.0,mule_laundering,0
8094502D0,1233,7.758754461283815e-05,0.0,mule_laundering,0
80B6EACF0,1233,5.17250297418921e-05,0.0,mule_laundering,0
800C68D20,4,5.17250297418921e-05,7.672744514849779e-06,mule_laundering,1
8069CC590,4,5.17250297418921e-05,7.660609465321379e-06,mule_laundering,1
8005FEAE0,1234,0.0001034500594837842,0.0,mule_laundering,0
8006A2F10,1234,5.17250297418921e-05,0.0,mule_laundering,0
803D09680,1068,7.758754461283815e-05,2.4138971507392564e-07,legit,1
803D09720,1068,5.17250297418921e-05,1.7253624921894996e-08,legit,1
80C5E7200,1235,5.17250297418921e-05,0.0,mule_laundering,0
80C5E72A0,1235,5.17250297418921e-05,0.0,mule_laundering,0
807FF9830,28,0.0001034500594837842,2.3018233544549336e-05,mule_laundering,1
809256DC0,1236,5.17250297418921e-05,0.0,mule_laundering,0
80F972FC0,1236,5.17250297418921e-05,0.0,mule_laundering,0
803C37930,1237,0.00012931257435473025,0.0,mule_laundering,0
8080F7450,1237,7.758754461283815e-05,0.0,mule_laundering,0
8052E39D0,1238,5.17250297418921e-05,0.0,mule_laundering,0
8078C8600,1238,5.17250297418921e-05,1.72421225052804e-08,mule_laundering,0
80482B5A0,1239,7.758754461283815e-05,0.0,mule_laundering,0
80A515120,1239,7.758754461283815e-05,0.0,mule_laundering,0
80615D270,1240,5.17250297418921e-05,0.0,mule_laundering,0
8051AA8E0,1240,0.0001034500594837842,0.0,mule_laundering,0
80187DEC0,1241,5.17250297418921e-05,0.0,mule_laundering,0
801635F70,1241,7.758754461283815e-05,0.0,mule_laundering,0
80C4E7410,1242,7.758754461283815e-05,0.0,mule_laundering,0
800AD9C50,1242,7.758754461283815e-05,0.0,mule_laundering,0
8035D0FC0,1243,5.17250297418921e-05,0.0,mule_laundering,0
80A4273C0,1243,7.758754461283815e-05,0.0,mule_laundering,0
802403080,808,5.17250297418921e-05,0.0,mule_laundering,1
8058A51E0,190,5.17250297418921e-05,0.0,mule_laundering,1
803BCC3E0,584,5.17250297418921e-05,0.0,mule_laundering,0
800D32F10,1244,7.758754461283815e-05,0.0,mule_laundering,0
800D33000,1244,5.17250297418921e-05,0.0,mule_laundering,0
80EC53970,1245,5.17250297418921e-05,0.0,mule_laundering,0
80EC539C0,1245,7.758754461283815e-05,0.0,mule_laundering,0
80A6F6360,1246,7.758754461283815e-05,0.0,mule_laundering,0
80A6F63B0,1246,5.17250297418921e-05,0.0,mule_laundering,0
810354CE0,891,5.17250297418921e-05,0.0,legit,0
803892CF0,202,7.758754461283815e-05,0.00022194060088796927,mule_laundering,1
803892CA0,202,5.17250297418921e-05,7.660609465321379e-06,mule_laundering,1
813F208D0,1247,5.17250297418921e-05,0.0,mule_laundering,0
813F20880,1247,7.758754461283815e-05,0.0,mule_laundering,0
81379ED10,1248,5.17250297418921e-05,1.2069485753696282e-07,mule_laundering,0
8137ECE30,1248,0.0001034500594837842,1.034527350316824e-07,mule_laundering,0
8137FCEE0,1248,0.0001034500594837842,5.17263675158412e-08,legit,0
80E11A500,1189,7.758754461283815e-05,0.0,mule_laundering,1
803888E40,1189,0.0001034500594837842,0.0,mule_laundering,1
81488D8B1,1249,5.17250297418921e-05,0.0,mule_laundering,0
81488F4B1,1249,5.17250297418921e-05,0.0,mule_laundering,0
80D025550,2,5.17250297418921e-05,7.672744514849779e-06,mule_laundering,1
812CC5BD0,1250,7.758754461283815e-05,0.0,mule_laundering,0
812CC5E40,1250,5.17250297418921e-05,0.0,mule_laundering,0
801656DE0,299,7.758754461283815e-05,3.44842450105608e-08,mule_laundering,1
8057A6460,1251,5.17250297418921e-05,0.0,mule_laundering,0
8058468D0,1251,7.758754461283815e-05,0.0,mule_laundering,0
803089850,1252,5.17250297418921e-05,0.0,mule_laundering,0
803089990,1252,5.17250297418921e-05,0.0,mule_laundering,0
810CF8F10,600,0.00018103760409662236,0.0,mule_laundering,1
810CCC5A0,600,7.758754461283815e-05,3.44842450105608e-08,legit,1
810CCA350,600,5.17250297418921e-05,1.72421225052804e-08,mule_laundering,1
810CF4A50,600,5.17250297418921e-05,1.72421225052804e-08,legit,1
810CCE8E0,600,5.17250297418921e-05,1.72421225052804e-08,legit,1
8022DC530,1253,5.17250297418921e-05,0.0,legit,0
8022DC490,1253,5.17250297418921e-05,0.0,legit,0
8112BCCF0,1254,7.758754461283815e-05,0.0,mule_laundering,0
8112E1C40,1254,0.0001034500594837842,0.0,mule_laundering,0
8112E1BF0,1254,0.0001034500594837842,0.0,mule_laundering,0
811032980,1255,7.758754461283815e-05,0.0,mule_laundering,0
811040820,1255,0.0001034500594837842,0.0,mule_laundering,0
802AD4390,222,7.758754461283815e-05,0.0,mule_laundering,1
8023E8870,176,5.17250297418921e-05,7.672744514849779e-06,mule_laundering,1
8093139B0,42,5.17250297418921e-05,7.672744514849779e-06,mule_laundering,1
80B502BD0,1256,5.17250297418921e-05,3.44842450105608e-08,mule_laundering,0
800E02580,1256,5.17250297418921e-05,1.72421225052804e-08,mule_laundering,0
80E814F80,1257,5.17250297418921e-05,0.0,mule_laundering,0
805F443D0,1257,7.758754461283815e-05,0.0,mule_laundering,0
802923410,1258,7.758754461283815e-05,5.17263675158412e-08,mule_laundering,0
800373D90,1258,5.17250297418921e-05,1.72421225052804e-08,mule_laundering,0
80734CB00,990,0.00012931257435473025,3.44842450105608e-07,mule_laundering,0
803A62590,19,5.17250297418921e-05,7.672744514849779e-06,mule_laundering,1
80A3C3F10,60,5.17250297418921e-05,7.672744514849779e-06,mule_laundering,1
8013BFC10,2,7.758754461283815e-05,1.5345489029699558e-05,mule_laundering,1
8043148C0,1259,5.17250297418921e-05,0.0,mule_laundering,0
80D090CC0,1259,7.758754461283815e-05,3.44842450105608e-08,mule_laundering,0
80BAAEB30,1260,7.758754461283815e-05,0.0,mule_laundering,0
80A01B6B0,1260,5.17250297418921e-05,0.0,mule_laundering,0
80B1E3F70,1261,5.17250297418921e-05,0.0,mule_laundering,0
8063737F0,1261,7.758754461283815e-05,0.0,mule_laundering,0
80D1A92E0,1262,5.17250297418921e-05,0.0,mule_laundering,0
806629BE0,1262,5.17250297418921e-05,0.0,mule_laundering,0
808556EF0,1263,7.758754461283815e-05,3.44842450105608e-08,mule_laundering,0
808556F40,1263,5.17250297418921e-05,0.0,mule_laundering,0
808E40B90,1264,7.758754461283815e-05,3.44842450105608e-08,mule_laundering,0
807F9D000,1264,5.17250297418921e-05,0.0,mule_laundering,0
81016E050,36,0.00012931257435473025,2.3018233544549336e-05,mule_laundering,1
8045732A0,36,0.0001034500594837842,1.5345489029699558e-05,mule_laundering,1
8045F4500,191,0.0004138002379351368,0.0004898831846200267,mule_laundering,1
80E5DE3D0,191,5.17250297418921e-05,7.672744514849779e-06,mule_laundering,1
806475830,191,5.17250297418921e-05,0.00020664683822578563,mule_laundering,1
808C531A0,191,0.0001034500594837842,2.3018233544549336e-05,mule_laundering,1
8038201A0,191,0.0001034500594837842,2.3018233544549336e-05,mule_laundering,1
80D4EE160,191,5.17250297418921e-05,7.672744514849779e-06,mule_laundering,1
805BD1400,191,5.17250297418921e-05,7.672744514849779e-06,mule_laundering,1
809D86610,191,5.17250297418921e-05,7.672744514849779e-06,mule_laundering,1
80DE4F560,191,5.17250297418921e-05,7.672744514849779e-06,mule_laundering,1
80C40C500,191,0.0001034500594837842,2.3018233544549336e-05,mule_laundering,1
808AFDDE0,191,5.17250297418921e-05,7.672744514849779e-06,mule_laundering,1
811F1C280,191,0.0001034500594837842,2.3018233544549336e-05,mule_laundering,1
804FDD630,191,0.00012931257435473025,3.0690978059399115e-05,mule_laundering,1
808A51FF0,1265,5.17250297418921e-05,0.0,mule_laundering,0
808A53B60,1265,5.17250297418921e-05,0.0,mule_laundering,0
808DF3940,1266,5.17250297418921e-05,0.0,legit,0
808DF38F0,1266,5.17250297418921e-05,0.0,legit,0
8085D1970,1267,5.17250297418921e-05,0.0,mule_laundering,0
8085D4AB0,1267,5.17250297418921e-05,0.0,mule_laundering,0
806CBBE20,1157,7.758754461283815e-05,0.0,mule_laundering,1
803118000,1157,7.758754461283815e-05,0.0,mule_laundering,1
806E8ADD0,1157,7.758754461283815e-05,0.0,mule_laundering,1
8073CD950,1157,7.758754461283815e-05,0.0,mule_laundering,1
801ADDF40,1268,7.758754461283815e-05,0.0,mule_laundering,0
801ADDFE0,1268,5.17250297418921e-05,0.0,mule_laundering,0
8043917E0,1269,5.17250297418921e-05,0.0,mule_laundering,0
804391880,1269,7.758754461283815e-05,0.0,mule_laundering,0
80A0E5560,2,5.17250297418921e-05,7.672744514849779e-06,mule_laundering,1
8084B5590,1270,7.758754461283815e-05,1.3802899937515997e-07,mule_laundering,0
8084BA180,1270,5.17250297418921e-05,2.069054700633648e-07,mule_laundering,0
80AE89740,1271,7.758754461283815e-05,0.0,mule_laundering,0
80AE89790,1271,7.758754461283815e-05,0.0,mule_laundering,0
8049DD1C0,565,0.0001034500594837842,6.89684900211216e-08,mule_laundering,1
80BB54BC0,565,0.0001034500594837842,1.72421225052804e-07,mule_laundering,1
8056BC280,565,7.758754461283815e-05,3.44842450105608e-08,mule_laundering,1
81102D030,352,5.17250297418921e-05,7.672744514849779e-06,mule_laundering,1
811CCBB50,352,0.00028448766358040654,0.0003597396439501703,mule_laundering,1
80A75F310,352,5.17250297418921e-05,7.672744514849779e-06,mule_laundering,1
8030E68E0,352,5.17250297418921e-05,7.672744514849779e-06,mule_laundering,1
8067576D0,352,5.17250297418921e-05,0.00020664683822578563,mule_laundering,1
8034F43D0,352,5.17250297418921e-05,7.672744514849779e-06,mule_laundering,1
80C550240,352,7.758754461283815e-05,1.5345489029699558e-05,mule_laundering,1
811C4B1C0,352,0.00012931257435473025,3.0690978059399115e-05,mule_laundering,1
80E271050,55,5.17250297418921e-05,7.672744514849779e-06,mule_laundering,1
80FB8C020,1272,0.0001034500594837842,0.0,mule_laundering,0
80FB8D2C0,1272,5.17250297418921e-05,0.0,mule_laundering,0
809B353D0,1273,5.17250297418921e-05,0.0,legit,0
809B351F0,1273,5.17250297418921e-05,0.0,legit,0
808D6F2D0,60,0.00046552526767702887,0.0021805297508833673,mule_laundering,1
804189CD0,60,0.0001034500594837842,2.3018233544549336e-05,mule_laundering,1
808157020,60,7.758754461283815e-05,1.5345489029699558e-05,mule_laundering,1
80B5B1FA0,60,7.758754461283815e-05,1.5345489029699558e-05,mule_laundering,1
803ECD370,60,7.758754461283815e-05,1.5345489029699558e-05,mule_laundering,1
80FBB04F0,60,7.758754461283815e-05,1.5345489029699558e-05,mule_laundering,1
807759540,60,5.17250297418921e-05,7.672744514849779e-06,mule_laundering,1
806238AD0,60,5.17250297418921e-05,7.672744514849779e-06,mule_laundering,1
80054DF50,60,0.00012931257435473025,3.0690978059399115e-05,mule_laundering,1
809C46E10,60,5.17250297418921e-05,7.672744514849779e-06,mule_laundering,1
8006CEA40,60,7.758754461283815e-05,1.5345489029699558e-05,mule_laundering,1
8051C37E0,60,5.17250297418921e-05,0.00020664683822578555,mule_laundering,1
80DDB1280,1274,5.17250297418921e-05,1.72421225052804e-08,mule_laundering,1
8047B9AD0,1274,0.00023276263383851444,2.931160825897668e-07,mule_laundering,1
80A3EF0D0,1274,5.17250297418921e-05,1.72421225052804e-08,mule_laundering,1
80A4E0120,1274,5.17250297418921e-05,1.72421225052804e-08,mule_laundering,1
8065D8150,1274,0.0001034500594837842,3.44842450105608e-07,mule_laundering,1
80C7ECF20,1274,5.17250297418921e-05,1.72421225052804e-08,mule_laundering,1
806414FC0,1274,5.17250297418921e-05,1.72421225052804e-08,mule_laundering,1
80EADDDB0,1274,7.758754461283815e-05,3.44842450105608e-08,mule_laundering,1
803561840,1274,7.758754461283815e-05,3.44842450105608e-08,mule_laundering,1
812FAD470,28,0.00012931257435473025,3.0690978059399115e-05,mule_laundering,1
80CD00120,1275,7.758754461283815e-05,0.0,mule_laundering,0
80CD0DCC0,1275,7.758754461283815e-05,0.0,mule_laundering,0
800155690,592,5.17250297418921e-05,0.0,mule_laundering,0
8052B1810,1276,7.758754461283815e-05,0.0,mule_laundering,0
8052B1860,1276,0.0001034500594837842,0.0,mule_laundering,0
80666E3F0,60,0.00012931257435473025,3.0690978059399115e-05,mule_laundering,1
80E580E70,1277,0.0001034500594837842,0.0,mule_laundering,0
80E580FB0,1277,5.17250297418921e-05,0.0,mule_laundering,0
800A8C6D0,193,7.758754461283815e-05,9.684242736874314e-05,mule_laundering,1
80200E890,144,0.00018103760409662236,7.672744514849779e-05,mule_laundering,1
80865D2F0,144,0.0001034500594837842,5.370921160394845e-05,mule_laundering,1
807065AD0,144,0.0002069001189675684,8.440018966334756e-05,mule_laundering,1
809111530,144,0.0001034500594837842,1.5345489029699558e-05,mule_laundering,1
8019E69B0,144,7.758754461283815e-05,7.672744514849779e-06,mule_laundering,1
8065CD500,144,0.0001034500594837842,1.5345489029699558e-05,mule_laundering,1
80D165A40,144,7.758754461283815e-05,7.672744514849779e-06,mule_laundering,1
80E055660,50,7.758754461283815e-05,0.0001074184232078969,mule_laundering,1
80D2972B0,1278,5.17250297418921e-05,0.0,mule_laundering,0
80D297300,1278,7.758754461283815e-05,3.44842450105608e-08,mule_laundering,0
808DB6D10,2,5.17250297418921e-05,7.672744514849779e-06,mule_laundering,1
80068DB50,2,7.758754461283815e-05,2.3018233544549336e-05,mule_laundering,1
80B7E71D0,665,7.758754461283815e-05,3.44842450105608e-08,mule_laundering,1
80477A740,665,5.17250297418921e-05,1.72421225052804e-08,mule_laundering,1
80A41A7D0,1279,7.758754461283815e-05,0.0,mule_laundering,1
804E3A720,1279,7.758754461283815e-05,0.0,mule_laundering,1
805C34090,1279,7.758754461283815e-05,0.0,mule_laundering,1
80813D810,28,7.758754461283815e-05,2.3018233544549336e-05,mule_laundering,1
80EAED430,28,5.17250297418921e-05,7.672744514849779e-06,mule_laundering,1
80CAD99F0,915,5.17250297418921e-05,1.72421225052804e-08,mule_laundering,1
80C25CC60,915,7.758754461283815e-05,5.17263675158412e-08,mule_laundering,1
811D34B50,52,5.17250297418921e-05,7.672744514849779e-06,mule_laundering,1
80A0C9030,52,0.0001034500594837842,3.602347391821076e-05,mule_laundering,1
8019EA660,28,5.17250297418921e-05,7.672744514849779e-06,mule_laundering,1
803F94070,28,7.758754461283815e-05,2.3018233544549336e-05,mule_laundering,1
80146B800,1280,0.0001034500594837842,1.2069485753696282e-07,mule_laundering,0
8103A5AF0,1280,0.0001034500594837842,6.89684900211216e-08,mule_laundering,0
803726250,1280,5.17250297418921e-05,1.72421225052804e-08,mule_laundering,0
804279BF0,1281,5.17250297418921e-05,0.0,mule_laundering,0
804279E70,1281,5.17250297418921e-05,1.72421225052804e-08,mule_laundering,0
80C5FF310,1282,5.17250297418921e-05,1.72421225052804e-08,legit,0
80C592DA0,1282,7.758754461283815e-05,5.17263675158412e-08,mule_laundering,0
80C592AD0,1282,5.17250297418921e-05,6.89684900211216e-08,mule_laundering,0
80F1E80F0,60,0.0001034500594837842,2.3018233544549336e-05,mule_laundering,1
80F1EBFE0,60,5.17250297418921e-05,3.0690978059399115e-05,mule_laundering,1
808A02690,226,0.0001034500594837842,0.0,mule_laundering,0
80D702FD0,1283,7.758754461283815e-05,5.17263675158412e-08,mule_laundering,0
80D703F90,1283,5.17250297418921e-05,1.72421225052804e-08,mule_laundering,0
80A856A70,12,0.0001034500594837842,1.5345489029699558e-05,mule_laundering,1
80A856930,12,7.758754461283815e-05,7.672744514849779e-06,mule_laundering,1
801434090,190,7.758754461283815e-05,0.0,mule_laundering,1
80A3DE9A0,190,7.758754461283815e-05,0.0,mule_laundering,1
80D41E7A0,190,0.0001034500594837842,0.0,mule_laundering,1
811AF2F80,190,0.0001034500594837842,0.0,mule_laundering,1
800728800,190,0.0001034500594837842,0.0,mule_laundering,1
8083A8800,190,7.758754461283815e-05,0.0,mule_laundering,1
809657890,1284,0.0001034500594837842,6.89684900211216e-08,legit,0
80616F9A0,1284,5.17250297418921e-05,0.0,legit,0
80AD837A0,1285,7.758754461283815e-05,0.0,mule_laundering,0
80AD837F0,1285,5.17250297418921e-05,0.0,mule_laundering,0
80B26FC40,167,5.17250297418921e-05,7.672744514849779e-06,legit,1
809BB6E70,167,7.758754461283815e-05,2.3018233544549336e-05,mule_laundering,1
810F79C80,1286,5.17250297418921e-05,1.72421225052804e-08,legit,0
80DD06B60,1286,7.758754461283815e-05,0.0,legit,0
812DE6160,1287,7.758754461283815e-05,0.0,mule_laundering,0
812DE6200,1287,7.758754461283815e-05,0.0,mule_laundering,0
800963A91,103,0.0001034500594837842,5.370921160394845e-05,mule_laundering,1
8000E43B1,103,7.758754461283815e-05,6.9054700633648e-05,mule_laundering,1
8000E43B0,103,7.758754461283815e-05,8.440018966334756e-05,mule_laundering,1
800142410,247,7.758754461283815e-05,7.683828736460315e-06,mule_laundering,1
80ED3FCF0,1288,5.17250297418921e-05,0.0,legit,0
81252DF60,1288,7.758754461283815e-05,0.0,legit,0
804433480,1289,7.758754461283815e-05,0.0,legit,0
804302CF0,1289,7.758754461283815e-05,0.0,legit,0
80A7FD400,1290,5.17250297418921e-05,0.0,legit,0
80AC365B0,1290,5.17250297418921e-05,0.0,legit,0
80EA1BF80,100,5.17250297418921e-05,7.660609465321379e-06,legit,1
80A784730,1291,7.758754461283815e-05,0.0,mule_laundering,1
8113D8850,1291,0.0001034500594837842,1.551791025475236e-07,mule_laundering,1
811AB7660,1291,7.758754461283815e-05,3.44842450105608e-08,mule_laundering,1
80A9194B0,1292,7.758754461283815e-05,0.0,mule_laundering,0
807AE3400,1292,0.00012931257435473025,0.0,mule_laundering,0
803C95E70,1292,5.17250297418921e-05,0.0,mule_laundering,0
810E34C30,28,0.0001034500594837842,3.0690978059399115e-05,mule_laundering,1
80D4AA440,28,5.17250297418921e-05,7.672744514849779e-06,mule_laundering,1
80A757530,1293,7.758754461283815e-05,0.0,mule_laundering,0
809DCF810,1293,0.0001034500594837842,0.0,mule_laundering,0
805044D20,1293,7.758754461283815e-05,0.0,mule_laundering,0
8047210A0,103,7.758754461283815e-05,1.5345489029699558e-05,mule_laundering,1
80465E720,103,0.0001034500594837842,3.8363722574248894e-05,mule_laundering,1
80E4864B0,279,5.17250297418921e-05,0.0,mule_laundering,1
8033CA2E0,279,7.758754461283815e-05,0.0,mule_laundering,1
810F60C80,1294,5.17250297418921e-05,0.0,mule_laundering,0
811D70040,1294,0.0001551750892256763,0.0,mule_laundering,0
80239A430,1294,5.17250297418921e-05,0.0,mule_laundering,0
813103F50,1295,5.17250297418921e-05,1.72421225052804e-08,mule_laundering,0
8131044D0,1295,7.758754461283815e-05,5.17263675158412e-08,mule_laundering,0
8109A5270,1296,0.0001034500594837842,0.0,mule_laundering,0
8109A5630,1296,5.17250297418921e-05,0.0,mule_laundering,0
80E45EFD0,1297,5.17250297418921e-05,0.0,mule_laundering,0
80E8B1EB0,1297,5.17250297418921e-05,0.0,mule_laundering,0
804463A50,1298,5.17250297418921e-05,0.0,mule_laundering,0
804463AF0,1298,5.17250297418921e-05,0.0,mule_laundering,0
80A2399F0,149,7.758754461283815e-05,0.0,mule_laundering,0
80C4D47E0,143,5.17250297418921e-05,7.672744514849779e-06,mule_laundering,1
80237FFF0,143,7.758754461283815e-05,2.3018233544549336e-05,mule_laundering,1
805067660,143,0.0001034500594837842,0.00028311565153670416,mule_laundering,1
809DAE060,143,7.758754461283815e-05,6.138195611879823e-05,mule_laundering,1
80963D200,143,7.758754461283815e-05,4.603646708909867e-05,mule_laundering,1
80BA89570,143,0.0001034500594837842,3.0690978059399115e-05,mule_laundering,1
803383E10,1299,5.17250297418921e-05,0.0,mule_laundering,0
803383F00,1299,5.17250297418921e-05,0.0,mule_laundering,0
80E73E1A0,1300,7.758754461283815e-05,0.0,mule_laundering,0
80E73E6A0,1300,5.17250297418921e-05,0.0,mule_laundering,0
808977310,1301,7.758754461283815e-05,0.0,mule_laundering,0
808977360,1301,7.758754461283815e-05,0.0,mule_laundering,0
812B318C0,1302,5.17250297418921e-05,0.0,mule_laundering,0
812B31A00,1302,5.17250297418921e-05,0.0,mule_laundering,0
80CFE4570,1303,0.00012931257435473025,0.0,legit,0
80CFE4610,1303,5.17250297418921e-05,0.0,legit,0
801FDBEC0,28,7.758754461283815e-05,1.5345489029699558e-05,mule_laundering,1
80A422390,1091,5.17250297418921e-05,1.72421225052804e-08,legit,1
801A42EC0,1304,5.17250297418921e-05,1.72421225052804e-08,mule_laundering,0
80A30B870,1304,7.758754461283815e-05,0.0,mule_laundering,0
80255DA40,70,5.17250297418921e-05,7.672744514849779e-06,mule_laundering,1
800290ED0,188,7.758754461283815e-05,0.0,mule_laundering,1
805959900,1305,5.17250297418921e-05,0.0,mule_laundering,0
805A5EFF0,1305,7.758754461283815e-05,0.0,mule_laundering,0
80A8ADE10,1306,5.17250297418921e-05,1.7253624921894996e-08,mule_laundering,0
81055E900,1306,7.758754461283815e-05,3.450724984378999e-08,mule_laundering,0
808ED6360,1307,0.0001034500594837842,0.0,mule_laundering,0
8027EDAA0,1307,7.758754461283815e-05,0.0,mule_laundering,0
803465880,1308,5.17250297418921e-05,3.44842450105608e-08,mule_laundering,0
80B389320,1308,5.17250297418921e-05,1.72421225052804e-08,mule_laundering,0
80DD442E0,546,5.17250297418921e-05,0.0,mule_laundering,0
80C413DF0,1309,7.758754461283815e-05,0.0,mule_laundering,0
803BF05B0,1309,7.758754461283815e-05,0.0,mule_laundering,0
8086E9E70,299,7.758754461283815e-05,3.44842450105608e-08,mule_laundering,1
802386190,199,5.17250297418921e-05,0.0,mule_laundering,0
808BC5830,28,0.0001034500594837842,2.3018233544549336e-05,mule_laundering,1
80812E970,1310,7.758754461283815e-05,0.0,mule_laundering,0
80890A8B0,1310,0.00012931257435473025,0.0,mule_laundering,0
804EF2220,1310,5.17250297418921e-05,0.0,mule_laundering,0
803B90890,1311,7.758754461283815e-05,0.0,mule_laundering,0
804A23160,1311,7.758754461283815e-05,0.0,mule_laundering,0
804791210,1311,7.758754461283815e-05,0.0,mule_laundering,0
804070990,1312,0.0001034500594837842,0.0,mule_laundering,1
80923D480,1312,7.758754461283815e-05,0.0,mule_laundering,1
80148AA00,1312,5.17250297418921e-05,0.0,mule_laundering,1
801F86B70,1313,5.17250297418921e-05,0.0,mule_laundering,0
8005CC8D0,1313,7.758754461283815e-05,0.0,mule_laundering,0
803BE1900,1313,0.00012931257435473025,0.0,mule_laundering,0
808760660,28,7.758754461283815e-05,3.0690978059399115e-05,mule_laundering,1
805A8E1E0,28,7.758754461283815e-05,1.5345489029699558e-05,mule_laundering,1
801280800,1131,0.0001034500594837842,0.0,mule_laundering,1
8091B5A10,1131,7.758754461283815e-05,0.0,mule_laundering,1
803E18A10,220,7.758754461283815e-05,3.8363722574248894e-05,mule_laundering,1
80704ACD0,220,7.758754461283815e-05,2.3018233544549336e-05,mule_laundering,1
8078349F0,220,5.17250297418921e-05,7.672744514849779e-06,mule_laundering,1
803A1BB50,1314,5.17250297418921e-05,0.0,mule_laundering,0
8018AB540,1314,7.758754461283815e-05,0.0,mule_laundering,0
802710FF0,1314,7.758754461283815e-05,0.0,mule_laundering,0
8140B5AC1,75,5.17250297418921e-05,1.2069485753696282e-07,mule_laundering,1
8008BDC80,1315,5.17250297418921e-05,1.72421225052804e-08,mule_laundering,0
8008BDDC0,1315,5.17250297418921e-05,3.44842450105608e-08,mule_laundering,0
80BC083C0,2,7.758754461283815e-05,1.5345489029699558e-05,mule_laundering,1
800EE7540,1316,5.17250297418921e-05,0.0,mule_laundering,0
800EE7720,1316,7.758754461283815e-05,0.0,mule_laundering,0
80816D510,1317,5.17250297418921e-05,0.0,mule_laundering,0
8084FB5B0,1317,5.17250297418921e-05,0.0,mule_laundering,0
80CA25DF0,1318,5.17250297418921e-05,0.0,mule_laundering,0
80CA26010,1318,7.758754461283815e-05,0.0,mule_laundering,0
810FE4270,28,7.758754461283815e-05,3.0690978059399115e-05,mule_laundering,1
810FE4440,28,7.758754461283815e-05,1.5345489029699558e-05,legit,1
80621ACC0,60,7.758754461283815e-05,1.5345489029699558e-05,mule_laundering,1
806545FD0,60,5.17250297418921e-05,7.672744514849779e-06,mule_laundering,1
801636360,1319,0.0001034500594837842,0.0,mule_laundering,0
801636530,1319,7.758754461283815e-05,0.0,mule_laundering,0
80F1094E0,1320,7.758754461283815e-05,0.0,mule_laundering,0
80F1099E0,1320,7.758754461283815e-05,0.0,mule_laundering,0
80B113F50,1321,5.17250297418921e-05,0.0,mule_laundering,0
80B1296D0,1321,7.758754461283815e-05,0.0,mule_laundering,0
80B128E70,1321,5.17250297418921e-05,0.0,legit,0
80145D1D0,97,7.758754461283815e-05,7.678049783312941e-06,mule_laundering,1
8028E8460,97,0.0004138002379351368,2.3880339669813355e-05,mule_laundering,1
80514DE20,97,7.758754461283815e-05,7.678049783312941e-06,mule_laundering,1
800459750,97,0.0001034500594837842,1.5350794298162722e-05,mule_laundering,1
802FBEBC0,97,0.0001034500594837842,0.0002143076458865933,mule_laundering,1
800F24BE0,97,7.758754461283815e-05,7.678049783312941e-06,mule_laundering,1
803616220,97,7.758754461283815e-05,7.678049783312941e-06,mule_laundering,1
805A16080,97,7.758754461283815e-05,7.678049783312941e-06,mule_laundering,1
8053BE3E0,97,0.0001034500594837842,1.5350794298162722e-05,mule_laundering,1
80381C7A0,97,7.758754461283815e-05,7.678049783312941e-06,mule_laundering,1
80779F730,97,0.0001034500594837842,1.5350794298162722e-05,mule_laundering,1
8016EFD70,97,7.758754461283815e-05,7.678049783312941e-06,mule_laundering,1
8091D0850,1322,5.17250297418921e-05,0.0,mule_laundering,0
8091D9950,1322,5.17250297418921e-05,1.72421225052804e-08,mule_laundering,0
8088B4060,1323,5.17250297418921e-05,0.0,mule_laundering,0
8088B40B0,1323,7.758754461283815e-05,0.0,mule_laundering,0
80D889B80,1324,7.758754461283815e-05,0.0,mule_laundering,0
80D889BD0,1324,7.758754461283815e-05,0.0,mule_laundering,0
80EB5BFE0,1325,7.758754461283815e-05,0.0,mule_laundering,0
80EB5C2F0,1325,7.758754461283815e-05,0.0,mule_laundering,0
8071408B0,1326,5.17250297418921e-05,0.0,legit,0
807140810,1326,5.17250297418921e-05,0.0,legit,0
8020DF060,1327,7.758754461283815e-05,0.0,mule_laundering,0
8020E0800,1327,5.17250297418921e-05,0.0,mule_laundering,0
802063150,1328,5.17250297418921e-05,0.0,mule_laundering,0
8020631A0,1328,5.17250297418921e-05,0.0,mule_laundering,0
801DB94A0,54,5.17250297418921e-05,7.672744514849779e-06,mule_laundering,1
801A21E40,54,0.0003620752081932447,0.0007962644951827114,mule_laundering,1
8044E2C30,54,5.17250297418921e-05,7.672744514849779e-06,mule_laundering,1
801139C30,54,7.758754461283815e-05,1.5345489029699558e-05,mule_laundering,1
8019D0940,54,0.00012931257435473025,6.9054700633648e-05,mule_laundering,1
8010F4680,54,5.17250297418921e-05,7.672744514849779e-06,mule_laundering,1
801479230,54,7.758754461283815e-05,1.5345489029699558e-05,mule_laundering,1
801820540,54,5.17250297418921e-05,7.672744514849779e-06,mule_laundering,1
803146110,54,5.17250297418921e-05,7.672744514849779e-06,mule_laundering,1
804290F90,54,5.17250297418921e-05,7.672744514849779e-06,mule_laundering,1
805090B10,54,0.0001034500594837842,2.3018233544549336e-05,mule_laundering,1
8084CA790,54,5.17250297418921e-05,7.672744514849779e-06,mule_laundering,1
8000EE420,104,0.0003103501784513526,0.0003894493182927072,mule_laundering,1
8001576B0,104,7.758754461283815e-05,7.675879446214375e-06,mule_laundering,1
8009FD120,104,0.00012931257435473025,0.00022196097794183927,mule_laundering,1
8006A4A30,104,0.00012931257435473025,2.3021368475913934e-05,mule_laundering,1
8007F79F0,104,7.758754461283815e-05,7.675879446214375e-06,mule_laundering,1
8005A64B0,104,7.758754461283815e-05,7.675879446214375e-06,mule_laundering,1
81364F9C0,1329,5.17250297418921e-05,0.0,mule_laundering,0
813656550,1329,0.0001034500594837842,0.0,mule_laundering,0
81364FA60,1329,5.17250297418921e-05,0.0,legit,0
809839EE0,1330,5.17250297418921e-05,0.0,mule_laundering,0
80983DB50,1330,5.17250297418921e-05,0.0,mule_laundering,0
80BD7B910,14,5.17250297418921e-05,7.672744514849779e-06,mule_laundering,1
80BD7BB30,14,0.0001034500594837842,9.207293417819735e-05,mule_laundering,1
813D086D1,463,0.0001551750892256763,0.0,legit,1
813E5AF41,1331,5.17250297418921e-05,0.0,mule_laundering,0
813F4EC01,1331,0.0001034500594837842,0.0,mule_laundering,0
813F5D1F1,1331,5.17250297418921e-05,0.0,legit,0
801562690,1332,5.17250297418921e-05,0.0,mule_laundering,0
801562B40,1332,5.17250297418921e-05,0.0,mule_laundering,0
805AA9B50,1333,7.758754461283815e-05,0.0,mule_laundering,0
805AA9CE0,1333,5.17250297418921e-05,0.0,mule_laundering,0
809FB6740,1334,7.758754461283815e-05,0.0,mule_laundering,0
809FB67E0,1334,7.758754461283815e-05,0.0,mule_laundering,0
80A6CC9A0,1335,5.17250297418921e-05,3.44842450105608e-08,mule_laundering,0
80A6CD550,1335,5.17250297418921e-05,1.72421225052804e-08,mule_laundering,0
80FD885C0,535,5.17250297418921e-05,7.672744514849779e-06,mule_laundering,1
8111CA220,1336,0.00018103760409662236,0.0,mule_laundering,1
802716DD0,1336,0.0001034500594837842,0.0,mule_laundering,1
80CCC1960,1336,0.00018103760409662236,0.0,mule_laundering,1
80EDE0B20,1336,7.758754461283815e-05,0.0,mule_laundering,1
803F63CA0,1336,0.00012931257435473025,0.0,mule_laundering,1
807A67850,1336,7.758754461283815e-05,0.0,mule_laundering,1
808F66DC0,1336,7.758754461283815e-05,0.0,mule_laundering,1
800516840,1336,0.0001034500594837842,0.0,mule_laundering,1
807F52390,1337,5.17250297418921e-05,1.72421225052804e-08,legit,0
807F524D0,1337,0.0001034500594837842,0.0,mule_laundering,0
807F522A0,1337,5.17250297418921e-05,1.72421225052804e-08,mule_laundering,0
80B6A3650,1338,5.17250297418921e-05,0.0,legit,0
80B6A32E0,1338,5.17250297418921e-05,0.0,legit,0
80B24B130,1339,5.17250297418921e-05,0.0,mule_laundering,0
80B24B300,1339,5.17250297418921e-05,0.0,mule_laundering,0
80F576BB0,305,0.0004138002379351368,0.00045926117505064876,mule_laundering,1
804671B60,305,5.17250297418921e-05,0.00020664683822578563,mule_laundering,1
80E58F320,305,7.758754461283815e-05,1.5345489029699558e-05,mule_laundering,1
806069F30,305,5.17250297418921e-05,7.672744514849779e-06,mule_laundering,1
80A03A470,305,5.17250297418921e-05,7.672744514849779e-06,mule_laundering,1
803C83D60,305,7.758754461283815e-05,1.5345489029699558e-05,mule_laundering,1
807982140,305,5.17250297418921e-05,7.672744514849779e-06,mule_laundering,1
805EC2490,305,7.758754461283815e-05,1.5345489029699558e-05,mule_laundering,1
80911C350,305,5.17250297418921e-05,7.672744514849779e-06,mule_laundering,1
807FE16D0,305,5.17250297418921e-05,7.672744514849779e-06,mule_laundering,1
8080B4A60,305,7.758754461283815e-05,1.5345489029699558e-05,mule_laundering,1
805C0E8F0,305,5.17250297418921e-05,7.672744514849779e-06,mule_laundering,1
8006F7210,305,7.758754461283815e-05,1.5345489029699558e-05,mule_laundering,1
808F60800,305,7.758754461283815e-05,1.5345489029699558e-05,mule_laundering,1
810C289B0,36,0.00028448766358040654,0.00034442863916548137,mule_laundering,1
80BF6C070,36,5.17250297418921e-05,7.660609465321379e-06,mule_laundering,1
80F01B390,36,5.17250297418921e-05,7.672744514849779e-06,mule_laundering,1
804E76DF0,36,5.17250297418921e-05,7.672744514849779e-06,mule_laundering,1
8067EE4E0,36,5.17250297418921e-05,7.672744514849779e-06,mule_laundering,1
8064AAA20,36,5.17250297418921e-05,7.672744514849779e-06,mule_laundering,1
8038A96B0,36,5.17250297418921e-05,7.672744514849779e-06,mule_laundering,1
810E62EB0,36,5.17250297418921e-05,7.672744514849779e-06,mule_laundering,1
810F5ED30,36,5.17250297418921e-05,7.672744514849779e-06,mule_laundering,1
806478850,36,5.17250297418921e-05,7.672744514849779e-06,mule_laundering,1
8143756A1,1340,5.17250297418921e-05,0.0,mule_laundering,0
814375DF1,1340,0.0001034500594837842,0.0,mule_laundering,0
801B33970,1341,5.17250297418921e-05,0.0,mule_laundering,0
801B33880,1341,7.758754461283815e-05,0.0,mule_laundering,0
8132265D0,1342,5.17250297418921e-05,0.0,mule_laundering,0
8132269E0,1342,7.758754461283815e-05,0.0,mule_laundering,0
80449F910,1343,5.17250297418921e-05,0.0,mule_laundering,0
80449FAA0,1343,5.17250297418921e-05,0.0,mule_laundering,0
80C3BDF50,1344,5.17250297418921e-05,0.0,mule_laundering,0
80F5778D0,1344,5.17250297418921e-05,0.0,mule_laundering,0
803F3B480,1345,7.758754461283815e-05,0.0,mule_laundering,0
803F3B610,1345,7.758754461283815e-05,0.0,mule_laundering,0
80554E200,1346,0.0001034500594837842,0.0,mule_laundering,0
80554E3E0,1346,5.17250297418921e-05,0.0,mule_laundering,0
8091037F0,1347,5.17250297418921e-05,0.0,mule_laundering,0
809103F70,1347,5.17250297418921e-05,0.0,mule_laundering,0
805E134D0,1348,5.17250297418921e-05,0.0,mule_laundering,0
805E13B40,1348,7.758754461283815e-05,0.0,mule_laundering,0
800115CA0,41,0.0001034500594837842,2.3018233544549336e-05,mule_laundering,1
80022F920,6,5.17250297418921e-05,7.672744514849779e-06,mule_laundering,1
800528510,2,7.758754461283815e-05,1.5345489029699558e-05,mule_laundering,1
8001AE930,104,0.0001034500594837842,0.0004077490813375985,mule_laundering,1
80005D3B0,1349,7.758754461283815e-05,0.0,mule_laundering,0
8001AE2B0,1349,5.17250297418921e-05,0.0,mule_laundering,0
8001697D0,31,5.17250297418921e-05,7.672744514849779e-06,mule_laundering,1
80257B3B0,1350,7.758754461283815e-05,0.0,mule_laundering,0
80257BBA0,1350,5.17250297418921e-05,0.0,mule_laundering,0
803C16F80,607,7.758754461283815e-05,3.450724984378999e-08,mule_laundering,1
806698470,607,0.0002586251487094605,1.0690115953273849e-06,mule_laundering,1
80422D430,607,7.758754461283815e-05,6.89684900211216e-08,mule_laundering,1
80CE8C910,607,7.758754461283815e-05,6.03474287684814e-07,mule_laundering,1
80107B480,607,7.758754461283815e-05,6.89684900211216e-08,mule_laundering,1
80FDB9D80,607,5.17250297418921e-05,3.44842450105608e-08,mule_laundering,1
803498EF0,607,7.758754461283815e-05,6.89684900211216e-08,mule_laundering,1
80FDA64B0,607,7.758754461283815e-05,6.89684900211216e-08,mule_laundering,1
810DD37F0,1351,5.17250297418921e-05,0.0,mule_laundering,0
810DD3890,1351,5.17250297418921e-05,0.0,mule_laundering,0
801A95450,28,7.758754461283815e-05,1.5345489029699558e-05,mule_laundering,1
801E0F270,1352,5.17250297418921e-05,1.72421225052804e-08,mule_laundering,0
801E0F8E0,1352,5.17250297418921e-05,0.0,mule_laundering,0
80BAD5200,28,7.758754461283815e-05,2.3018233544549336e-05,mule_laundering,1
80BAC75B0,28,5.17250297418921e-05,7.672744514849779e-06,legit,1
804482A00,1353,5.17250297418921e-05,1.72421225052804e-08,mule_laundering,0
804488620,1353,5.17250297418921e-05,0.0,mule_laundering,0
80512A9D0,1354,7.758754461283815e-05,0.0,mule_laundering,0
8051536B0,1354,7.758754461283815e-05,0.0,mule_laundering,0
80A2657D0,248,5.17250297418921e-05,7.672744514849779e-06,mule_laundering,1
813483C00,1355,5.17250297418921e-05,0.0,mule_laundering,0
813484090,1355,7.758754461283815e-05,0.0,mule_laundering,0
809BD8260,1356,5.17250297418921e-05,0.0,mule_laundering,0
809BD82B0,1356,0.00012931257435473025,0.0,mule_laundering,0
810DE4920,1357,7.758754461283815e-05,0.0,mule_laundering,0
810DE5300,1357,5.17250297418921e-05,0.0,mule_laundering,0
8046F81D0,1358,5.17250297418921e-05,0.0,mule_laundering,0
8046F8AB0,1358,0.0001034500594837842,0.0,mule_laundering,0
80F1B0310,100,0.00012931257435473025,0.00011919276271047021,mule_laundering,1
805A06820,1055,0.00012931257435473025,3.620845726108884e-07,mule_laundering,1
80307A9E0,1055,0.0001551750892256763,5.345057976636924e-07,mule_laundering,1
807214430,1055,0.0001034500594837842,6.379585326953749e-07,mule_laundering,1
80567CFE0,1055,0.00012931257435473025,1.1379800853485064e-06,mule_laundering,1
804E71900,1055,0.0001034500594837842,3.620845726108884e-07,mule_laundering,1
800D7F3B0,1055,0.0001034500594837842,2.5863183757920603e-07,mule_laundering,1
8042E41B0,1055,0.00012931257435473025,1.551791025475236e-07,mule_laundering,1
808112D30,1055,0.0001034500594837842,6.89684900211216e-08,mule_laundering,1
802B8A5C0,2,7.758754461283815e-05,1.5345489029699558e-05,mule_laundering,1
80C63EE60,1359,7.758754461283815e-05,0.0,mule_laundering,0
80C63EF00,1359,7.758754461283815e-05,0.0,mule_laundering,0
80254B3A0,1360,5.17250297418921e-05,1.72421225052804e-08,mule_laundering,0
802AE77D0,1360,5.17250297418921e-05,0.0,mule_laundering,0
800195070,33,0.0002069001189675684,0.001233594380154944,mule_laundering,1
8001866E0,33,7.758754461283815e-05,1.5345489029699558e-05,mule_laundering,1
800043990,33,5.17250297418921e-05,7.672744514849779e-06,mule_laundering,1
80016A6F0,33,5.17250297418921e-05,7.672744514849779e-06,mule_laundering,1
80016BEA0,33,7.758754461283815e-05,0.00041325919220656075,mule_laundering,1
8040DC2D0,1361,5.17250297418921e-05,0.0,mule_laundering,0
8040DC320,1361,5.17250297418921e-05,0.0,mule_laundering,0
80442C3F0,14,0.0001551750892256763,5.370921160394845e-05,mule_laundering,1
80442C490,14,7.758754461283815e-05,1.5345489029699558e-05,mule_laundering,1
809076530,1362,7.758754461283815e-05,0.0,mule_laundering,0
809076700,1362,5.17250297418921e-05,0.0,mule_laundering,0
81095BC00,50,0.0001034500594837842,3.0690978059399115e-05,mule_laundering,1
803FAA9E0,50,5.17250297418921e-05,7.672744514849779e-06,mule_laundering,1
800568E00,28,7.758754461283815e-05,1.5345489029699558e-05,mule_laundering,1
808A02960,28,5.17250297418921e-05,7.672744514849779e-06,mule_laundering,1
80498D100,2,7.758754461283815e-05,3.0690978059399115e-05,mule_laundering,1
8095843D0,2,7.758754461283815e-05,1.5345489029699558e-05,mule_laundering,1
804642430,1363,5.17250297418921e-05,0.0,mule_laundering,0
80BFE6D70,1363,7.758754461283815e-05,0.0,mule_laundering,0
8028CF9A0,1363,5.17250297418921e-05,0.0,mule_laundering,0
806B553D0,36,0.0001034500594837842,3.0690978059399115e-05,mule_laundering,1
80F0A2660,36,5.17250297418921e-05,7.672744514849779e-06,mule_laundering,1
80E22F4F0,89,7.758754461283815e-05,1.5345489029699558e-05,mule_laundering,0
80DEBE6D0,89,7.758754461283815e-05,0.00021430234061813015,mule_laundering,0
80171BB30,1364,7.758754461283815e-05,0.0,mule_laundering,0
8079A4BF0,1364,7.758754461283815e-05,0.0,mule_laundering,0
8079B1920,1364,5.17250297418921e-05,0.0,mule_laundering,0
80204AB70,1365,5.17250297418921e-05,0.0,legit,0
80204AA80,1365,7.758754461283815e-05,0.0,mule_laundering,0
80204A9E0,1365,7.758754461283815e-05,0.0,mule_laundering,0
808998A00,1366,5.17250297418921e-05,0.0,mule_laundering,0
808999010,1366,0.0001034500594837842,0.0,mule_laundering,0
805AF0650,11,0.0001034500594837842,2.3018233544549336e-05,mule_laundering,1
80BA3FAD0,1367,5.17250297418921e-05,0.0,mule_laundering,0
80BA3FB70,1367,5.17250297418921e-05,0.0,mule_laundering,0
8061CCEA0,103,0.00012931257435473025,3.0690978059399115e-05,mule_laundering,1
8079DDC30,103,0.00043966275280608283,0.0004461678039539382,mule_laundering,1
811E71060,103,7.758754461283815e-05,1.5345489029699558e-05,mule_laundering,1
803B70100,103,5.17250297418921e-05,7.672744514849779e-06,mule_laundering,1
80D051180,103,7.758754461283815e-05,1.5345489029699558e-05,mule_laundering,1
80E446440,103,5.17250297418921e-05,7.672744514849779e-06,mule_laundering,1
8061C7360,103,7.758754461283815e-05,1.5345489029699558e-05,mule_laundering,1
80ECEABA0,103,5.17250297418921e-05,7.672744514849779e-06,mule_laundering,1
804BD06D0,103,7.758754461283815e-05,1.5345489029699558e-05,mule_laundering,1
8057C54A0,103,5.17250297418921e-05,7.672744514849779e-06,mule_laundering,1
80EC7E760,103,7.758754461283815e-05,1.5345489029699558e-05,mule_laundering,1
80BBC79B0,103,5.17250297418921e-05,7.672744514849779e-06,mule_laundering,1
80A98C410,103,7.758754461283815e-05,1.5345489029699558e-05,mule_laundering,1
80657C030,103,5.17250297418921e-05,7.672744514849779e-06,mule_laundering,1
80C46DE50,103,7.758754461283815e-05,1.5345489029699558e-05,mule_laundering,1
80D7CE220,2,7.758754461283815e-05,0.00022957886115780856,mule_laundering,1
8080F9600,1368,5.17250297418921e-05,0.0,mule_laundering,0
8080F9D20,1368,5.17250297418921e-05,0.0,mule_laundering,0
80B643F70,1369,5.17250297418921e-05,0.0,mule_laundering,0
80B644EE0,1369,5.17250297418921e-05,0.0,mule_laundering,0
812DA1B80,1370,5.17250297418921e-05,8.6210612526402e-08,mule_laundering,0
812DAA970,1370,0.0001034500594837842,6.89684900211216e-08,mule_laundering,0
812DA92F0,1370,5.17250297418921e-05,1.72421225052804e-08,legit,0
807C37E60,1371,7.758754461283815e-05,0.0,mule_laundering,0
807C382F0,1371,7.758754461283815e-05,0.0,mule_laundering,0
806C1C260,28,7.758754461283815e-05,1.5321218930642757e-05,mule_laundering,1
80D777900,1372,7.758754461283815e-05,0.0,mule_laundering,0
80D7779A0,1372,5.17250297418921e-05,0.0,mule_laundering,0
8037199C0,50,5.17250297418921e-05,7.672744514849779e-06,mule_laundering,1
809AAC240,1373,5.17250297418921e-05,0.0,mule_laundering,0
809AAC290,1373,5.17250297418921e-05,0.0,mule_laundering,0
807B89E20,1374,5.17250297418921e-05,1.72421225052804e-08,mule_laundering,0
801658CE0,1374,0.0001034500594837842,8.6210612526402e-08,mule_laundering,0
810D8A060,1374,5.17250297418921e-05,1.72421225052804e-08,mule_laundering,0
800B2B000,1375,5.17250297418921e-05,0.0,mule_laundering,0
800B2B2C0,1375,7.758754461283815e-05,3.44842450105608e-08,mule_laundering,0
80ED23F70,1376,5.17250297418921e-05,0.0,mule_laundering,0
80ED23FC0,1376,5.17250297418921e-05,0.0,mule_laundering,0
810661190,1377,5.17250297418921e-05,0.0,mule_laundering,0
810661940,1377,5.17250297418921e-05,0.0,mule_laundering,0
803B5DAC0,54,5.17250297418921e-05,7.672744514849779e-06,mule_laundering,1
813F6FD81,1378,5.17250297418921e-05,1.72421225052804e-08,mule_laundering,0
813F6FE71,1378,5.17250297418921e-05,0.0,mule_laundering,0
80B1F0FC0,1379,7.758754461283815e-05,0.0,mule_laundering,0
80B1F13F0,1379,5.17250297418921e-05,0.0,mule_laundering,0
8064A2420,1380,5.17250297418921e-05,0.0,mule_laundering,1
806E18280,1380,0.0001551750892256763,0.0,mule_laundering,1
806E44C50,1380,5.17250297418921e-05,0.0,legit,1
806E36A50,1380,5.17250297418921e-05,0.0,legit,1
80E62AEA0,1381,5.17250297418921e-05,1.72421225052804e-08,mule_laundering,0
80E62AF40,1381,5.17250297418921e-05,0.0,mule_laundering,0
81142FF40,497,7.758754461283815e-05,0.0,mule_laundering,0
8142892E1,1382,5.17250297418921e-05,0.0,mule_laundering,0
814289491,1382,7.758754461283815e-05,0.0,mule_laundering,0
802C627E0,11,0.0001551750892256763,4.596365679192827e-05,mule_laundering,1
802C60E20,11,5.17250297418921e-05,7.672744514849779e-06,mule_laundering,1
808933580,2,0.00012931257435473025,3.0690978059399115e-05,mule_laundering,1
81333D9B0,1383,5.17250297418921e-05,0.0,mule_laundering,0
813347760,1383,5.17250297418921e-05,0.0,mule_laundering,0
805C35220,1279,0.0001034500594837842,0.0,mule_laundering,1
805C31EC0,1279,5.17250297418921e-05,0.0,mule_laundering,1
80A7EB4B0,12,5.17250297418921e-05,7.672744514849779e-06,mule_laundering,1
80CC1CCB0,36,7.758754461283815e-05,1.5345489029699558e-05,mule_laundering,1
80F353620,1384,7.758754461283815e-05,0.0,mule_laundering,0
80F3537D0,1384,5.17250297418921e-05,0.0,mule_laundering,0
80DE564F0,1385,7.758754461283815e-05,3.44842450105608e-08,mule_laundering,0
80DE56A30,1385,0.0001034500594837842,8.6210612526402e-08,mule_laundering,0
810B24B40,2,7.758754461283815e-05,1.5345489029699558e-05,mule_laundering,1
812108B00,1386,7.758754461283815e-05,0.0,mule_laundering,0
812108DD0,1386,5.17250297418921e-05,0.0,mule_laundering,0
8074C23F0,119,0.0001034500594837842,1.034527350316824e-07,mule_laundering,1
803B0BC80,1387,7.758754461283815e-05,0.0,mule_laundering,0
803B0BD20,1387,7.758754461283815e-05,0.0,mule_laundering,0
805E23B60,1388,5.17250297418921e-05,0.0,mule_laundering,0
805E2F7B0,1388,5.17250297418921e-05,0.0,mule_laundering,0
8078765D0,168,0.0004138002379351368,0.0001841458683563947,mule_laundering,1
801C63740,168,0.0001034500594837842,1.5345489029699558e-05,mule_laundering,1
80340DCF0,168,0.0003620752081932447,0.00016880037932669512,mule_laundering,1
80211A0E0,168,0.00012931257435473025,2.3018233544549336e-05,mule_laundering,1
8046D5A70,168,0.00012931257435473025,2.3018233544549336e-05,mule_laundering,1
80EB726B0,168,0.0001034500594837842,1.5345489029699558e-05,mule_laundering,1
80D328960,168,0.0001034500594837842,1.5345489029699558e-05,mule_laundering,1
80F224D00,168,0.00012931257435473025,2.3018233544549336e-05,mule_laundering,1
8003E5BD0,168,0.0001551750892256763,3.0690978059399115e-05,mule_laundering,1
803D94320,168,7.758754461283815e-05,7.672744514849779e-06,mule_laundering,1
80BC14260,168,0.00012931257435473025,2.3018233544549336e-05,mule_laundering,1
80D519890,168,7.758754461283815e-05,7.672744514849779e-06,mule_laundering,1
80DFF8490,168,7.758754461283815e-05,7.672744514849779e-06,mule_laundering,1
805DE6C70,1284,5.17250297418921e-05,1.72421225052804e-08,legit,0
8118A1C70,2,7.758754461283815e-05,1.5345489029699558e-05,legit,1
8009CC9F0,1389,5.17250297418921e-05,0.0,legit,0
80B590B80,1389,5.17250297418921e-05,0.0,legit,0
80708C400,28,5.17250297418921e-05,7.672744514849779e-06,legit,1
806AF39A0,1390,5.17250297418921e-05,0.0,legit,0
80646E3D0,1390,5.17250297418921e-05,0.0,legit,0
80A0FFD20,489,5.17250297418921e-05,0.0,legit,1
8106A7920,267,5.17250297418921e-05,1.7253624921894996e-08,legit,0
8118677F0,1391,5.17250297418921e-05,0.0,legit,0
8109DD8F0,1391,5.17250297418921e-05,0.0,legit,0
811F19120,1112,5.17250297418921e-05,0.0,legit,1
80CE705C0,1392,7.758754461283815e-05,3.44842450105608e-08,mule_laundering,1
80419CF40,1392,0.00012931257435473025,1.034527350316824e-07,mule_laundering,1
80467E970,1392,0.0001034500594837842,4.3105306263201e-07,mule_laundering,1
80E8666D0,1392,7.758754461283815e-05,2.758739600844864e-07,mule_laundering,1
80DD5E610,1392,7.758754461283815e-05,2.4138971507392564e-07,mule_laundering,1
80FBE30B0,1392,0.00012931257435473025,2.069054700633648e-07,mule_laundering,1
8009CB800,1392,0.00012931257435473025,1.379369800422432e-07,mule_laundering,1
805BAB4F0,1392,7.758754461283815e-05,6.89684900211216e-08,mule_laundering,1
80B449F70,1392,7.758754461283815e-05,3.44842450105608e-08,mule_laundering,1
812F013F0,1393,0.00012931257435473025,0.0,mule_laundering,0
812F151C0,1393,5.17250297418921e-05,0.0,mule_laundering,0
80EAFB710,122,7.758754461283815e-05,0.0,mule_laundering,1
804E6EA20,40,0.0001034500594837842,2.3018233544549336e-05,mule_laundering,1
8088B1E00,40,7.758754461283815e-05,1.303648145753409e-05,mule_laundering,1
80B1EA390,40,0.0001034500594837842,0.0002285795310726059,mule_laundering,1
8011E60B0,40,5.17250297418921e-05,7.672744514849779e-06,mule_laundering,1
802395720,2,7.758754461283815e-05,1.5345489029699558e-05,mule_laundering,1
801FBDC40,1394,0.00012931257435473025,0.0,mule_laundering,0
801FBDD80,1394,0.0001034500594837842,0.0,mule_laundering,0
8122C2400,1395,7.758754461283815e-05,0.0,mule_laundering,0
8122CAFE0,1395,0.0001034500594837842,0.0,mule_laundering,0
803FFE7B0,824,7.758754461283815e-05,0.0,mule_laundering,1
80400DC40,824,5.17250297418921e-05,0.0,mule_laundering,1
801678980,1396,7.758754461283815e-05,0.0,mule_laundering,0
801685130,1396,0.0001034500594837842,0.0,mule_laundering,0
8016854E0,1396,5.17250297418921e-05,0.0,legit,0
807B04400,1397,5.17250297418921e-05,0.0,mule_laundering,0
807B048A0,1397,5.17250297418921e-05,0.0,mule_laundering,0
80635C1A0,1398,5.17250297418921e-05,0.0,mule_laundering,0
80635E580,1398,7.758754461283815e-05,0.0,mule_laundering,0
809291B70,1399,7.758754461283815e-05,6.89684900211216e-08,mule_laundering,0
809291CB0,1399,7.758754461283815e-05,3.44842450105608e-08,mule_laundering,0
809D25590,1400,5.17250297418921e-05,0.0,mule_laundering,0
809D25A90,1400,5.17250297418921e-05,0.0,mule_laundering,0
80117E9C0,125,5.17250297418921e-05,0.0,mule_laundering,1
803C4F910,1401,5.17250297418921e-05,0.0,mule_laundering,0
803C51B50,1401,7.758754461283815e-05,3.44842450105608e-08,mule_laundering,0
80A7EEC50,12,7.758754461283815e-05,1.5345489029699558e-05,mule_laundering,1
80E010140,1402,5.17250297418921e-05,0.0,mule_laundering,0
80E0104A0,1402,5.17250297418921e-05,0.0,mule_laundering,0
812604A60,1403,5.17250297418921e-05,0.0,mule_laundering,0
812605C00,1403,5.17250297418921e-05,0.0,mule_laundering,0
8002BCFF0,33,7.758754461283815e-05,7.976812538216048e-06,mule_laundering,1
8000FE1F0,103,0.0001034500594837842,2.7102408483279922e-05,mule_laundering,1
811E89570,1404,5.17250297418921e-05,1.72421225052804e-08,mule_laundering,0
811EE01A0,1404,7.758754461283815e-05,1.034527350316824e-07,mule_laundering,0
811E90A10,1404,0.0001034500594837842,5.17263675158412e-08,legit,0
801C619B0,1405,7.758754461283815e-05,0.0,mule_laundering,0
801C61AA0,1405,7.758754461283815e-05,0.0,mule_laundering,0
80AF70A50,1406,7.758754461283815e-05,0.0,mule_laundering,0
80AF711D0,1406,5.17250297418921e-05,0.0,mule_laundering,0
80C02FD40,1407,5.17250297418921e-05,1.72421225052804e-08,mule_laundering,0
80C02FD90,1407,7.758754461283815e-05,5.17263675158412e-08,mule_laundering,0
811E49D10,1408,5.17250297418921e-05,1.72421225052804e-08,mule_laundering,0
811E4A720,1408,5.17250297418921e-05,0.0,mule_laundering,0
805B00E80,109,5.17250297418921e-05,0.0,mule_laundering,1
801F8CC10,83,5.17250297418921e-05,1.72421225052804e-08,legit,1
813747681,1409,7.758754461283815e-05,0.0,mule_laundering,0
8137476D1,1409,7.758754461283815e-05,0.0,mule_laundering,0
801204CB0,1410,5.17250297418921e-05,0.0,mule_laundering,0
801204E90,1410,5.17250297418921e-05,0.0,mule_laundering,0
80A2DF610,78,0.0003103501784513526,0.00042203379045484317,mule_laundering,1
803C66270,78,5.17250297418921e-05,7.672744514849779e-06,mule_laundering,1
80EFACF30,78,5.17250297418921e-05,7.672744514849779e-06,mule_laundering,1
801059EF0,78,5.17250297418921e-05,7.672744514849779e-06,mule_laundering,1
80534C060,78,0.0001034500594837842,2.3018233544549336e-05,mule_laundering,1
800AE9480,78,5.17250297418921e-05,7.672744514849779e-06,mule_laundering,1
80AF1F630,78,5.17250297418921e-05,7.672744514849779e-06,mule_laundering,1
811099C90,78,5.17250297418921e-05,7.672744514849779e-06,mule_laundering,1
808442C20,78,7.758754461283815e-05,1.5345489029699558e-05,mule_laundering,1
814377DD1,1411,0.0001034500594837842,0.0,mule_laundering,0
814377F61,1411,5.17250297418921e-05,0.0,mule_laundering,0
80A3F1A40,1412,5.17250297418921e-05,0.0,legit,0
80A3F2250,1412,7.758754461283815e-05,0.0,mule_laundering,0
80A3EBB50,1412,5.17250297418921e-05,0.0,mule_laundering,0
80B34C7B0,1413,7.758754461283815e-05,0.0,mule_laundering,0
80B37C670,1413,5.17250297418921e-05,0.0,mule_laundering,0
80C4D09F0,1414,0.0001034500594837842,0.0,legit,1
80C4D6180,1414,0.0001034500594837842,0.0,mule_laundering,1
80C4CF5D0,1414,7.758754461283815e-05,0.0,mule_laundering,1
80C4D91A0,1414,5.17250297418921e-05,0.0,legit,1
80B1BD560,1415,5.17250297418921e-05,0.0,mule_laundering,0
80B1C06A0,1415,5.17250297418921e-05,0.0,mule_laundering,0
803B6C1F0,1416,0.0001034500594837842,0.0,legit,0
803B6C2E0,1416,7.758754461283815e-05,0.0,mule_laundering,0
803B6C100,1416,7.758754461283815e-05,0.0,mule_laundering,0
8010CDC50,1417,0.0001551750892256763,0.0,mule_laundering,1
80064D1E0,1417,0.00018103760409662236,0.0,mule_laundering,1
800B65420,1417,0.00018103760409662236,0.0,mule_laundering,1
8016E89F0,1417,7.758754461283815e-05,0.0,mule_laundering,1
8003E2FB0,1417,0.00012931257435473025,0.0,mule_laundering,1
81495AB01,1418,5.17250297418921e-05,0.0,legit,0
814959ED1,1418,7.758754461283815e-05,0.0,mule_laundering,0
814959511,1418,5.17250297418921e-05,0.0,mule_laundering,0
802E48210,28,7.758754461283815e-05,1.5345489029699558e-05,mule_laundering,1
800692D10,1419,7.758754461283815e-05,0.0,mule_laundering,0
800692E00,1419,5.17250297418921e-05,0.0,mule_laundering,0
800473C40,37,7.758754461283815e-05,1.5345489029699558e-05,mule_laundering,1
8000B8AB0,37,0.0005948378420317592,0.0007071542639461145,mule_laundering,1
800526550,37,0.0001034500594837842,2.3018233544549336e-05,mule_laundering,1
80046B350,37,5.17250297418921e-05,7.672744514849779e-06,mule_laundering,1
8002E4450,37,7.758754461283815e-05,1.5345489029699558e-05,mule_laundering,1
8002D1950,37,7.758754461283815e-05,1.5345489029699558e-05,mule_laundering,1
800313CD0,37,7.758754461283815e-05,1.5345489029699558e-05,mule_laundering,1
800266A00,37,5.17250297418921e-05,7.672744514849779e-06,mule_laundering,1
8007EC4D0,37,7.758754461283815e-05,1.5345489029699558e-05,mule_laundering,1
800734200,37,5.17250297418921e-05,7.672744514849779e-06,mule_laundering,1
800402D40,37,0.0001034500594837842,2.3018233544549336e-05,mule_laundering,1
80082A4D0,37,5.17250297418921e-05,7.672744514849779e-06,mule_laundering,1
80029AB10,37,7.758754461283815e-05,1.5345489029699558e-05,mule_laundering,1
80077C070,37,5.17250297418921e-05,7.672744514849779e-06,mule_laundering,1
800682040,37,0.0001034500594837842,2.3018233544549336e-05,mule_laundering,1
80A845710,12,5.17250297418921e-05,7.672744514849779e-06,mule_laundering,1
80A059CE0,2,5.17250297418921e-05,7.672744514849779e-06,mule_laundering,1
80A35F840,1420,5.17250297418921e-05,0.0,mule_laundering,0
80A3609A0,1420,5.17250297418921e-05,0.0,mule_laundering,0
803D77AB0,1421,5.17250297418921e-05,1.72421225052804e-08,mule_laundering,0
803D77BA0,1421,5.17250297418921e-05,0.0,mule_laundering,0
806AF5E40,1422,5.17250297418921e-05,0.0,mule_laundering,0
806AF6160,1422,5.17250297418921e-05,0.0,mule_laundering,0
800F1D640,123,0.0001034500594837842,3.0690978059399115e-05,mule_laundering,1
806BF3340,123,5.17250297418921e-05,7.672744514849779e-06,mule_laundering,1
800BA98F0,1423,7.758754461283815e-05,0.0,mule_laundering,0
803631370,1423,5.17250297418921e-05,0.0,mule_laundering,0
8026E9C90,99,7.758754461283815e-05,1.5345489029699558e-05,mule_laundering,1
80E599BD0,1424,5.17250297418921e-05,0.0,mule_laundering,0
8063038B0,1424,0.0001034500594837842,0.0,mule_laundering,0
8071D2930,1425,5.17250297418921e-05,0.0,mule_laundering,0
80755E440,1425,7.758754461283815e-05,0.0,mule_laundering,0
803F704D0,1426,5.17250297418921e-05,0.0,mule_laundering,0
80E41B370,1426,5.17250297418921e-05,0.0,mule_laundering,0
80EF93140,1427,5.17250297418921e-05,0.0,mule_laundering,0
800AD0530,1427,5.17250297418921e-05,0.0,mule_laundering,0
802BDE290,1428,5.17250297418921e-05,0.0,mule_laundering,0
80970A1E0,1428,0.0001034500594837842,0.0,mule_laundering,0
809FF8A10,1429,5.17250297418921e-05,3.44842450105608e-08,mule_laundering,0
80BD6B060,1429,5.17250297418921e-05,1.72421225052804e-08,mule_laundering,0
80C1F8240,1430,5.17250297418921e-05,0.0,mule_laundering,0
80C1F8470,1430,5.17250297418921e-05,0.0,mule_laundering,0
806A3FDA0,1431,5.17250297418921e-05,0.0,mule_laundering,0
806A3FEE0,1431,7.758754461283815e-05,0.0,mule_laundering,0
80E9AF290,1432,5.17250297418921e-05,3.44842450105608e-08,legit,0
80E9AF770,1432,5.17250297418921e-05,1.72421225052804e-08,legit,0
81202C920,1433,5.17250297418921e-05,0.0,mule_laundering,0
81202D5D0,1433,5.17250297418921e-05,0.0,mule_laundering,0
80104B3D0,0,7.758754461283815e-05,1.5345489029699558e-05,mule_laundering,1
804FF77B0,0,5.17250297418921e-05,7.660609465321379e-06,mule_laundering,1
8053C0C10,0,5.17250297418921e-05,7.672744514849779e-06,mule_laundering,1
806387910,0,7.758754461283815e-05,1.5345489029699558e-05,mule_laundering,1
807DEAE80,0,7.758754461283815e-05,1.5345489029699558e-05,mule_laundering,1
80CFD3670,0,0.00012931257435473025,3.0690978059399115e-05,mule_laundering,1
809DBF4A0,0,7.758754461283815e-05,1.5345489029699558e-05,mule_laundering,1
80313BBD0,0,5.17250297418921e-05,7.672744514849779e-06,mule_laundering,1
8037A5750,0,5.17250297418921e-05,7.672744514849779e-06,mule_laundering,1
8046B6AF0,0,5.17250297418921e-05,7.672744514849779e-06,mule_laundering,1
807BBFDF0,0,7.758754461283815e-05,0.0002143023406181301,mule_laundering,1
80AE61F10,0,5.17250297418921e-05,7.672744514849779e-06,mule_laundering,1
80573ACC0,0,7.758754461283815e-05,1.5345489029699558e-05,mule_laundering,1
809682F70,0,0.0001034500594837842,2.3018233544549336e-05,mule_laundering,1
80A3615C0,0,7.758754461283815e-05,1.5345489029699558e-05,mule_laundering,1
80420E360,0,7.758754461283815e-05,1.5321218930642757e-05,mule_laundering,1
80C0D6570,0,7.758754461283815e-05,1.5345489029699558e-05,mule_laundering,1
80678E780,0,5.17250297418921e-05,7.672744514849779e-06,mule_laundering,1
8006FC320,190,5.17250297418921e-05,0.0,mule_laundering,1
80131B6F0,1434,5.17250297418921e-05,1.72421225052804e-08,mule_laundering,0
801325390,1434,5.17250297418921e-05,3.44842450105608e-08,mule_laundering,0
803F06EC0,1435,5.17250297418921e-05,0.0,mule_laundering,0
803F071E0,1435,5.17250297418921e-05,0.0,mule_laundering,0
80A33BE30,1436,5.17250297418921e-05,0.0,legit,0
80A33BD40,1436,5.17250297418921e-05,0.0,legit,0
8001B8420,104,5.17250297418921e-05,7.672744514849779e-06,mule_laundering,1
800528290,104,5.17250297418921e-05,7.672744514849779e-06,mule_laundering,1
8001D5700,104,5.17250297418921e-05,0.00020664683822578566,mule_laundering,1
80027BDE0,104,5.17250297418921e-05,7.672744514849779e-06,mule_laundering,1
803A18790,1437,7.758754461283815e-05,0.0,legit,0
8044027E0,1437,5.17250297418921e-05,0.0,legit,0
80873ECF0,1438,5.17250297418921e-05,0.0,mule_laundering,0
808740F80,1438,5.17250297418921e-05,0.0,mule_laundering,0
80056CE80,130,0.0001034500594837842,2.3018233544549336e-05,mule_laundering,1
803707DC0,130,7.758754461283815e-05,1.5345489029699558e-05,mule_laundering,1
80015D1B0,130,5.17250297418921e-05,7.672744514849779e-06,mule_laundering,1
8060E9190,130,7.758754461283815e-05,1.5321218930642757e-05,mule_laundering,1
80763C2E0,130,5.17250297418921e-05,7.672744514849779e-06,mule_laundering,1
80A673510,130,5.17250297418921e-05,7.672744514849779e-06,mule_laundering,1
805ABBEE0,130,7.758754461283815e-05,1.5345489029699558e-05,mule_laundering,1
811A32DC0,130,7.758754461283815e-05,1.5345489029699558e-05,mule_laundering,1
8027A9260,130,0.0001034500594837842,2.3018233544549336e-05,mule_laundering,1
80ED72BA0,130,5.17250297418921e-05,7.672744514849779e-06,mule_laundering,1
808A32010,130,5.17250297418921e-05,7.672744514849779e-06,mule_laundering,1
809A73560,130,7.758754461283815e-05,4.603646708909867e-05,mule_laundering,1
80C1C8AC0,130,5.17250297418921e-05,7.672744514849779e-06,mule_laundering,1
80E4B13E0,130,5.17250297418921e-05,0.0002066468382257856,mule_laundering,1
80382F320,130,5.17250297418921e-05,7.672744514849779e-06,mule_laundering,1
80871BB70,130,5.17250297418921e-05,7.672744514849779e-06,mule_laundering,1
80E253070,130,7.758754461283815e-05,1.5345489029699558e-05,mule_laundering,1
80206C890,130,7.758754461283815e-05,2.3018233544549336e-05,mule_laundering,1
80FE13FA0,130,5.17250297418921e-05,7.672744514849779e-06,mule_laundering,1
80BC00080,130,5.17250297418921e-05,3.0690978059399115e-05,mule_laundering,1
80B52B5C0,130,5.17250297418921e-05,0.0002066468382257856,mule_laundering,1
807E8AAA0,130,0.0001034500594837842,2.3018233544549336e-05,mule_laundering,1
8024B3B30,130,7.758754461283815e-05,1.5345489029699558e-05,mule_laundering,1
80B3686E0,130,5.17250297418921e-05,4.2868806572718835e-05,mule_laundering,1
805FF2990,1439,7.758754461283815e-05,0.0,mule_laundering,0
80D0F39E0,1439,7.758754461283815e-05,0.0,mule_laundering,0
80D0DFD40,1439,7.758754461283815e-05,0.0,legit,0
805DB7F20,104,0.0004913877825479749,0.00052052243631191,mule_laundering,1
801F99F20,104,7.758754461283815e-05,1.5345489029699558e-05,mule_laundering,1
80AEBD9D0,104,5.17250297418921e-05,7.672744514849779e-06,mule_laundering,1
8107E4020,104,5.17250297418921e-05,7.672744514849779e-06,mule_laundering,1
81071EAA0,104,7.758754461283815e-05,1.5345489029699558e-05,mule_laundering,1
801D08580,104,0.0001034500594837842,2.3018233544549336e-05,mule_laundering,1
806FD7DE0,104,7.758754461283815e-05,1.5345489029699558e-05,mule_laundering,1
80A090510,104,5.17250297418921e-05,7.672744514849779e-06,mule_laundering,1
811F005C0,104,7.758754461283815e-05,1.5345489029699558e-05,mule_laundering,1
8043C7360,104,5.17250297418921e-05,7.672744514849779e-06,mule_laundering,1
802E7F950,104,7.758754461283815e-05,1.5345489029699558e-05,mule_laundering,1
8123CC980,104,5.17250297418921e-05,7.672744514849779e-06,mule_laundering,1
80212D6B0,104,7.758754461283815e-05,1.5345489029699558e-05,mule_laundering,1
80A37E600,104,5.17250297418921e-05,7.672744514849779e-06,mule_laundering,1
80AD14210,104,5.17250297418921e-05,7.672744514849779e-06,mule_laundering,1
808252DC0,104,7.758754461283815e-05,1.5345489029699558e-05,mule_laundering,1
801E11270,31,0.00023276263383851444,0.0003673779042200095,mule_laundering,1
800604EA0,31,0.0001034500594837842,2.3018233544549336e-05,mule_laundering,1
8017A0600,31,5.17250297418921e-05,7.672744514849779e-06,mule_laundering,1
80FA75C10,31,0.0001034500594837842,2.3018233544549336e-05,mule_laundering,1
80C27CCE0,31,7.758754461283815e-05,1.5345489029699558e-05,mule_laundering,1
804F86260,31,7.758754461283815e-05,0.0002143023406181301,mule_laundering,1
8093E7B50,31,7.758754461283815e-05,1.5345489029699558e-05,mule_laundering,1
804324EF0,31,5.17250297418921e-05,7.672744514849779e-06,mule_laundering,1
807579410,2,5.17250297418921e-05,0.00020664683822578563,mule_laundering,1
80B46B810,1440,5.17250297418921e-05,1.72421225052804e-08,mule_laundering,0
80B48DEF0,1440,0.00012931257435473025,8.6210612526402e-08,mule_laundering,0
80B48F100,1440,7.758754461283815e-05,1.2069485753696282e-07,legit,0
8002A6AC0,188,5.17250297418921e-05,0.0,legit,1
800176D40,41,5.17250297418921e-05,7.672744514849779e-06,mule_laundering,1
8000AEDD0,41,0.0003362126933222986,0.0005377678455322761,mule_laundering,1
80012CB40,41,0.0001034500594837842,2.3018233544549336e-05,mule_laundering,1
80016FAF0,41,5.17250297418921e-05,7.672744514849779e-06,mule_laundering,1
800256EF0,41,0.0001034500594837842,3.0690978059399115e-05,mule_laundering,1
800122A90,41,7.758754461283815e-05,1.5345489029699558e-05,mule_laundering,1
809F7E9B0,1441,7.758754461283815e-05,0.0,mule_laundering,0
809F807E0,1441,7.758754461283815e-05,0.0,mule_laundering,0
808DE79E0,1442,5.17250297418921e-05,0.0,mule_laundering,0
808DE7DE0,1442,5.17250297418921e-05,0.0,mule_laundering,0
81384ABE0,2,5.17250297418921e-05,7.672744514849779e-06,mule_laundering,1
804572930,1443,5.17250297418921e-05,0.0,mule_laundering,0
804572A20,1443,5.17250297418921e-05,0.0,mule_laundering,0
8123F5D10,641,7.758754461283815e-05,3.44842450105608e-08,mule_laundering,0
80518D330,2,7.758754461283815e-05,1.5345489029699558e-05,mule_laundering,1
80960A700,1444,5.17250297418921e-05,0.0,mule_laundering,0
80960AAF0,1444,5.17250297418921e-05,0.0,mule_laundering,0
80746E5E0,1445,7.758754461283815e-05,0.0,mule_laundering,0
80746EED0,1445,7.758754461283815e-05,0.0,mule_laundering,0
804D79AA0,640,7.758754461283815e-05,8.6210612526402e-08,mule_laundering,0
813A50700,1446,5.17250297418921e-05,0.0,mule_laundering,0
813A50890,1446,0.0001034500594837842,0.0,mule_laundering,0
809952630,1447,7.758754461283815e-05,0.0,mule_laundering,0
809952CC0,1447,7.758754461283815e-05,0.0,mule_laundering,0
80CFCDC40,100,7.758754461283815e-05,1.5345489029699558e-05,legit,1
80CFCAC00,100,7.758754461283815e-05,1.5345489029699558e-05,legit,1
806FDA270,1448,5.17250297418921e-05,0.0,mule_laundering,0
806FDB960,1448,5.17250297418921e-05,0.0,mule_laundering,0
80A58A8E0,1449,5.17250297418921e-05,0.0,mule_laundering,0
80A58B7B0,1449,5.17250297418921e-05,0.0,mule_laundering,0
811BA8730,1450,7.758754461283815e-05,0.0,legit,0
811BB5480,1450,0.0001034500594837842,0.0,mule_laundering,0
811B9CEB0,1450,7.758754461283815e-05,0.0,mule_laundering,0
8057D9360,182,7.758754461283815e-05,0.0,mule_laundering,0
80EBEE3C0,28,7.758754461283815e-05,1.5345489029699558e-05,legit,1
813E8EF20,1451,5.17250297418921e-05,0.0,mule_laundering,0
813E8F280,1451,0.0001034500594837842,0.0,mule_laundering,0
80C933D30,1452,5.17250297418921e-05,0.0,legit,0
80C933D80,1452,7.758754461283815e-05,0.0,legit,0
8114937B0,1453,7.758754461283815e-05,0.0,mule_laundering,0
8114961E0,1453,5.17250297418921e-05,0.0,mule_laundering,0
802D9D740,36,7.758754461283815e-05,1.5345489029699558e-05,mule_laundering,1
8000D7130,1454,5.17250297418921e-05,0.0,mule_laundering,0
80DA97DD0,1454,5.17250297418921e-05,0.0,mule_laundering,0
809A1A300,23,5.17250297418921e-05,1.72421225052804e-08,mule_laundering,1
803AC15E0,9,5.17250297418921e-05,1.72421225052804e-08,mule_laundering,0
8053C9410,1455,7.758754461283815e-05,0.0,mule_laundering,0
8053CBEC0,1455,7.758754461283815e-05,0.0,mule_laundering,0
804A495C0,1456,7.758754461283815e-05,0.0,mule_laundering,0
804A4A250,1456,7.758754461283815e-05,0.0,mule_laundering,0
802873390,219,0.0003103501784513526,0.0004056381740592266,mule_laundering,1
8104787A0,219,0.0001034500594837842,2.2981828395964136e-05,mule_laundering,1
80C1460F0,219,5.17250297418921e-05,7.672744514849779e-06,mule_laundering,1
80EBECAD0,219,5.17250297418921e-05,7.672744514849779e-06,mule_laundering,1
80C4F7380,219,5.17250297418921e-05,7.672744514849779e-06,mule_laundering,1
80D49F930,219,0.00012931257435473025,3.0690978059399115e-05,mule_laundering,1
80CB568B0,219,5.17250297418921e-05,7.672744514849779e-06,mule_laundering,1
8086C0910,219,5.17250297418921e-05,7.672744514849779e-06,mule_laundering,1
80EBF9190,219,5.17250297418921e-05,7.672744514849779e-06,mule_laundering,1
80F00D2B0,219,7.758754461283815e-05,1.5345489029699558e-05,mule_laundering,1
811A5D510,219,5.17250297418921e-05,7.672744514849779e-06,mule_laundering,1
811EDA7A0,71,0.0003362126933222986,1.7618545083874802e-05,mule_laundering,1
813C3BDC0,1457,5.17250297418921e-05,0.0,mule_laundering,0
813C3BE60,1457,7.758754461283815e-05,0.0,mule_laundering,0
803E54B60,1458,7.758754461283815e-05,0.0,mule_laundering,0
803E556E0,1458,7.758754461283815e-05,3.44842450105608e-08,mule_laundering,0
80A3515A0,1459,0.0001034500594837842,0.0,mule_laundering,0
80A351640,1459,5.17250297418921e-05,0.0,mule_laundering,0
80C8966E0,814,0.0002586251487094605,8.276218802534592e-07,mule_laundering,1
80EE57F40,814,5.17250297418921e-05,3.44842450105608e-08,mule_laundering,1
801C7C860,814,5.17250297418921e-05,3.44842450105608e-08,mule_laundering,1
8014EA0D0,814,0.00012931257435473025,1.379369800422432e-07,mule_laundering,1
806D3C9E0,814,5.17250297418921e-05,3.44842450105608e-08,mule_laundering,1
80A6A9B40,814,5.17250297418921e-05,3.44842450105608e-08,mule_laundering,1
803421B00,814,7.758754461283815e-05,5.172636751584121e-07,mule_laundering,1
80DADEFF0,814,5.17250297418921e-05,1.7253624921894996e-08,mule_laundering,1
80ED002D0,248,0.00043966275280608283,0.0005739730160782793,mule_laundering,1
8107D2090,248,5.17250297418921e-05,7.672744514849779e-06,mule_laundering,1
80AF9E380,248,5.17250297418921e-05,7.672744514849779e-06,mule_laundering,1
80CB11750,248,7.758754461283815e-05,1.5345489029699558e-05,mule_laundering,1
8006B5930,248,7.758754461283815e-05,1.5345489029699558e-05,mule_laundering,1
805EB9B90,248,0.0001034500594837842,2.3018233544549336e-05,mule_laundering,1
80152EDC0,248,5.17250297418921e-05,7.672744514849779e-06,mule_laundering,1
80F5AB7A0,248,7.758754461283815e-05,1.5345489029699558e-05,mule_laundering,1
80CCC00B0,248,5.17250297418921e-05,7.672744514849779e-06,mule_laundering,1
8053B7850,248,7.758754461283815e-05,1.5345489029699558e-05,mule_laundering,1
80D599C70,248,0.0001034500594837842,2.3018233544549336e-05,mule_laundering,1
808FDE640,248,5.17250297418921e-05,7.672744514849779e-06,mule_laundering,1
80CEC52A0,248,7.758754461283815e-05,6.128487572257103e-05,mule_laundering,1
80D4C7160,248,5.17250297418921e-05,7.672744514849779e-06,mule_laundering,1
8051E3B20,176,0.0006982879015155433,0.0019121645907946598,mule_laundering,1
803E75780,176,5.17250297418921e-05,7.672744514849779e-06,mule_laundering,1
80071C080,176,7.758754461283815e-05,1.5321218930642757e-05,mule_laundering,1
80681F820,176,5.17250297418921e-05,7.672744514849779e-06,mule_laundering,1
805148BD0,176,7.758754461283815e-05,1.5345489029699558e-05,mule_laundering,1
802993780,176,7.758754461283815e-05,1.5345489029699558e-05,mule_laundering,1
80652E8F0,176,5.17250297418921e-05,7.672744514849779e-06,mule_laundering,1
8043EC7F0,176,5.17250297418921e-05,7.672744514849779e-06,mule_laundering,1
802877800,176,0.0001034500594837842,2.3018233544549336e-05,mule_laundering,1
805F1BD90,176,5.17250297418921e-05,7.672744514849779e-06,mule_laundering,1
806911FE0,176,7.758754461283815e-05,1.5345489029699558e-05,mule_laundering,1
806288DA0,176,5.17250297418921e-05,7.672744514849779e-06,mule_laundering,1
805AC5390,176,5.17250297418921e-05,7.672744514849779e-06,mule_laundering,1
8038BCE30,176,5.17250297418921e-05,7.672744514849779e-06,mule_laundering,1
802AD2A00,176,5.17250297418921e-05,7.672744514849779e-06,mule_laundering,1
80492FFE0,176,5.17250297418921e-05,7.672744514849779e-06,mule_laundering,1
8050A8A70,176,7.758754461283815e-05,1.5345489029699558e-05,mule_laundering,1
80203B990,176,5.17250297418921e-05,7.672744514849779e-06,mule_laundering,1
8084EF910,176,5.17250297418921e-05,7.672744514849779e-06,mule_laundering,1
807D04020,176,5.17250297418921e-05,7.672744514849779e-06,mule_laundering,1
808E559E0,72,5.17250297418921e-05,0.0,mule_laundering,1
801F08FB0,21,0.0001034500594837842,5.370921160394845e-05,mule_laundering,1
8028EFE80,21,7.758754461283815e-05,6.89454851878924e-05,mule_laundering,1
80C3B78E0,21,0.0001551750892256763,0.00030601319022371655,mule_laundering,1
8018C8AF0,21,0.00012931257435473025,0.0003364629396018743,mule_laundering,1
810FD17D0,21,0.0001034500594837842,0.0005577654209233157,mule_laundering,1
804093380,21,0.0001034500594837842,0.0002525108840898315,mule_laundering,1
811B90FA0,21,0.0001034500594837842,0.00022959610328031384,mule_laundering,1
80A5044A0,21,5.17250297418921e-05,0.00020664683822578563,mule_laundering,1
8078DC6E0,414,0.0001034500594837842,0.0003594206646838227,mule_laundering,1
8041EDC70,414,0.0001034500594837842,0.00013785939049096947,mule_laundering,1
80692A790,414,7.758754461283815e-05,0.00011501357817147293,mule_laundering,1
805B9B260,414,7.758754461283815e-05,7.910787026688856e-06,mule_laundering,1
8005A25A0,414,0.00012931257435473025,0.0001301095855360102,mule_laundering,1
8043410B0,414,7.758754461283815e-05,0.000343885512306565,mule_laundering,1
807B6EA00,414,7.758754461283815e-05,0.000359075822233717,mule_laundering,1
80720B3B0,414,7.758754461283815e-05,0.00037428337428337436,mule_laundering,1
801A29950,414,0.0001034500594837842,0.0003819647398594768,mule_laundering,1
80B81F7A0,1460,5.17250297418921e-05,0.0,mule_laundering,0
80B820D90,1460,7.758754461283815e-05,0.0,mule_laundering,0
8139C8F80,1461,7.758754461283815e-05,0.0,mule_laundering,0
8139D8770,1461,7.758754461283815e-05,0.0,mule_laundering,0
807AAA200,249,7.758754461283815e-05,0.0,mule_laundering,0
806967B30,61,7.758754461283815e-05,1.5345489029699558e-05,mule_laundering,1
8012CD590,61,0.00046552526767702887,0.0010763999391225996,mule_laundering,1
8103C25F0,61,5.17250297418921e-05,7.672744514849779e-06,mule_laundering,1
8066807B0,61,5.17250297418921e-05,7.672744514849779e-06,mule_laundering,1
8044218D0,61,7.758754461283815e-05,1.5321218930642757e-05,mule_laundering,1
80E5DBE80,61,0.0001034500594837842,2.3018233544549336e-05,mule_laundering,1
80886BCB0,61,5.17250297418921e-05,7.672744514849779e-06,mule_laundering,1
80303F3C0,61,7.758754461283815e-05,1.5345489029699558e-05,mule_laundering,1
81172B400,61,5.17250297418921e-05,7.672744514849779e-06,mule_laundering,1
80869EB90,61,5.17250297418921e-05,7.672744514849779e-06,mule_laundering,1
80CE74A30,61,5.17250297418921e-05,0.00020664683822578558,mule_laundering,1
80FE90E10,61,0.0001034500594837842,2.3018233544549336e-05,mule_laundering,1
810872BA0,61,7.758754461283815e-05,1.5321218930642757e-05,mule_laundering,1
806A65A10,61,5.17250297418921e-05,7.672744514849779e-06,mule_laundering,1
80EC77370,1462,5.17250297418921e-05,1.72421225052804e-08,legit,0
80EC83FC0,1462,7.758754461283815e-05,5.17263675158412e-08,mule_laundering,0
80EC75590,1462,5.17250297418921e-05,6.89684900211216e-08,mule_laundering,0
8081710C0,1463,5.17250297418921e-05,0.0,mule_laundering,0
808171160,1463,5.17250297418921e-05,0.0,mule_laundering,0
80BFB8D10,28,7.758754461283815e-05,0.00021430234061812996,mule_laundering,1
81211EC10,86,7.758754461283815e-05,1.5345489029699558e-05,mule_laundering,1
81211ED00,86,0.0001034500594837842,6.9054700633648e-05,mule_laundering,1
808D8B6C0,1464,5.17250297418921e-05,0.0,mule_laundering,0
808D8B980,1464,7.758754461283815e-05,0.0,mule_laundering,0
80D4023F0,395,7.758754461283815e-05,0.0,mule_laundering,1
8092FCDA0,395,7.758754461283815e-05,0.0,mule_laundering,1
8024E3660,395,7.758754461283815e-05,0.0,mule_laundering,1
8027E6880,1465,7.758754461283815e-05,0.0,mule_laundering,0
80468CA80,1465,0.0001034500594837842,0.0,mule_laundering,0
80F2398D0,1465,5.17250297418921e-05,0.0,mule_laundering,0
800DCD640,104,5.17250297418921e-05,7.660609465321379e-06,mule_laundering,1
802B7F0F0,104,0.0001034500594837842,0.00022968025496026618,mule_laundering,1
80ABDE970,104,0.0001034500594837842,0.0004513125565757145,mule_laundering,1
8092F0090,104,0.0001034500594837842,4.4261770314401894e-05,mule_laundering,1
80598ED20,104,7.758754461283815e-05,2.4547784284626393e-05,mule_laundering,1
8054C12F0,104,0.0001034500594837842,2.1731694100115155e-05,mule_laundering,1
8093EFCC0,104,0.0001034500594837842,2.8031503820977508e-05,mule_laundering,1
806ACD410,104,0.0001034500594837842,9.239191344454502e-05,mule_laundering,1
809FCC180,104,0.0001034500594837842,7.672744514849779e-05,mule_laundering,1
80BDEB1A0,1466,7.758754461283815e-05,5.17263675158412e-08,mule_laundering,0
80BDEB580,1466,5.17250297418921e-05,1.72421225052804e-08,mule_laundering,0
802561F50,40,5.17250297418921e-05,7.672744514849779e-06,legit,1
80255E9C0,40,7.758754461283815e-05,2.2981828395964136e-05,mule_laundering,1
807203DA0,1467,7.758754461283815e-05,0.0,legit,0
8071FCA30,1467,7.758754461283815e-05,0.0,mule_laundering,0
806241C70,1467,5.17250297418921e-05,0.0,mule_laundering,0
800DD1F40,1468,0.0001034500594837842,5.17263675158412e-08,mule_laundering,0
800DD1FE0,1468,5.17250297418921e-05,0.0,mule_laundering,0
80ABC47B0,1469,5.17250297418921e-05,0.0,mule_laundering,0
80ABC5770,1469,7.758754461283815e-05,0.0,mule_laundering,0
80ABC4800,1469,5.17250297418921e-05,0.0,legit,0
80206DDF0,130,5.17250297418921e-05,7.672744514849779e-06,mule_laundering,1
803E826B0,1470,7.758754461283815e-05,0.0,mule_laundering,0
803E82750,1470,5.17250297418921e-05,0.0,mule_laundering,0
808D830F0,1471,5.17250297418921e-05,0.0,mule_laundering,0
808D83140,1471,5.17250297418921e-05,0.0,mule_laundering,0
8035FFA20,1472,5.17250297418921e-05,1.72421225052804e-08,mule_laundering,0
8035FFA70,1472,5.17250297418921e-05,3.44842450105608e-08,mule_laundering,0
80773C7A0,1473,7.758754461283815e-05,0.0,mule_laundering,0
80773C7F0,1473,7.758754461283815e-05,0.0,mule_laundering,0
80BCF7F80,2,5.17250297418921e-05,7.672744514849779e-06,mule_laundering,1
812E65790,1474,5.17250297418921e-05,0.0,mule_laundering,0
812E65830,1474,5.17250297418921e-05,1.72421225052804e-08,mule_laundering,0
80D6D4BD0,1475,7.758754461283815e-05,0.0,mule_laundering,0
80D6D6620,1475,5.17250297418921e-05,0.0,mule_laundering,0
803DE4A90,4,0.0007241504163864894,0.001363784482002814,mule_laundering,1
80ADBB8A0,4,7.758754461283815e-05,1.5345489029699558e-05,mule_laundering,1
8054D8C00,4,5.17250297418921e-05,3.0690978059399115e-05,mule_laundering,1
80A480AC0,4,5.17250297418921e-05,0.00020664683822578555,mule_laundering,1
80C7D0E10,4,7.758754461283815e-05,1.5345489029699558e-05,mule_laundering,1
803C2EC60,4,5.17250297418921e-05,7.672744514849779e-06,mule_laundering,1
80C905A50,4,5.17250297418921e-05,7.672744514849779e-06,mule_laundering,1
803B2B200,4,0.0001034500594837842,2.3018233544549336e-05,mule_laundering,1
8081C4F10,4,5.17250297418921e-05,7.672744514849779e-06,mule_laundering,1
80AA89060,4,5.17250297418921e-05,7.672744514849779e-06,mule_laundering,1
80C527330,4,5.17250297418921e-05,7.672744514849779e-06,mule_laundering,1
801C66F60,4,7.758754461283815e-05,1.5345489029699558e-05,mule_laundering,1
80610E010,4,0.0001034500594837842,0.00022195784301047453,mule_laundering,1
803DF4C30,4,5.17250297418921e-05,7.672744514849779e-06,mule_laundering,1
8033DBB90,4,5.17250297418921e-05,7.672744514849779e-06,mule_laundering,1
803F1D770,4,0.0001034500594837842,2.2981828395964136e-05,mule_laundering,1
8023A3220,4,5.17250297418921e-05,7.672744514849779e-06,mule_laundering,1
80EC55690,4,0.0001034500594837842,0.0002525108840898314,mule_laundering,1
80995DD70,4,7.758754461283815e-05,1.5345489029699558e-05,mule_laundering,1
80BE3FA80,4,5.17250297418921e-05,7.672744514849779e-06,mule_laundering,1
8038CAD60,4,0.0001034500594837842,2.3018233544549336e-05,mule_laundering,1
814117061,1476,5.17250297418921e-05,0.0,mule_laundering,0
8141171F1,1476,5.17250297418921e-05,0.0,mule_laundering,0
80B633E10,1477,0.0001034500594837842,0.0,mule_laundering,0
80B634340,1477,5.17250297418921e-05,0.0,mule_laundering,0
80B2E2D90,1478,5.17250297418921e-05,0.0,mule_laundering,0
80B2E4CC0,1478,5.17250297418921e-05,0.0,mule_laundering,0
80720C2F0,1479,7.758754461283815e-05,3.44842450105608e-08,legit,0
80854CF10,1479,7.758754461283815e-05,0.0,legit,0
80D7E1E90,1480,0.0001034500594837842,0.0,legit,0
8074327A0,1480,5.17250297418921e-05,0.0,legit,0
800CA0A20,19,7.758754461283815e-05,1.5345489029699558e-05,legit,1
803E836C0,1481,5.17250297418921e-05,0.0,legit,0
803E943C0,1481,7.758754461283815e-05,0.0,mule_laundering,0
803E80280,1481,7.758754461283815e-05,0.0,mule_laundering,0
810284570,28,7.758754461283815e-05,1.5345489029699558e-05,legit,1
803FA6CB0,1482,5.17250297418921e-05,0.0,legit,0
80444B6A0,1482,7.758754461283815e-05,0.0,legit,0
8065A0540,60,7.758754461283815e-05,1.5345489029699558e-05,legit,1
808AADFA0,61,5.17250297418921e-05,7.672744514849779e-06,legit,1
80F13CDC0,1483,7.758754461283815e-05,6.89684900211216e-08,legit,0
80F833AA0,1483,7.758754461283815e-05,3.44842450105608e-08,legit,0
80F69D1E0,927,7.758754461283815e-05,0.0,legit,0
8107BE2F0,70,5.17250297418921e-05,7.672744514849779e-06,legit,1
8051B3BF0,167,0.00046552526767702887,0.0005510582352687616,mule_laundering,1
801B33CF0,167,5.17250297418921e-05,7.672744514849779e-06,mule_laundering,1
805B9FF00,167,5.17250297418921e-05,7.672744514849779e-06,mule_laundering,1
80A4855B0,167,5.17250297418921e-05,7.672744514849779e-06,mule_laundering,1
80BAFF4A0,167,5.17250297418921e-05,7.672744514849779e-06,mule_laundering,1
804D33800,167,7.758754461283815e-05,1.5345489029699558e-05,mule_laundering,1
80D08B7F0,167,5.17250297418921e-05,7.672744514849779e-06,mule_laundering,1
808D1F340,167,5.17250297418921e-05,7.672744514849779e-06,mule_laundering,1
80929AC10,167,5.17250297418921e-05,7.672744514849779e-06,mule_laundering,1
80B44AC00,167,5.17250297418921e-05,0.0002371998793051425,mule_laundering,1
80C166050,167,7.758754461283815e-05,1.5345489029699558e-05,mule_laundering,1
805F64240,167,5.17250297418921e-05,7.672744514849779e-06,mule_laundering,1
80E6760A0,167,5.17250297418921e-05,7.672744514849779e-06,mule_laundering,1
800C08200,167,7.758754461283815e-05,1.5345489029699558e-05,mule_laundering,1
80E7F1EB0,2,5.17250297418921e-05,7.672744514849779e-06,mule_laundering,1
808619C40,3,7.758754461283815e-05,2.3018233544549336e-05,mule_laundering,1
808619F10,3,5.17250297418921e-05,7.672744514849779e-06,mule_laundering,1
811DB9C70,71,5.17250297418921e-05,7.672744514849779e-06,mule_laundering,1
8075E8A20,1484,7.758754461283815e-05,0.0,mule_laundering,0
8075F1F70,1484,5.17250297418921e-05,0.0,mule_laundering,0
812E7CA20,1485,7.758754461283815e-05,0.0,mule_laundering,0
812E7D4B0,1485,5.17250297418921e-05,1.72421225052804e-08,mule_laundering,0
811C2F680,42,0.0001034500594837842,6.13401246904471e-05,mule_laundering,1
80934B170,42,7.758754461283815e-05,3.958458944000858e-05,mule_laundering,1
806AABF40,42,0.0001034500594837842,2.9026108137820214e-05,mule_laundering,1
804DA4170,42,7.758754461283815e-05,1.6731252973191815e-05,mule_laundering,1
801CCAF30,42,0.0001034500594837842,0.00010152700516232858,mule_laundering,1
80A9B5370,42,7.758754461283815e-05,0.00011613108292430103,mule_laundering,1
806F68EF0,1486,7.758754461283815e-05,0.0,mule_laundering,0
806F69CE0,1486,7.758754461283815e-05,0.0,mule_laundering,0
8108587F0,70,5.17250297418921e-05,7.672744514849779e-06,mule_laundering,1
8040AE4F0,184,0.00046552526767702887,0.00016496400706927025,mule_laundering,1
80C136480,184,7.758754461283815e-05,7.672744514849779e-06,mule_laundering,1
80465E020,184,0.00046552526767702887,0.00016496400706927025,mule_laundering,1
80AE6EAD0,184,0.0001034500594837842,1.5345489029699558e-05,mule_laundering,1
8056D24A0,184,7.758754461283815e-05,7.672744514849779e-06,mule_laundering,1
80A42A870,184,7.758754461283815e-05,7.672744514849779e-06,mule_laundering,1
803C62630,184,7.758754461283815e-05,7.672744514849779e-06,mule_laundering,1
8062E7A30,184,7.758754461283815e-05,7.672744514849779e-06,mule_laundering,1
80C54A950,184,0.00012931257435473025,2.3018233544549336e-05,mule_laundering,1
805F23670,184,7.758754461283815e-05,7.672744514849779e-06,mule_laundering,1
80780EAF0,184,0.0001034500594837842,1.5345489029699558e-05,mule_laundering,1
80A66B910,184,7.758754461283815e-05,7.672744514849779e-06,mule_laundering,1
8001694F0,184,0.00012931257435473025,2.3018233544549336e-05,mule_laundering,1
805990DF0,184,0.0001034500594837842,1.5345489029699558e-05,mule_laundering,1
8061AD3B0,184,7.758754461283815e-05,7.672744514849779e-06,mule_laundering,1
8041293F0,184,7.758754461283815e-05,7.672744514849779e-06,mule_laundering,1
807982750,28,5.17250297418921e-05,7.672744514849779e-06,mule_laundering,1
8002E86B0,1487,0.00012931257435473025,0.0,mule_laundering,1
8010D33A0,1487,7.758754461283815e-05,0.0,mule_laundering,1
806194950,1487,7.758754461283815e-05,0.0,mule_laundering,1
80E93E900,1487,0.0001034500594837842,0.0,mule_laundering,1
80632BB20,1488,5.17250297418921e-05,0.0,mule_laundering,0
80632D080,1488,7.758754461283815e-05,0.0,mule_laundering,0
80AEA5480,1489,7.758754461283815e-05,6.89684900211216e-08,mule_laundering,0
80C4A9230,1489,7.758754461283815e-05,3.44842450105608e-08,mule_laundering,0
80269E400,23,5.17250297418921e-05,1.72421225052804e-08,mule_laundering,1
80A3B5EF0,1490,0.00012931257435473025,0.0,mule_laundering,0
8086D3BD0,1490,5.17250297418921e-05,0.0,mule_laundering,0
80B943DB0,28,7.758754461283815e-05,1.5345489029699558e-05,mule_laundering,1
80ABA62A0,1491,5.17250297418921e-05,0.0,mule_laundering,0
80AE269B0,1491,5.17250297418921e-05,0.0,mule_laundering,0
808EF5E10,251,5.17250297418921e-05,7.672744514849779e-06,mule_laundering,1
80C20DA90,251,7.758754461283815e-05,0.00021430234061813015,mule_laundering,1
8086C1DC0,251,7.758754461283815e-05,1.5345489029699558e-05,mule_laundering,1
8086F0560,1492,5.17250297418921e-05,1.72421225052804e-08,mule_laundering,0
8086F06A0,1492,0.0001034500594837842,1.2069485753696282e-07,mule_laundering,0
8086F8440,1492,0.0001034500594837842,5.17263675158412e-08,legit,0
80D17ED80,1493,5.17250297418921e-05,0.0,mule_laundering,0
80D183900,1493,5.17250297418921e-05,0.0,mule_laundering,0
80EF86180,1494,5.17250297418921e-05,3.44842450105608e-08,mule_laundering,0
80EF861D0,1494,0.0001034500594837842,1.551791025475236e-07,mule_laundering,0
80EF87ED0,1494,5.17250297418921e-05,1.7253624921894996e-08,legit,0
81024D440,1495,7.758754461283815e-05,0.0,mule_laundering,0
81024D490,1495,5.17250297418921e-05,0.0,mule_laundering,0
800597E90,86,0.00012931257435473025,3.0690978059399115e-05,mule_laundering,1
80681D590,86,7.758754461283815e-05,0.0001841458683563947,mule_laundering,1
80F06ABB0,86,7.758754461283815e-05,0.00016880037932669512,mule_laundering,1
80C1843D0,86,7.758754461283815e-05,0.00015345489029699558,mule_laundering,1
8096EC6D0,86,0.0001034500594837842,0.000138109401267296,mule_laundering,1
80F2E7070,86,7.758754461283815e-05,0.00011509116772274667,mule_laundering,1
80A309670,86,7.758754461283815e-05,9.974567869304712e-05,mule_laundering,1
8051BABA0,86,7.758754461283815e-05,8.440018966334756e-05,mule_laundering,1
809787720,86,0.00012931257435473025,3.0690978059399115e-05,mule_laundering,1
80CE71F90,1496,5.17250297418921e-05,0.0,mule_laundering,0
80CE78FB0,1496,5.17250297418921e-05,0.0,mule_laundering,0
80D75DEC0,1497,7.758754461283815e-05,0.0,legit,0
80D75AA80,1497,7.758754461283815e-05,0.0,legit,0
80D6FAE10,1497,5.17250297418921e-05,0.0,legit,0
80DB6F270,1498,5.17250297418921e-05,0.0,legit,0
80DB6E850,1498,7.758754461283815e-05,0.0,mule_laundering,0
80DB6C8C0,1498,5.17250297418921e-05,0.0,mule_laundering,0
8132CD300,1499,7.758754461283815e-05,0.0,mule_laundering,0
8132CDF20,1499,5.17250297418921e-05,0.0,mule_laundering,0
808CF9770,1500,5.17250297418921e-05,0.0,mule_laundering,0
808CF9950,1500,5.17250297418921e-05,0.0,mule_laundering,0
80931F970,1501,0.00012931257435473025,0.0,mule_laundering,0
809327360,1501,5.17250297418921e-05,0.0,mule_laundering,0
80BA894D0,143,5.17250297418921e-05,7.672744514849779e-06,mule_laundering,1
806A78CA0,1502,7.758754461283815e-05,3.44842450105608e-08,mule_laundering,1
806AA6EE0,1502,0.00012931257435473025,1.551791025475236e-07,mule_laundering,1
806AA96F0,1502,5.17250297418921e-05,1.72421225052804e-08,legit,1
806AB8F90,1502,7.758754461283815e-05,3.44842450105608e-08,legit,1
806AA1030,1502,5.17250297418921e-05,1.72421225052804e-07,legit,1
800256CC0,41,5.17250297418921e-05,7.672744514849779e-06,mule_laundering,1
80BFD6670,28,0.00012931257435473025,3.0690978059399115e-05,mule_laundering,1
80A2FC6F0,1503,7.758754461283815e-05,0.0,mule_laundering,0
80A2FDBA0,1503,5.17250297418921e-05,0.0,mule_laundering,0
8127BEA60,1504,5.17250297418921e-05,0.0,mule_laundering,0
8127FCBE0,1504,5.17250297418921e-05,0.0,mule_laundering,0
802BE4F50,2,5.17250297418921e-05,7.672744514849779e-06,mule_laundering,1
80D33CDA0,1505,7.758754461283815e-05,0.0,mule_laundering,0
80D340ED0,1505,7.758754461283815e-05,0.0,mule_laundering,0
8103CC7C0,1506,5.17250297418921e-05,0.0,mule_laundering,0
8103CC810,1506,7.758754461283815e-05,0.0,mule_laundering,0
80AD54340,1507,5.17250297418921e-05,0.0,mule_laundering,0
80AD544D0,1507,7.758754461283815e-05,0.0,mule_laundering,0
80F4E1F30,122,5.17250297418921e-05,1.72421225052804e-08,mule_laundering,1
80235BCC0,122,7.758754461283815e-05,1.379369800422432e-07,mule_laundering,1
80011FF60,1508,5.17250297418921e-05,0.0,mule_laundering,0
8088B8A90,1508,5.17250297418921e-05,0.0,mule_laundering,0
8086EB930,1509,5.17250297418921e-05,0.0,mule_laundering,0
8093195F0,1509,7.758754461283815e-05,0.0,mule_laundering,0
807DAC1F0,402,5.17250297418921e-05,0.0,mule_laundering,1
80B712AB0,402,7.758754461283815e-05,0.0,mule_laundering,1
802B1AD20,1510,0.0001034500594837842,0.0,mule_laundering,0
8029ADDF0,1510,7.758754461283815e-05,0.0,mule_laundering,0
80515A830,1511,5.17250297418921e-05,0.0,mule_laundering,0
804CF5230,1511,5.17250297418921e-05,0.0,mule_laundering,0
80047AC40,1512,5.17250297418921e-05,0.0,mule_laundering,0
802410130,1512,5.17250297418921e-05,0.0,mule_laundering,0
802792890,141,5.17250297418921e-05,0.0,mule_laundering,1
800934020,40,0.0001034500594837842,2.3018233544549336e-05,mule_laundering,1
8009541B0,40,0.0001551750892256763,8.702788913315231e-05,mule_laundering,1
80093A150,40,5.17250297418921e-05,7.672744514849779e-06,legit,1
800937C90,40,0.0001034500594837842,2.3018233544549336e-05,legit,1
80AFF0550,1513,7.758754461283815e-05,0.0,legit,0
80AFF59B0,1513,7.758754461283815e-05,8.6210612526402e-08,mule_laundering,0
80AFCB810,1513,0.0001034500594837842,5.17263675158412e-08,mule_laundering,0
80E8D9DE0,144,7.758754461283815e-05,1.5345489029699558e-05,mule_laundering,1
80A5F9F20,144,7.758754461283815e-05,1.5345489029699558e-05,mule_laundering,1
80C33DAC0,144,5.17250297418921e-05,7.672744514849779e-06,mule_laundering,1
80B9B49F0,144,7.758754461283815e-05,1.5345489029699558e-05,mule_laundering,1
80BAE7420,144,7.758754461283815e-05,1.5345489029699558e-05,mule_laundering,1
80C05E250,144,7.758754461283815e-05,0.00021430234061813015,mule_laundering,1
80603F590,144,7.758754461283815e-05,1.5345489029699558e-05,mule_laundering,1
80F091410,144,5.17250297418921e-05,7.672744514849779e-06,mule_laundering,1
8043A6650,144,7.758754461283815e-05,1.5345489029699558e-05,mule_laundering,1
80813F2F0,144,7.758754461283815e-05,1.5345489029699558e-05,mule_laundering,1
806DD7B70,144,0.0001034500594837842,2.3018233544549336e-05,mule_laundering,1
805E120A0,144,7.758754461283815e-05,1.5345489029699558e-05,mule_laundering,1
802F78670,144,7.758754461283815e-05,1.5345489029699558e-05,mule_laundering,1
8095526B0,144,7.758754461283815e-05,1.5345489029699558e-05,mule_laundering,1
809320130,144,0.0001034500594837842,0.00022195784301047464,mule_laundering,1
810F3ABB0,1514,5.17250297418921e-05,0.0,mule_laundering,0
810F3B090,1514,5.17250297418921e-05,0.0,mule_laundering,0
804054C40,1515,5.17250297418921e-05,0.0,mule_laundering,0
804058190,1515,5.17250297418921e-05,0.0,mule_laundering,0
80E942700,1516,7.758754461283815e-05,8.6210612526402e-08,mule_laundering,0
80E943800,1516,0.0001034500594837842,5.17263675158412e-08,mule_laundering,0
8109BBC90,1517,5.17250297418921e-05,0.0,mule_laundering,0
8109BC7B0,1517,7.758754461283815e-05,0.0,mule_laundering,0
80A06E7F0,31,5.17250297418921e-05,7.672744514849779e-06,mule_laundering,1
8006757B0,31,0.00018103760409662236,9.719773930300247e-05,mule_laundering,1
80604A560,31,7.758754461283815e-05,1.3586992534360957e-05,mule_laundering,1
804D02430,31,5.17250297418921e-05,7.672744514849779e-06,mule_laundering,1
80197C0D0,31,5.17250297418921e-05,7.672744514849779e-06,mule_laundering,1
80649BBB0,31,7.758754461283815e-05,1.5345489029699558e-05,mule_laundering,1
8116C5860,2,5.17250297418921e-05,7.672744514849779e-06,mule_laundering,1
80126B2F0,1518,5.17250297418921e-05,0.0,mule_laundering,0
80126CD40,1518,5.17250297418921e-05,0.0,mule_laundering,0
8029D44A0,1519,5.17250297418921e-05,0.0,mule_laundering,0
8029D4540,1519,0.0001034500594837842,0.0,mule_laundering,0
80919A290,1520,7.758754461283815e-05,0.0,mule_laundering,0
80919B570,1520,5.17250297418921e-05,0.0,mule_laundering,0
80A2BA120,1521,5.17250297418921e-05,0.0,mule_laundering,0
8006293D0,1521,7.758754461283815e-05,0.0,mule_laundering,0
80C07AA10,1522,7.758754461283815e-05,0.0,mule_laundering,0
80C9DD950,1522,5.17250297418921e-05,0.0,mule_laundering,0
800DF30E0,1523,5.17250297418921e-05,0.0,mule_laundering,0
804D99520,1523,5.17250297418921e-05,0.0,mule_laundering,0
80523F8F0,2,0.0001034500594837842,2.3018233544549336e-05,mule_laundering,1
805FAC670,663,5.17250297418921e-05,0.0,mule_laundering,0
8019CA470,1524,7.758754461283815e-05,0.0,mule_laundering,0
802F789E0,1524,5.17250297418921e-05,0.0,mule_laundering,0
80B79F620,1525,5.17250297418921e-05,0.0,mule_laundering,0
8033AD6C0,1525,5.17250297418921e-05,0.0,mule_laundering,0
8072C4900,1526,5.17250297418921e-05,1.034527350316824e-07,mule_laundering,0
806240640,1526,0.0001034500594837842,8.6210612526402e-08,mule_laundering,0
804584340,1527,7.758754461283815e-05,0.0,mule_laundering,0
800425D10,1527,5.17250297418921e-05,0.0,mule_laundering,0
80274CE30,1528,7.758754461283815e-05,0.0,mule_laundering,0
80274DD30,1528,7.758754461283815e-05,0.0,mule_laundering,0
80D454600,41,0.0001551750892256763,6.138195611879823e-05,mule_laundering,1
80E6BFD50,41,0.00043966275280608283,0.0005350316824001035,mule_laundering,1
809D2B0F0,41,7.758754461283815e-05,1.5345489029699558e-05,mule_laundering,1
8097F63E0,41,0.0001034500594837842,2.3018233544549336e-05,mule_laundering,1
80E72DC60,41,7.758754461283815e-05,1.5345489029699558e-05,mule_laundering,1
80E7D5AB0,41,0.0001034500594837842,2.3018233544549336e-05,mule_laundering,1
808431490,41,5.17250297418921e-05,7.672744514849779e-06,mule_laundering,1
805C69E20,41,5.17250297418921e-05,7.672744514849779e-06,mule_laundering,1
8038DF660,41,5.17250297418921e-05,7.672744514849779e-06,mule_laundering,1
810AD3A90,41,5.17250297418921e-05,7.672744514849779e-06,mule_laundering,1
811AF52C0,41,5.17250297418921e-05,7.672744514849779e-06,mule_laundering,1
8073E7BB0,41,0.0001034500594837842,2.3018233544549336e-05,mule_laundering,1
809610550,1529,7.758754461283815e-05,0.0,mule_laundering,0
809611610,1529,5.17250297418921e-05,0.0,mule_laundering,0
8123D3660,1530,5.17250297418921e-05,0.0,mule_laundering,0
8123D3700,1530,7.758754461283815e-05,0.0,mule_laundering,0
802C94F70,1531,7.758754461283815e-05,0.0,mule_laundering,0
802C95100,1531,0.0001034500594837842,5.17263675158412e-08,mule_laundering,0
811BD6BE0,1532,0.0001034500594837842,0.0,mule_laundering,0
811BD6C30,1532,0.00012931257435473025,0.0,mule_laundering,0
803100180,1533,5.17250297418921e-05,0.0,mule_laundering,0
803100750,1533,0.00012931257435473025,0.0,mule_laundering,0
80352E390,2,5.17250297418921e-05,7.672744514849779e-06,mule_laundering,1
801774BC0,132,7.758754461283815e-05,0.0,mule_laundering,1
800A624A0,132,7.758754461283815e-05,0.0,mule_laundering,1
800DF7070,132,7.758754461283815e-05,0.0,mule_laundering,1
8019C00E0,132,0.0001034500594837842,0.0,mule_laundering,1
8014063B0,132,0.00012931257435473025,0.0,mule_laundering,1
800FF9AA0,132,0.0001034500594837842,0.0,mule_laundering,1
8019E4030,132,0.00012931257435473025,0.0,mule_laundering,1
802B867A0,1534,7.758754461283815e-05,0.0,legit,0
802B86D40,1534,5.17250297418921e-05,0.0,legit,0
8090335C0,1535,5.17250297418921e-05,0.0,mule_laundering,0
809033610,1535,7.758754461283815e-05,0.0,mule_laundering,0
80A4E67D0,2,5.17250297418921e-05,7.672744514849779e-06,mule_laundering,1
808631950,1536,5.17250297418921e-05,1.72421225052804e-08,mule_laundering,0
808631B80,1536,5.17250297418921e-05,3.44842450105608e-08,mule_laundering,0
80D133120,1537,5.17250297418921e-05,0.0,mule_laundering,0
80D133170,1537,5.17250297418921e-05,1.72421225052804e-08,mule_laundering,0
800296920,31,5.17250297418921e-05,7.672744514849779e-06,mule_laundering,1
8000FC360,31,0.00023276263383851444,0.00041448587767995896,mule_laundering,1
800219480,31,5.17250297418921e-05,7.672744514849779e-06,mule_laundering,1
800151C60,31,5.17250297418921e-05,7.672744514849779e-06,mule_laundering,1
806205260,591,7.758754461283815e-05,8.6210612526402e-08,mule_laundering,1
8061E2D20,591,5.17250297418921e-05,0.0,legit,1
80F962B10,6,0.00038793772306419075,0.00032884378133181955,mule_laundering,1
802CD6180,6,7.758754461283815e-05,1.5345489029699558e-05,mule_laundering,1
80C795AA0,6,5.17250297418921e-05,7.672744514849779e-06,mule_laundering,1
8012A2940,6,5.17250297418921e-05,7.672744514849779e-06,mule_laundering,1
807A3DCC0,6,7.758754461283815e-05,1.5345489029699558e-05,mule_laundering,1
8080CCA70,6,0.0001034500594837842,2.3018233544549336e-05,mule_laundering,1
80824B890,6,5.17250297418921e-05,7.672744514849779e-06,mule_laundering,1
800DD0D90,6,5.17250297418921e-05,7.672744514849779e-06,mule_laundering,1
80E4D7D80,6,7.758754461283815e-05,1.5345489029699558e-05,mule_laundering,1
812988BF0,6,5.17250297418921e-05,7.672744514849779e-06,mule_laundering,1
80577B890,6,5.17250297418921e-05,7.672744514849779e-06,mule_laundering,1
80159D2C0,1538,7.758754461283815e-05,0.0,mule_laundering,0
80159D540,1538,7.758754461283815e-05,0.0,mule_laundering,0
8077D6FF0,1539,5.17250297418921e-05,0.0,mule_laundering,0
807819A90,1539,5.17250297418921e-05,0.0,mule_laundering,0
80AB8ED70,193,5.17250297418921e-05,7.672744514849779e-06,legit,1
80AB93D20,193,0.00012931257435473025,0.0004589853010905644,mule_laundering,1
80AB8D320,193,0.00012931257435473025,0.00048172766067502927,mule_laundering,1
80AB8C190,193,0.0001034500594837842,0.0004208974524764,mule_laundering,1
80987F920,926,7.758754461283815e-05,0.0,mule_laundering,0
8006E6380,1,7.758754461283815e-05,3.0690978059399115e-05,mule_laundering,1
8006DA510,1,7.758754461283815e-05,1.5345489029699558e-05,mule_laundering,1
8001C97D0,33,0.00028448766358040654,0.0004911650441221347,mule_laundering,1
8000F9470,33,5.17250297418921e-05,0.00020664683822578566,mule_laundering,1
800240940,33,5.17250297418921e-05,7.672744514849779e-06,mule_laundering,1
80027BA60,33,7.758754461283815e-05,1.5345489029699558e-05,mule_laundering,1
80B7CAF20,1540,7.758754461283815e-05,0.0,mule_laundering,0
80B7CAFC0,1540,5.17250297418921e-05,0.0,mule_laundering,0
80CB24AB0,36,0.0001034500594837842,2.3018233544549336e-05,legit,1
80CEC5700,358,0.0002069001189675684,6.138195611879823e-05,mule_laundering,1
81198DE10,358,7.758754461283815e-05,7.672744514849779e-06,mule_laundering,1
8029FC480,358,0.0002069001189675684,6.138195611879823e-05,mule_laundering,1
80593EE80,358,7.758754461283815e-05,7.672744514849779e-06,mule_laundering,1
8107BB990,358,0.0001034500594837842,1.5345489029699558e-05,mule_laundering,1
8099B03F0,358,7.758754461283815e-05,7.672744514849779e-06,mule_laundering,1
80D86A880,358,0.0001551750892256763,3.0690978059399115e-05,mule_laundering,1
8083C1550,41,0.0001034500594837842,1.587609482346326e-05,mule_laundering,1
802126270,41,7.758754461283815e-05,5.226088450968834e-05,mule_laundering,1
80604C300,41,0.0001034500594837842,1.53972153972154e-05,mule_laundering,1
805C42580,41,0.0001034500594837842,2.4518287006325286e-05,mule_laundering,1
8010F8CE0,41,7.758754461283815e-05,3.9812049668508995e-05,mule_laundering,1
8029A03B0,41,0.0001034500594837842,6.283028321305833e-05,mule_laundering,1
803CF7A80,41,7.758754461283815e-05,7.672744514849779e-06,mule_laundering,1
8016D3DD0,1541,5.17250297418921e-05,0.0,mule_laundering,1
8016D78A0,1541,7.758754461283815e-05,1.2069485753696282e-07,mule_laundering,1
8016D9230,1541,0.0001034500594837842,8.6210612526402e-08,legit,1
80F35FD00,1542,5.17250297418921e-05,0.0,mule_laundering,0
80F360630,1542,5.17250297418921e-05,0.0,mule_laundering,0
806C024F0,1543,5.17250297418921e-05,0.0,mule_laundering,0
806C8A4E0,1543,7.758754461283815e-05,0.0,mule_laundering,0
806C8A670,1543,5.17250297418921e-05,0.0,legit,0
80FB0C5A0,1544,7.758754461283815e-05,0.0,mule_laundering,0
80FB0C5F0,1544,5.17250297418921e-05,0.0,mule_laundering,0
807193D60,10,5.17250297418921e-05,7.672744514849779e-06,mule_laundering,0
808161D70,1545,5.17250297418921e-05,0.0,mule_laundering,0
8082681B0,1545,7.758754461283815e-05,0.0,mule_laundering,0
803428320,1546,7.758754461283815e-05,0.0,mule_laundering,0
803428A00,1546,5.17250297418921e-05,0.0,mule_laundering,0
80D3239F0,1547,5.17250297418921e-05,0.0,mule_laundering,0
80D3240F0,1547,5.17250297418921e-05,0.0,mule_laundering,0
804E31020,1548,5.17250297418921e-05,0.0,mule_laundering,0
804E31160,1548,5.17250297418921e-05,0.0,mule_laundering,0
80DC4A720,1549,5.17250297418921e-05,0.0,mule_laundering,0
80DC4EDE0,1549,7.758754461283815e-05,0.0,mule_laundering,0
80DC4EA70,1549,5.17250297418921e-05,0.0,legit,0
80B484690,1550,7.758754461283815e-05,1.034527350316824e-07,mule_laundering,0
80B4846E0,1550,7.758754461283815e-05,3.450724984378999e-08,mule_laundering,0
810605350,1551,5.17250297418921e-05,0.0,mule_laundering,0
810605440,1551,5.17250297418921e-05,0.0,mule_laundering,0
80C97F160,1552,7.758754461283815e-05,0.0,mule_laundering,0
80BD30B70,1552,7.758754461283815e-05,8.6210612526402e-08,mule_laundering,0
80DE5F400,1552,0.0001034500594837842,5.17263675158412e-08,mule_laundering,0
801BB7D10,1553,5.17250297418921e-05,0.0,mule_laundering,0
808444690,1553,0.00012931257435473025,0.0,mule_laundering,0
80C77C800,1553,5.17250297418921e-05,0.0,mule_laundering,0
805A507F0,2,5.17250297418921e-05,7.672744514849779e-06,mule_laundering,1
808FD5CA0,2,7.758754461283815e-05,1.5345489029699558e-05,mule_laundering,1
8025D1EB0,987,0.0001034500594837842,0.0,mule_laundering,1
803C925B0,987,7.758754461283815e-05,0.0,mule_laundering,1
809F26890,1554,7.758754461283815e-05,0.0,mule_laundering,0
8083CF250,1554,7.758754461283815e-05,0.0,mule_laundering,0
809406BF0,1554,7.758754461283815e-05,0.0,mule_laundering,0
80F542950,42,0.00012931257435473025,3.0690978059399115e-05,mule_laundering,1
8041A3440,42,0.0007241504163864894,0.0020332728037138394,mule_laundering,1
806B971B0,42,5.17250297418921e-05,7.672744514849779e-06,mule_laundering,1
81243E2A0,42,5.17250297418921e-05,7.672744514849779e-06,mule_laundering,1
803793A30,42,5.17250297418921e-05,7.672744514849779e-06,mule_laundering,1
809768440,42,5.17250297418921e-05,7.672744514849779e-06,mule_laundering,1
801079B80,42,7.758754461283815e-05,1.5345489029699558e-05,mule_laundering,1
80F1F4BD0,42,7.758754461283815e-05,0.00021441079690438913,mule_laundering,1
80C8A8AA0,42,7.758754461283815e-05,1.5345489029699558e-05,mule_laundering,1
80C7A4440,42,5.17250297418921e-05,7.672744514849779e-06,mule_laundering,1
81074B590,42,7.758754461283815e-05,1.5345489029699558e-05,mule_laundering,1
80E40C5F0,42,7.758754461283815e-05,1.5321218930642757e-05,mule_laundering,1
80EBC6500,42,7.758754461283815e-05,1.5345489029699558e-05,mule_laundering,1
8037032F0,42,5.17250297418921e-05,7.672744514849779e-06,mule_laundering,1
80879D150,42,5.17250297418921e-05,7.672744514849779e-06,mule_laundering,1
810128800,42,5.17250297418921e-05,7.672744514849779e-06,mule_laundering,1
80ECD6200,42,5.17250297418921e-05,7.672744514849779e-06,mule_laundering,1
80EC7C2B0,42,0.0001034500594837842,2.3018233544549336e-05,mule_laundering,1
80E83FA70,42,5.17250297418921e-05,7.672744514849779e-06,mule_laundering,1
81161EF90,42,5.17250297418921e-05,7.672744514849779e-06,mule_laundering,1
80EA96640,42,5.17250297418921e-05,7.672744514849779e-06,mule_laundering,1
80E3027B0,42,0.0001034500594837842,2.3018233544549336e-05,mule_laundering,1
811A79C40,42,5.17250297418921e-05,7.672744514849779e-06,mule_laundering,1
804E674E0,193,0.0001034500594837842,1.5345489029699558e-05,mule_laundering,1
80F219920,193,0.00038793772306419075,0.0003367493892155876,mule_laundering,1
80ECF4060,193,0.0001034500594837842,1.5345489029699558e-05,mule_laundering,1
80B7F3B20,193,7.758754461283815e-05,7.672744514849779e-06,mule_laundering,1
805E65780,193,7.758754461283815e-05,7.672744514849779e-06,mule_laundering,1
809158E50,193,7.758754461283815e-05,7.672744514849779e-06,mule_laundering,1
803ED04F0,193,0.0001034500594837842,4.332071518548475e-05,mule_laundering,1
80A0780F0,193,7.758754461283815e-05,7.672744514849779e-06,mule_laundering,1
805A69D20,193,7.758754461283815e-05,7.672744514849779e-06,mule_laundering,1
80CF0E190,193,7.758754461283815e-05,7.672744514849779e-06,mule_laundering,1
8018031B0,193,7.758754461283815e-05,7.672744514849779e-06,mule_laundering,1
80A9E6B10,193,7.758754461283815e-05,7.672744514849779e-06,mule_laundering,1
80E5C5420,193,7.758754461283815e-05,7.672744514849779e-06,mule_laundering,1
80CAF63D0,1555,7.758754461283815e-05,0.0,mule_laundering,0
80CAF6950,1555,5.17250297418921e-05,0.0,mule_laundering,0
8061B1300,1556,7.758754461283815e-05,0.0,mule_laundering,0
8061B1910,1556,5.17250297418921e-05,0.0,mule_laundering,0
80B57BF50,1557,5.17250297418921e-05,0.0,mule_laundering,0
80C81A1D0,1557,5.17250297418921e-05,0.0,mule_laundering,0
80736F730,1558,0.0001034500594837842,0.0,mule_laundering,0
80736FA50,1558,5.17250297418921e-05,0.0,mule_laundering,0
80C45E850,1559,0.0001034500594837842,0.0,mule_laundering,0
80C463B60,1559,5.17250297418921e-05,0.0,mule_laundering,0
80DB58CC0,1560,5.17250297418921e-05,1.72421225052804e-08,mule_laundering,1
80C356B30,1560,0.00023276263383851444,3.103582050950472e-07,mule_laundering,1
80D213A20,1560,5.17250297418921e-05,3.2760032760032763e-07,mule_laundering,1
8024129E0,1560,5.17250297418921e-05,1.72421225052804e-08,mule_laundering,1
80D601030,1560,0.0001034500594837842,5.17263675158412e-08,mule_laundering,1
803425BE0,1560,5.17250297418921e-05,1.72421225052804e-08,mule_laundering,1
805A9CA20,1560,7.758754461283815e-05,3.44842450105608e-08,mule_laundering,1
801F61E70,1560,7.758754461283815e-05,3.44842450105608e-08,mule_laundering,1
804A5B180,1561,5.17250297418921e-05,0.0,mule_laundering,0
804A5BFD0,1561,5.17250297418921e-05,0.0,mule_laundering,0
80F29DEF0,158,7.758754461283815e-05,0.0,legit,0
806CF4A60,41,5.17250297418921e-05,7.672744514849779e-06,legit,1
806CF7480,41,0.0001034500594837842,0.0002372516056726583,mule_laundering,1
806CEEB70,41,5.17250297418921e-05,7.660609465321379e-06,mule_laundering,1
813456020,2,7.758754461283815e-05,1.5345489029699558e-05,mule_laundering,1
811ABCFB0,28,7.758754461283815e-05,1.5345489029699558e-05,mule_laundering,1
808C4D8B0,1562,5.17250297418921e-05,0.0,mule_laundering,0
808C57340,1562,5.17250297418921e-05,0.0,mule_laundering,0
80A429B80,1563,5.17250297418921e-05,0.0,mule_laundering,0
80A429E90,1563,5.17250297418921e-05,1.72421225052804e-08,mule_laundering,0
80CC585B0,1564,7.758754461283815e-05,3.44842450105608e-08,mule_laundering,0
80CC58D80,1564,0.0001034500594837842,8.6210612526402e-08,mule_laundering,0
80C0EBBD0,2,0.0001034500594837842,2.3018233544549336e-05,legit,1
80010ECB0,104,0.00012931257435473025,0.00022195784301047464,mule_laundering,1
800052EF0,104,0.0001034500594837842,0.00021430234061813015,mule_laundering,1
8075E62B0,1565,0.00012931257435473025,8.6210612526402e-08,legit,0
8075E6210,1565,5.17250297418921e-05,1.72421225052804e-08,legit,0
80648AE50,1566,5.17250297418921e-05,0.0,mule_laundering,0
80648B1B0,1566,5.17250297418921e-05,0.0,mule_laundering,0
810A8C2A0,1567,5.17250297418921e-05,0.0,legit,0
810A87160,1567,5.17250297418921e-05,0.0,legit,0
8112C4010,99,0.0001034500594837842,0.0002219578430104746,mule_laundering,1
80F454910,99,0.0003362126933222986,0.0004286046812362602,mule_laundering,1
80A114780,99,5.17250297418921e-05,7.672744514849779e-06,mule_laundering,1
8105CFDC0,99,5.17250297418921e-05,7.672744514849779e-06,mule_laundering,1
8124B1D90,99,7.758754461283815e-05,1.5345489029699558e-05,mule_laundering,1
807A249F0,99,7.758754461283815e-05,1.5345489029699558e-05,mule_laundering,1
80DE18E90,99,0.0001034500594837842,2.3018233544549336e-05,mule_laundering,1
806ED11A0,99,5.17250297418921e-05,7.672744514849779e-06,mule_laundering,1
80088E940,99,5.17250297418921e-05,7.672744514849779e-06,mule_laundering,1
806DEA990,99,5.17250297418921e-05,7.672744514849779e-06,mule_laundering,1
80762FE70,99,5.17250297418921e-05,7.672744514849779e-06,mule_laundering,1
80E16D0B0,99,7.758754461283815e-05,1.5345489029699558e-05,mule_laundering,1
812182FE0,1568,5.17250297418921e-05,0.0,legit,0
812184110,1568,5.17250297418921e-05,0.0,legit,0
805559D30,1569,5.17250297418921e-05,0.0,mule_laundering,0
805C93E20,1569,0.00012931257435473025,0.0,mule_laundering,0
80DAF20D0,92,5.17250297418921e-05,7.672744514849779e-06,mule_laundering,1
8019EF7D0,1570,5.17250297418921e-05,0.0,mule_laundering,0
8019EF820,1570,5.17250297418921e-05,0.0,mule_laundering,0
807FF7150,1571,7.758754461283815e-05,0.0,mule_laundering,0
807FF74B0,1571,5.17250297418921e-05,0.0,mule_laundering,0
80B29BB40,1572,5.17250297418921e-05,0.0,mule_laundering,0
80B29D180,1572,7.758754461283815e-05,0.0,mule_laundering,0
80D7FB680,1573,7.758754461283815e-05,0.0,legit,0
80D7FBC70,1573,0.0001034500594837842,0.0,mule_laundering,0
80D7FA700,1573,5.17250297418921e-05,0.0,mule_laundering,0
8079CDF20,1574,7.758754461283815e-05,0.0,mule_laundering,0
8079CE290,1574,5.17250297418921e-05,0.0,mule_laundering,0
8065C2380,1575,5.17250297418921e-05,1.72421225052804e-08,mule_laundering,0
8065C69E0,1575,5.17250297418921e-05,3.44842450105608e-08,mule_laundering,0
8134EE3C0,1576,5.17250297418921e-05,0.0,legit,0
8134E5950,1576,7.758754461283815e-05,0.0,legit,0
804FAA470,37,0.0001034500594837842,2.3018233544549336e-05,mule_laundering,1
804FAD580,37,7.758754461283815e-05,3.8363722574248894e-05,mule_laundering,1
802B8A7C0,1577,0.0001034500594837842,0.0,account_takeover,0
80A95FD30,247,0.0001034500594837842,2.3018233544549336e-05,account_takeover,1
805B92330,1,0.0001034500594837842,2.3018233544549336e-05,account_takeover,1
813FEF230,1578,0.00012931257435473025,1.034527350316824e-07,account_takeover,0
8039302E0,1579,0.0001034500594837842,0.0,account_takeover,0
810280BA0,1580,0.0001034500594837842,0.0,account_takeover,0
80A1AA6E0,1581,0.0001034500594837842,0.0,account_takeover,0
804D9B7D0,1582,0.0001034500594837842,0.0,account_takeover,0
80D01FDB0,1583,0.0001034500594837842,0.0,account_takeover,0
813D46E80,1113,0.00012931257435473025,0.0,account_takeover,0
8079B0910,1584,0.0001034500594837842,0.0,account_takeover,0
80A135C90,1585,0.00012931257435473025,0.0,account_takeover,0
8041B5C00,1586,0.00018103760409662236,0.0,account_takeover,0
801ADB290,1587,0.00012931257435473025,0.0,account_takeover,0
809A6DE50,188,0.0001034500594837842,0.0,account_takeover,1
801735DA0,4,7.758754461283815e-05,1.5345489029699558e-05,account_takeover,1
80B6DA300,1588,0.0001034500594837842,5.17263675158412e-08,account_takeover,0
80EC9D810,119,0.0001034500594837842,1.034527350316824e-07,account_takeover,1
809DE9F20,665,0.0001034500594837842,0.0,account_takeover,1
800606860,1589,0.0001034500594837842,0.0,account_takeover,0
80BF80630,1590,0.00012931257435473025,0.0,account_takeover,0
8033DEA50,55,0.00012931257435473025,3.0690978059399115e-05,account_takeover,1
8076673E1,1591,0.0001034500594837842,0.0,account_takeover,0
80EE9F5D0,826,0.0001034500594837842,0.0,account_takeover,0
8030C2250,28,0.0001034500594837842,2.3018233544549336e-05,account_takeover,1
8088AA9A0,1592,0.0001551750892256763,0.0,account_takeover,0
8099407A0,42,0.0001034500594837842,2.3018233544549336e-05,account_takeover,1
803CC1DA0,259,0.00018103760409662236,4.603646708909867e-05,account_takeover,0
806CB8600,38,0.0001034500594837842,0.0,account_takeover,0
8148F1981,1593,0.00012931257435473025,0.0,account_takeover,0
8131DB7C0,1594,0.0001551750892256763,8.6210612526402e-08,account_takeover,0
807C5A060,3,0.0001034500594837842,0.0002219578430104746,account_takeover,1
8095F8A00,1595,0.00012931257435473025,0.0,account_takeover,0
80509B490,1596,0.00012931257435473025,6.89684900211216e-08,account_takeover,0
803310C10,1597,0.0001034500594837842,0.0,account_takeover,0
80FF86670,1598,0.00012931257435473025,0.0,account_takeover,0
808AFFDE0,50,0.00012931257435473025,3.0690978059399115e-05,account_takeover,1
814037851,130,7.758754461283815e-05,1.5345489029699558e-05,account_takeover,1
80FC6C650,1599,0.0001034500594837842,6.89684900211216e-08,account_takeover,0
80F9EBAE0,12,0.0001034500594837842,2.3018233544549336e-05,account_takeover,1
8112EC7B0,2,0.00012931257435473025,3.0642437861285514e-05,account_takeover,1
8038A8C40,33,0.0001034500594837842,2.3018233544549336e-05,account_takeover,1
808021000,1600,0.00012931257435473025,0.0,account_takeover,0
813ED3340,7,0.0001034500594837842,0.00022195784301047464,account_takeover,1
80A329B60,364,0.00012931257435473025,0.0,account_takeover,1
80ACEA910,1601,0.0001034500594837842,5.17263675158412e-08,account_takeover,0
8138DB8F0,4,7.758754461283815e-05,1.5345489029699558e-05,account_takeover,1
812DCD930,54,0.00012931257435473025,3.0690978059399115e-05,account_takeover,1
811A264F0,1051,0.00012931257435473025,0.0,account_takeover,1
81063FD40,28,0.0001034500594837842,0.00042089745247639955,account_takeover,1
804EAB280,1602,0.0001034500594837842,0.0,account_takeover,0
80DA7F7B0,167,0.0001034500594837842,2.3018233544549336e-05,account_takeover,1
8144CB560,537,0.0001551750892256763,2.241475925686452e-07,account_takeover,1
808A4F490,995,0.00012931257435473025,1.72421225052804e-07,account_takeover,0
810449E00,11,0.0001034500594837842,2.3018233544549336e-05,account_takeover,1
81264C020,1603,0.0001551750892256763,0.0,account_takeover,0
8142FA820,1604,7.758754461283815e-05,0.0,account_takeover,0
809549F00,71,0.0001034500594837842,3.8363722574248894e-05,account_takeover,1
80A0FC6D0,33,0.0001034500594837842,2.3018233544549336e-05,account_takeover,1
80A3CC580,11,0.00012931257435473025,3.0690978059399115e-05,account_takeover,1
807087750,1291,0.0001034500594837842,5.17263675158412e-08,account_takeover,1
809C682E0,1021,0.0001034500594837842,0.0,account_takeover,0
8134D2AC0,1605,0.0001034500594837842,5.17263675158412e-08,account_takeover,0
808C18CF0,91,0.0001034500594837842,0.0,account_takeover,0
81443DD61,175,0.00012931257435473025,5.370921160394845e-05,account_takeover,1
8118FE940,1029,0.0001034500594837842,0.0,account_takeover,1
81306B9D0,936,0.0001034500594837842,5.17263675158412e-08,account_takeover,0
80617BDD0,1606,0.0001034500594837842,0.0,account_takeover,0
805634AE0,876,0.0001034500594837842,0.0,account_takeover,0
800BA26A0,1607,0.00012931257435473025,0.0,account_takeover,0
809FFEC20,2,0.0001034500594837842,2.3018233544549336e-05,account_takeover,1
802212E70,150,0.00012931257435473025,0.0,account_takeover,1
809413E60,36,0.0001034500594837842,2.3018233544549336e-05,account_takeover,1
803896F40,1608,0.0001034500594837842,0.0,account_takeover,0
800C64F30,1609,0.00012931257435473025,8.6210612526402e-08,account_takeover,0
8092A4470,1595,0.0001034500594837842,0.0,account_takeover,0
808A3CD90,144,0.00012931257435473025,3.0690978059399115e-05,account_takeover,1
806AB0AC0,11,0.00012931257435473025,3.0690978059399115e-05,account_takeover,1
80990E980,1610,0.00012931257435473025,6.89684900211216e-08,account_takeover,0
805727220,1611,0.00012931257435473025,0.0,account_takeover,0
80B9A6CB0,50,0.00012931257435473025,3.0642437861285514e-05,account_takeover,1
80C21C1F0,1612,0.00012931257435473025,0.0,account_takeover,0
80E6D2E80,1613,0.0001551750892256763,0.0,account_takeover,0
80F0FAC50,1270,0.00012931257435473025,1.379369800422432e-07,account_takeover,0
80006F5E0,1614,2.586251487094605e-05,0.0,legit,0
8000CCCE1,1615,5.17250297418921e-05,0.0,legit,0
8001082E0,1616,5.17250297418921e-05,0.0,legit,0
80011C190,1617,2.586251487094605e-05,0.0,legit,0
80012C6E0,1618,2.586251487094605e-05,0.0,legit,0
80019CAD0,1619,2.586251487094605e-05,0.0,legit,0
80019F690,1620,2.586251487094605e-05,0.0,legit,0
8001D12C0,1621,7.758754461283815e-05,0.0,legit,0
8001FCF30,1622,5.17250297418921e-05,0.0,legit,0
800204000,1623,7.758754461283815e-05,0.0,legit,0
8002060E0,1624,2.586251487094605e-05,0.0,legit,0
80020A140,1625,5.17250297418921e-05,0.0,legit,0
80021BBE0,1626,2.586251487094605e-05,0.0,legit,0
800222230,1627,2.586251487094605e-05,0.0,legit,0
80022EC90,1628,2.586251487094605e-05,0.0,legit,0
800230920,1629,2.586251487094605e-05,0.0,legit,0
800257E40,1630,2.586251487094605e-05,0.0,legit,0
80027B270,1631,2.586251487094605e-05,0.0,legit,0
80027B620,1632,2.586251487094605e-05,0.0,legit,0
800281710,1633,2.586251487094605e-05,0.0,legit,0
8002A79D0,1634,5.17250297418921e-05,0.0,legit,0
8002C07E0,1635,2.586251487094605e-05,0.0,legit,0
8002C0880,1636,2.586251487094605e-05,0.0,legit,0
8002D6250,1637,2.586251487094605e-05,0.0,legit,0
80031C300,1638,2.586251487094605e-05,0.0,legit,0
800321170,1639,2.586251487094605e-05,0.0,legit,0
800332180,1640,2.586251487094605e-05,0.0,legit,0
80033EF60,1641,5.17250297418921e-05,0.0,legit,0
80034B060,1642,5.17250297418921e-05,0.0,legit,0
800352580,1643,2.586251487094605e-05,0.0,legit,0
8003647B0,1644,5.17250297418921e-05,0.0,legit,0
80036B3A0,1645,5.17250297418921e-05,0.0,legit,0
800395150,1646,5.17250297418921e-05,0.0,legit,0
8003A6480,1647,5.17250297418921e-05,0.0,legit,0
8003A7970,1648,5.17250297418921e-05,0.0,legit,0
8003B3FD0,1649,2.586251487094605e-05,0.0,legit,0
8003C7CD0,1650,2.586251487094605e-05,0.0,legit,0
8003CAF21,1651,2.586251487094605e-05,0.0,legit,0
8003D81F0,1652,7.758754461283815e-05,0.0,legit,0
8003ED920,1653,2.586251487094605e-05,0.0,legit,0
8003FC180,1654,2.586251487094605e-05,0.0,legit,0
8003FF6D0,1655,2.586251487094605e-05,0.0,legit,0
800402D90,1656,2.586251487094605e-05,0.0,legit,0
8004047B0,1657,2.586251487094605e-05,0.0,legit,0
800425810,1658,2.586251487094605e-05,0.0,legit,0
800438D60,1659,2.586251487094605e-05,0.0,legit,0
80045CEF0,1660,2.586251487094605e-05,0.0,legit,0
8004611E0,1661,2.586251487094605e-05,0.0,legit,0
800462120,1662,2.586251487094605e-05,0.0,legit,0
800466FA0,1663,5.17250297418921e-05,0.0,legit,0
80048CC90,1664,2.586251487094605e-05,0.0,legit,0
80048E330,1665,2.586251487094605e-05,0.0,legit,0
80048F5E0,1666,2.586251487094605e-05,0.0,legit,0
800496060,1667,2.586251487094605e-05,0.0,legit,0
8004A06B0,1668,2.586251487094605e-05,0.0,legit,0
8004A5780,1669,5.17250297418921e-05,0.0,legit,0
8004AD5F0,1670,2.586251487094605e-05,0.0,legit,0
8004AF430,1671,2.586251487094605e-05,0.0,legit,0
8004C9120,1672,2.586251487094605e-05,0.0,legit,0
800510EA0,1673,2.586251487094605e-05,0.0,legit,0
800549770,1674,2.586251487094605e-05,0.0,legit,0
80054F070,1675,2.586251487094605e-05,0.0,legit,0
8005505C0,1676,5.17250297418921e-05,0.0,legit,0
800558600,1677,5.17250297418921e-05,0.0,legit,0
800559D00,1678,2.586251487094605e-05,0.0,legit,0
80055BC00,1679,2.586251487094605e-05,0.0,legit,0
80055BE80,1680,2.586251487094605e-05,0.0,legit,0
8005678A0,1681,2.586251487094605e-05,0.0,legit,0
80056F770,1682,2.586251487094605e-05,0.0,legit,0
80058C680,1683,7.758754461283815e-05,0.0,legit,0
80058FF30,1684,2.586251487094605e-05,0.0,legit,0
800595070,1685,7.758754461283815e-05,3.44842450105608e-08,legit,0
80059DC80,1686,2.586251487094605e-05,0.0,legit,0
8005A21E0,1687,2.586251487094605e-05,0.0,legit,0
8005A4F00,1688,2.586251487094605e-05,0.0,legit,0
8005BD8D0,1689,2.586251487094605e-05,0.0,legit,0
8005C5160,1690,2.586251487094605e-05,0.0,legit,0
8005CBDA0,1691,5.17250297418921e-05,1.72421225052804e-08,legit,0
8005D8EC0,1692,2.586251487094605e-05,0.0,legit,0
8005E3920,1693,2.586251487094605e-05,0.0,legit,0
800615830,1694,7.758754461283815e-05,0.0,legit,0
8006204D0,1695,2.586251487094605e-05,0.0,legit,0
800631DF0,1696,5.17250297418921e-05,0.0,legit,0
800634A70,1697,2.586251487094605e-05,0.0,legit,0
8006596E0,1698,2.586251487094605e-05,0.0,legit,0
80065B6F0,1699,2.586251487094605e-05,0.0,legit,0
8006636E0,1700,2.586251487094605e-05,0.0,legit,0
8006A6CF1,1701,2.586251487094605e-05,0.0,legit,0
8006D8710,1702,2.586251487094605e-05,0.0,legit,0
8006EFEA0,1703,2.586251487094605e-05,0.0,legit,0
8006F1090,1704,7.758754461283815e-05,0.0,legit,0
800738530,1705,5.17250297418921e-05,0.0,legit,0
800744AA0,1706,2.586251487094605e-05,0.0,legit,0
800750830,1707,7.758754461283815e-05,3.44842450105608e-08,legit,0
800756820,1708,2.586251487094605e-05,0.0,legit,0
8007586C0,1709,2.586251487094605e-05,0.0,legit,0
80075EB10,1710,2.586251487094605e-05,0.0,legit,0
80076B320,1711,2.586251487094605e-05,0.0,legit,0
80077A140,1712,7.758754461283815e-05,0.0,legit,0
80077A190,1713,2.586251487094605e-05,0.0,legit,0
80077D970,1714,5.17250297418921e-05,0.0,legit,0
8007836F0,1715,5.17250297418921e-05,0.0,legit,0
8007A1790,1716,2.586251487094605e-05,0.0,legit,0
8007B8300,1717,2.586251487094605e-05,0.0,legit,0
8007BA310,1718,2.586251487094605e-05,0.0,legit,0
8007C1170,1719,5.17250297418921e-05,0.0,legit,0
8007E3B90,1720,2.586251487094605e-05,0.0,legit,0
8007E9F80,1721,5.17250297418921e-05,0.0,legit,0
8008029E0,1722,5.17250297418921e-05,0.0,legit,0
800817270,1723,5.17250297418921e-05,0.0,legit,0
80081E4E0,1724,2.586251487094605e-05,0.0,legit,0
80085B070,1725,5.17250297418921e-05,0.0,legit,0
80086B600,1726,2.586251487094605e-05,0.0,legit,0
80088B3E0,1727,2.586251487094605e-05,0.0,legit,0
8008A6210,1728,2.586251487094605e-05,0.0,legit,0
8008B15F0,1729,2.586251487094605e-05,0.0,legit,0
8008B7100,1730,5.17250297418921e-05,0.0,legit,0
8008B9750,1731,5.17250297418921e-05,0.0,legit,0
8008C10E0,1732,2.586251487094605e-05,0.0,legit,0
8008D5A40,1733,2.586251487094605e-05,0.0,legit,0
8008F2C00,1734,2.586251487094605e-05,0.0,legit,0
8008F4030,1735,2.586251487094605e-05,0.0,legit,0
800907760,1736,5.17250297418921e-05,0.0,legit,0
800941E30,1737,2.586251487094605e-05,0.0,legit,0
800953240,1738,2.586251487094605e-05,0.0,legit,0
800965140,1739,2.586251487094605e-05,0.0,legit,0
800994050,1740,5.17250297418921e-05,0.0,legit,0
800998B10,1741,2.586251487094605e-05,0.0,legit,0
8009BE4E0,1742,2.586251487094605e-05,0.0,legit,0
8009CC8B0,1743,2.586251487094605e-05,0.0,legit,0
8009CDCA0,1744,5.17250297418921e-05,0.0,legit,0
8009D6E60,1745,0.0001034500594837842,0.0,legit,0
8009E5A90,1746,5.17250297418921e-05,0.0,legit,0
8009E77A0,1747,2.586251487094605e-05,0.0,legit,0
8009F0F20,1748,2.586251487094605e-05,0.0,legit,0
800A223D0,1749,2.586251487094605e-05,0.0,legit,0
800A2C270,1750,2.586251487094605e-05,0.0,legit,0
800A31CC0,1751,2.586251487094605e-05,0.0,legit,0
800A4B7F0,1752,2.586251487094605e-05,0.0,legit,0
800A57630,1753,5.17250297418921e-05,0.0,legit,0
800A5AFD0,1754,2.586251487094605e-05,0.0,legit,0
800A5F8C0,1755,0.0001034500594837842,0.0,legit,0
800A64DE0,1756,2.586251487094605e-05,0.0,legit,0
800A71F20,1757,5.17250297418921e-05,0.0,legit,0
800A72290,1758,2.586251487094605e-05,0.0,legit,0
800A73670,1759,5.17250297418921e-05,0.0,legit,0
800A74300,12,2.586251487094605e-05,0.0,legit,1
800A94770,1760,2.586251487094605e-05,0.0,legit,0
800AA1B90,1761,2.586251487094605e-05,0.0,legit,0
800AB7400,1762,2.586251487094605e-05,0.0,legit,0
800ADB800,1763,2.586251487094605e-05,0.0,legit,0
800AEB1A0,1764,2.586251487094605e-05,0.0,legit,0
800AFE2F0,1765,2.586251487094605e-05,0.0,legit,0
800B073B0,1766,2.586251487094605e-05,0.0,legit,0
800B093C0,1767,7.758754461283815e-05,0.0,legit,0
800B0AE90,1768,5.17250297418921e-05,0.0,legit,0
800B336B0,1769,5.17250297418921e-05,0.0,legit,0
800B338F0,1770,2.586251487094605e-05,0.0,legit,0
800B3D7C0,1771,2.586251487094605e-05,0.0,legit,0
800B404B0,1772,2.586251487094605e-05,0.0,legit,0
800B42F40,1773,2.586251487094605e-05,0.0,legit,0
800B47B00,1774,2.586251487094605e-05,0.0,legit,0
800B70100,1775,2.586251487094605e-05,0.0,legit,0
800B78210,1776,5.17250297418921e-05,1.72421225052804e-08,legit,0
800B94D00,1777,2.586251487094605e-05,0.0,legit,0
800BA9BD0,1778,2.586251487094605e-05,0.0,legit,0
800BC9B70,537,5.17250297418921e-05,1.72421225052804e-08,legit,1
800BD4E10,1779,0.0001034500594837842,0.0,legit,0
800BD9030,1780,5.17250297418921e-05,0.0,legit,0
800BDB7C0,1781,2.586251487094605e-05,0.0,legit,0
800BDD790,1782,2.586251487094605e-05,0.0,legit,0
800BF8450,1783,5.17250297418921e-05,0.0,legit,0
800C04700,1784,2.586251487094605e-05,0.0,legit,0
800C13700,1785,2.586251487094605e-05,0.0,legit,0
800C142F0,1786,5.17250297418921e-05,0.0,legit,0
800C25940,1787,5.17250297418921e-05,0.0,legit,0
800C46060,1788,2.586251487094605e-05,0.0,legit,0
800C5B060,1789,2.586251487094605e-05,0.0,legit,0
800C677F0,1790,2.586251487094605e-05,0.0,legit,0
800C6EA80,1791,7.758754461283815e-05,0.0,legit,0
800C70B80,1792,2.586251487094605e-05,0.0,legit,0
800C823E0,1793,2.586251487094605e-05,0.0,legit,0
800C9E420,1794,2.586251487094605e-05,0.0,legit,0
800CB23E0,1795,2.586251487094605e-05,0.0,legit,0
800CB2DC0,1796,2.586251487094605e-05,0.0,legit,0
800CBD600,1797,2.586251487094605e-05,0.0,legit,0
800CC4A60,1798,2.586251487094605e-05,0.0,legit,0
800CD5840,1799,2.586251487094605e-05,0.0,legit,0
800CDDD30,1800,5.17250297418921e-05,0.0,legit,0
800CDE960,1801,2.586251487094605e-05,0.0,legit,0
800CDFA90,1802,7.758754461283815e-05,3.44842450105608e-08,legit,0
800CE02A0,1803,7.758754461283815e-05,0.0,legit,0
800CE72B0,1804,5.17250297418921e-05,0.0,legit,0
800CF33A0,1805,2.586251487094605e-05,0.0,legit,0
800CFEDC0,1806,5.17250297418921e-05,0.0,legit,0
800D09500,1807,2.586251487094605e-05,0.0,legit,0
800D0A140,1808,2.586251487094605e-05,0.0,legit,0
800D0C960,1809,2.586251487094605e-05,0.0,legit,0
800D25B70,1810,2.586251487094605e-05,0.0,legit,0
800D47D40,1811,5.17250297418921e-05,0.0,legit,0
800D524C0,1812,5.17250297418921e-05,0.0,legit,0
800D52EB0,1813,2.586251487094605e-05,0.0,legit,0
800D76A60,1814,5.17250297418921e-05,0.0,legit,0
800D7A730,1599,2.586251487094605e-05,0.0,legit,0
800D9F0D0,1815,2.586251487094605e-05,0.0,legit,0
800DDCCE0,1816,2.586251487094605e-05,0.0,legit,0
800DE0BB0,1817,5.17250297418921e-05,0.0,legit,0
800DE7C00,1818,2.586251487094605e-05,0.0,legit,0
800DEC6B0,1819,5.17250297418921e-05,0.0,legit,0
800E164E0,1820,5.17250297418921e-05,0.0,legit,0
800E1BA70,1821,2.586251487094605e-05,0.0,legit,0
800E1F1A0,1822,2.586251487094605e-05,0.0,legit,0
800E25220,1823,2.586251487094605e-05,0.0,legit,0
800E46BE0,1824,2.586251487094605e-05,0.0,legit,0
800E4A2C0,1825,5.17250297418921e-05,0.0,legit,0
800E4E240,1826,2.586251487094605e-05,0.0,legit,0
800E50450,1827,2.586251487094605e-05,0.0,legit,0
800E5A220,1828,5.17250297418921e-05,0.0,legit,0
800E81880,1829,2.586251487094605e-05,0.0,legit,0
800E866B0,1830,2.586251487094605e-05,0.0,legit,0
800E86720,1831,2.586251487094605e-05,0.0,legit,0
800E8C690,1832,2.586251487094605e-05,0.0,legit,0
800EA0930,1833,2.586251487094605e-05,0.0,legit,0
800EC10D0,1834,2.586251487094605e-05,0.0,legit,0
800ECE840,1835,5.17250297418921e-05,0.0,legit,0
800ED8790,1836,2.586251487094605e-05,0.0,legit,0
800F158E0,1837,2.586251487094605e-05,0.0,legit,0
800F39FD0,1838,5.17250297418921e-05,0.0,legit,0
800F45B90,1839,5.17250297418921e-05,1.7253624921894996e-08,legit,0
800F4F360,1840,5.17250297418921e-05,0.0,legit,0
800F60A30,1841,2.586251487094605e-05,0.0,legit,0
800F6BB00,1842,2.586251487094605e-05,0.0,legit,0
800F74BC0,1843,2.586251487094605e-05,0.0,legit,0
800F75730,1844,2.586251487094605e-05,0.0,legit,0
800F7D7B0,1845,2.586251487094605e-05,0.0,legit,0
800F7E750,1846,5.17250297418921e-05,0.0,legit,0
800F8D8F0,1847,2.586251487094605e-05,0.0,legit,0
800F92950,1848,2.586251487094605e-05,0.0,legit,0
800F9AFC0,1849,2.586251487094605e-05,0.0,legit,0
800FA0D60,1850,5.17250297418921e-05,0.0,legit,0
800FB77E0,1851,2.586251487094605e-05,0.0,legit,0
800FBFF00,421,5.17250297418921e-05,1.72421225052804e-08,legit,1
800FD3E50,1852,5.17250297418921e-05,0.0,legit,0
800FDFFA0,1853,2.586251487094605e-05,0.0,legit,0
800FED780,1854,5.17250297418921e-05,0.0,legit,0
800FF9560,1855,5.17250297418921e-05,0.0,legit,0
80100FA20,1856,2.586251487094605e-05,0.0,legit,0
801017580,1857,2.586251487094605e-05,0.0,legit,0
801020C10,1858,2.586251487094605e-05,0.0,legit,0
80103D4C0,1859,5.17250297418921e-05,1.72421225052804e-08,legit,0
80104FD90,1860,2.586251487094605e-05,0.0,legit,0
80106CF50,1861,2.586251487094605e-05,0.0,legit,0
80106D090,1862,5.17250297418921e-05,0.0,legit,0
8010756E0,1863,2.586251487094605e-05,0.0,legit,0
80107C580,1864,2.586251487094605e-05,0.0,legit,0
801099830,1865,2.586251487094605e-05,0.0,legit,0
80109F830,1866,5.17250297418921e-05,1.72421225052804e-08,legit,0
80109FD90,1867,2.586251487094605e-05,0.0,legit,0
8010A1280,1868,2.586251487094605e-05,0.0,legit,0
8010A90A0,1869,2.586251487094605e-05,0.0,legit,0
8010D54F0,1870,2.586251487094605e-05,0.0,legit,0
8010F7410,1871,2.586251487094605e-05,0.0,legit,0
8010FD440,1872,2.586251487094605e-05,0.0,legit,0
8010FE420,1873,2.586251487094605e-05,0.0,legit,0
801101F20,1874,5.17250297418921e-05,0.0,legit,0
801107AA0,1875,2.586251487094605e-05,0.0,legit,0
80111CAA0,1876,2.586251487094605e-05,0.0,legit,0
801148E10,1877,2.586251487094605e-05,0.0,legit,0
8011549D0,1878,2.586251487094605e-05,0.0,legit,0
8011593C0,1879,2.586251487094605e-05,0.0,legit,0
80115B9B0,1880,2.586251487094605e-05,0.0,legit,0
801166E00,1881,2.586251487094605e-05,0.0,legit,0
80116DA00,1882,2.586251487094605e-05,0.0,legit,0
801175E60,1883,2.586251487094605e-05,0.0,legit,0
801183160,1884,2.586251487094605e-05,0.0,legit,0
801188A60,1885,2.586251487094605e-05,0.0,legit,0
801189980,1886,2.586251487094605e-05,0.0,legit,0
80119EDF0,1887,7.758754461283815e-05,0.0,legit,0
8011E2080,1888,2.586251487094605e-05,0.0,legit,0
8011F7BC0,1889,5.17250297418921e-05,0.0,legit,0
801205700,1890,2.586251487094605e-05,0.0,legit,0
80123D000,1891,7.758754461283815e-05,0.0,legit,0
8012471D0,1892,2.586251487094605e-05,0.0,legit,0
8012503E0,1893,5.17250297418921e-05,0.0,legit,0
801253370,1894,2.586251487094605e-05,0.0,legit,0
801263480,1895,2.586251487094605e-05,0.0,legit,0
801264C80,1896,2.586251487094605e-05,0.0,legit,0
801266820,1897,2.586251487094605e-05,0.0,legit,0
80127E410,1898,5.17250297418921e-05,0.0,legit,0
801293040,1899,5.17250297418921e-05,0.0,legit,0
801299D20,1900,2.586251487094605e-05,0.0,legit,0
80129B8E0,1901,2.586251487094605e-05,0.0,legit,0
8012B2E60,1902,2.586251487094605e-05,0.0,legit,0
8012CF4E0,41,7.758754461283815e-05,1.5345489029699558e-05,legit,1
8012D4CB0,1903,2.586251487094605e-05,0.0,legit,0
8012DAFA0,1904,5.17250297418921e-05,0.0,legit,0
8012E6770,1905,2.586251487094605e-05,0.0,legit,0
8012F24F0,1906,5.17250297418921e-05,0.0,legit,0
8012FA8D0,1907,2.586251487094605e-05,0.0,legit,0
801308EC0,1908,5.17250297418921e-05,0.0,legit,0
80132F590,1909,7.758754461283815e-05,3.44842450105608e-08,legit,0
80134B9F0,1910,5.17250297418921e-05,0.0,legit,0
801353EF0,1911,5.17250297418921e-05,0.0,legit,0
80139D280,1912,2.586251487094605e-05,0.0,legit,0
8013A4CE0,1913,2.586251487094605e-05,0.0,legit,0
8013A63D0,1914,2.586251487094605e-05,0.0,legit,0
8013A9C90,1915,2.586251487094605e-05,0.0,legit,0
8013B1940,1916,5.17250297418921e-05,0.0,legit,0
8013B6AD0,1917,2.586251487094605e-05,0.0,legit,0
8013BCED0,1918,2.586251487094605e-05,0.0,legit,0
8013C5870,1919,2.586251487094605e-05,0.0,legit,0
8013CC530,1920,5.17250297418921e-05,0.0,legit,0
8013DDF90,1921,2.586251487094605e-05,0.0,legit,0
8013E85C0,1922,2.586251487094605e-05,0.0,legit,0
8013F60D0,1923,2.586251487094605e-05,0.0,legit,0
8013F73C0,1924,5.17250297418921e-05,0.0,legit,0
8014144C0,1925,5.17250297418921e-05,0.0,legit,0
801430180,1926,2.586251487094605e-05,0.0,legit,0
801446620,1927,2.586251487094605e-05,0.0,legit,0
801466760,1928,2.586251487094605e-05,0.0,legit,0
80146ABB0,1929,5.17250297418921e-05,0.0,legit,0
8014A7AC0,1930,5.17250297418921e-05,0.0,legit,0
8014B03F0,1931,5.17250297418921e-05,0.0,legit,0
8014B1C30,1932,2.586251487094605e-05,0.0,legit,0
8014C07D0,1933,5.17250297418921e-05,0.0,legit,0
8014C22D0,1934,2.586251487094605e-05,0.0,legit,0
8014CD910,1935,5.17250297418921e-05,0.0,legit,0
8014DBE80,1936,5.17250297418921e-05,0.0,legit,0
8014DD8A0,1937,2.586251487094605e-05,0.0,legit,0
8014DFA70,1938,2.586251487094605e-05,0.0,legit,0
8014F0120,1939,2.586251487094605e-05,0.0,legit,0
8014F33E0,1940,2.586251487094605e-05,0.0,legit,0
801501860,1941,2.586251487094605e-05,0.0,legit,0
801534FB0,1942,2.586251487094605e-05,0.0,legit,0
80153B1D0,1943,2.586251487094605e-05,0.0,legit,0
80154AD70,1944,2.586251487094605e-05,0.0,legit,0
801571120,1945,2.586251487094605e-05,0.0,legit,0
801571690,1946,2.586251487094605e-05,0.0,legit,0
801593AC0,1947,5.17250297418921e-05,0.0,legit,0
801596880,1948,5.17250297418921e-05,0.0,legit,0
8015ADA70,1949,5.17250297418921e-05,0.0,legit,0
8015CF450,1950,2.586251487094605e-05,0.0,legit,0
8015CF960,1951,2.586251487094605e-05,0.0,legit,0
8015DD500,1952,0.0001034500594837842,0.0,legit,0
8015F4F40,1953,2.586251487094605e-05,0.0,legit,0
8015F7910,1954,5.17250297418921e-05,0.0,legit,0
8015FFA90,1955,5.17250297418921e-05,0.0,legit,0
801615C10,1956,5.17250297418921e-05,0.0,legit,0
80161AC90,1957,5.17250297418921e-05,0.0,legit,0
801621740,1958,2.586251487094605e-05,0.0,legit,0
8016321B0,1959,2.586251487094605e-05,0.0,legit,0
801633010,1960,5.17250297418921e-05,0.0,legit,0
80163A330,1961,2.586251487094605e-05,0.0,legit,0
80163AFA0,1962,5.17250297418921e-05,0.0,legit,0
8016418F0,1963,5.17250297418921e-05,0.0,legit,0
8016487F0,1964,2.586251487094605e-05,0.0,legit,0
8016929E0,1965,5.17250297418921e-05,0.0,legit,0
801696330,1966,2.586251487094605e-05,0.0,legit,0
8016B7200,1967,2.586251487094605e-05,0.0,legit,0
8016B9C20,1968,2.586251487094605e-05,0.0,legit,0
8016F8E10,1969,2.586251487094605e-05,0.0,legit,0
8016FBA80,1970,5.17250297418921e-05,0.0,legit,0
80170ABF0,1971,5.17250297418921e-05,0.0,legit,0
801715790,1972,2.586251487094605e-05,0.0,legit,0
801724320,1973,5.17250297418921e-05,1.72421225052804e-08,legit,0
80172D030,1974,2.586251487094605e-05,0.0,legit,0
801734260,1975,2.586251487094605e-05,0.0,legit,0
80175F070,1976,2.586251487094605e-05,0.0,legit,0
801767441,1977,5.17250297418921e-05,0.0,legit,0
801776DE0,1978,2.586251487094605e-05,0.0,legit,0
80177B710,1979,2.586251487094605e-05,0.0,legit,0
80177BD40,1980,5.17250297418921e-05,0.0,legit,0
801780F60,1981,2.586251487094605e-05,0.0,legit,0
8017A1950,1982,2.586251487094605e-05,0.0,legit,0
8017A3170,1983,2.586251487094605e-05,0.0,legit,0
8017ABF80,1984,2.586251487094605e-05,0.0,legit,0
8017C1E50,1985,5.17250297418921e-05,0.0,legit,0
8017D57B0,1986,5.17250297418921e-05,1.7253624921894996e-08,legit,0
8017D6860,1987,5.17250297418921e-05,0.0,legit,0
8017E64E0,1988,5.17250297418921e-05,0.0,legit,0
8017EC820,1989,7.758754461283815e-05,0.0,legit,0
80181C970,1990,5.17250297418921e-05,0.0,legit,0
8018414D0,1991,2.586251487094605e-05,0.0,legit,0
80184C8C0,1992,2.586251487094605e-05,0.0,legit,0
801854030,1993,2.586251487094605e-05,0.0,legit,0
801854A60,1994,2.586251487094605e-05,0.0,legit,0
8018773C0,1995,2.586251487094605e-05,0.0,legit,0
80187D190,1996,2.586251487094605e-05,0.0,legit,0
80188E060,1997,2.586251487094605e-05,0.0,legit,0
80188F350,1998,5.17250297418921e-05,0.0,legit,0
801892040,1999,2.586251487094605e-05,0.0,legit,0
8018925C0,2000,2.586251487094605e-05,0.0,legit,0
801894C20,2001,7.758754461283815e-05,0.0,legit,0
8018B1F50,2002,2.586251487094605e-05,0.0,legit,0
8018C9360,2003,2.586251487094605e-05,0.0,legit,0
8018C9820,2004,2.586251487094605e-05,0.0,legit,0
8018D9260,2005,2.586251487094605e-05,0.0,legit,0
8018DE490,2006,2.586251487094605e-05,0.0,legit,0
8018E0660,2007,2.586251487094605e-05,0.0,legit,0
8018E94A0,2008,5.17250297418921e-05,0.0,legit,0
801901060,2009,5.17250297418921e-05,0.0,legit,0
8019062A0,2010,2.586251487094605e-05,0.0,legit,0
801912740,2011,2.586251487094605e-05,0.0,legit,0
80191CFD0,2012,5.17250297418921e-05,0.0,legit,0
801920EB0,2013,5.17250297418921e-05,0.0,legit,0
801922B90,2014,5.17250297418921e-05,0.0,legit,0
80192AA70,2015,2.586251487094605e-05,0.0,legit,0
80192BD10,2016,2.586251487094605e-05,0.0,legit,0
801959CB0,2017,5.17250297418921e-05,0.0,legit,0
8019718D0,2018,5.17250297418921e-05,0.0,legit,0
80199D5B0,2019,5.17250297418921e-05,0.0,legit,0
8019BEF80,2020,5.17250297418921e-05,0.0,legit,0
8019C1470,2021,2.586251487094605e-05,0.0,legit,0
8019EB130,2022,2.586251487094605e-05,0.0,legit,0
8019F8AD0,2023,2.586251487094605e-05,0.0,legit,0
801A026E0,2024,2.586251487094605e-05,0.0,legit,0
801A05D90,2025,2.586251487094605e-05,0.0,legit,0
801A19DB0,2026,2.586251487094605e-05,0.0,legit,0
801A2ACD0,2027,2.586251487094605e-05,0.0,legit,0
801A3DA10,1312,5.17250297418921e-05,0.0,legit,1
801A441D0,2028,2.586251487094605e-05,0.0,legit,0
801A506E0,2029,5.17250297418921e-05,0.0,legit,0
801A59560,2030,5.17250297418921e-05,0.0,legit,0
801A66A10,2031,2.586251487094605e-05,0.0,legit,0
801A75480,2032,2.586251487094605e-05,0.0,legit,0
801A863A0,2033,2.586251487094605e-05,0.0,legit,0
801A8F2F0,2034,7.758754461283815e-05,0.0,legit,0
801A92D30,2035,2.586251487094605e-05,0.0,legit,0
801A9B920,2036,2.586251487094605e-05,0.0,legit,0
801A9DD90,2037,2.586251487094605e-05,0.0,legit,0
801AACAF0,2038,2.586251487094605e-05,0.0,legit,0
801AB7310,2039,2.586251487094605e-05,0.0,legit,0
801ACA900,2040,2.586251487094605e-05,0.0,legit,0
801ACC770,2041,2.586251487094605e-05,0.0,legit,0
801AE5AD1,2042,2.586251487094605e-05,0.0,legit,0
801AF0330,2043,2.586251487094605e-05,0.0,legit,0
801AF5050,2044,2.586251487094605e-05,0.0,legit,0
801AFFC40,2045,5.17250297418921e-05,1.72421225052804e-08,legit,0
801B0F3F0,2046,2.586251487094605e-05,0.0,legit,0
801B289B0,2047,2.586251487094605e-05,0.0,legit,0
801B31200,2048,2.586251487094605e-05,0.0,legit,0
801B4EB50,2049,5.17250297418921e-05,0.0,legit,0
801B5BD50,2050,2.586251487094605e-05,0.0,legit,0
801B5CC40,2051,2.586251487094605e-05,0.0,legit,0
801B675C0,507,5.17250297418921e-05,0.0,legit,0
801B67AF0,2052,2.586251487094605e-05,0.0,legit,0
801B67C80,2053,2.586251487094605e-05,0.0,legit,0
801B7B1F0,2054,2.586251487094605e-05,0.0,legit,0
801B7D820,2055,7.758754461283815e-05,0.0,legit,0
801B9FB50,2056,2.586251487094605e-05,0.0,legit,0
801BABA30,2057,2.586251487094605e-05,0.0,legit,0
801BAF770,2058,2.586251487094605e-05,0.0,legit,0
801BB73E0,2059,5.17250297418921e-05,0.0,legit,0
801BBFD00,2060,2.586251487094605e-05,0.0,legit,0
801BCC280,2061,2.586251487094605e-05,0.0,legit,0
801BDF030,2062,5.17250297418921e-05,0.0,legit,0
801BE47A0,2063,2.586251487094605e-05,0.0,legit,0
801BF6E80,2064,2.586251487094605e-05,0.0,legit,0
801C1B5E0,2065,2.586251487094605e-05,0.0,legit,0
801C38710,193,7.758754461283815e-05,0.00021430234061813017,legit,1
801C449C0,2066,2.586251487094605e-05,0.0,legit,0
801C5FD40,2067,5.17250297418921e-05,0.0,legit,0
801C6E4F0,2068,2.586251487094605e-05,0.0,legit,0
801C72220,2069,2.586251487094605e-05,0.0,legit,0
801C746D0,2070,2.586251487094605e-05,0.0,legit,0
801C821E0,2071,2.586251487094605e-05,0.0,legit,0
801C91FF0,2072,2.586251487094605e-05,0.0,legit,0
801CA5D90,2073,2.586251487094605e-05,0.0,legit,0
801CAA440,2074,5.17250297418921e-05,0.0,legit,0
801CB94B0,2075,2.586251487094605e-05,0.0,legit,0
801CBD380,2076,2.586251487094605e-05,0.0,legit,0
801CCCAC0,2077,2.586251487094605e-05,0.0,legit,0
801CDE360,2078,5.17250297418921e-05,0.0,legit,0
801CE8EF0,2079,2.586251487094605e-05,0.0,legit,0
801CED2B0,2080,2.586251487094605e-05,0.0,legit,0
801D038F0,2081,2.586251487094605e-05,0.0,legit,0
801D05F40,2082,2.586251487094605e-05,0.0,legit,0
801D09660,2083,2.586251487094605e-05,0.0,legit,0
801D0B0C0,2084,5.17250297418921e-05,0.0,legit,0
801D17140,2085,2.586251487094605e-05,0.0,legit,0
801D1BA10,2086,0.0001034500594837842,0.0,legit,0
801D2A930,2087,2.586251487094605e-05,0.0,legit,0
801D358D0,2088,2.586251487094605e-05,0.0,legit,0
801D3EBC0,2089,5.17250297418921e-05,0.0,legit,0
801D442F0,2090,5.17250297418921e-05,0.0,legit,0
801D60BE0,2091,2.586251487094605e-05,0.0,legit,0
801D68D50,2092,2.586251487094605e-05,0.0,legit,0
801D6B0A0,2093,2.586251487094605e-05,0.0,legit,0
801D86300,2094,2.586251487094605e-05,0.0,legit,0
801DB1280,2095,2.586251487094605e-05,0.0,legit,0
801DB94F0,2096,2.586251487094605e-05,0.0,legit,0
801DEE800,2097,5.17250297418921e-05,0.0,legit,0
801DF04B0,2098,2.586251487094605e-05,0.0,legit,0
801DF2B90,2099,7.758754461283815e-05,0.0,legit,0
801E06100,2100,2.586251487094605e-05,0.0,legit,0
801E0FE80,2101,2.586251487094605e-05,0.0,legit,0
801E14C80,2102,5.17250297418921e-05,0.0,legit,0
801E2D730,2103,2.586251487094605e-05,0.0,legit,0
801E548A0,2104,5.17250297418921e-05,0.0,legit,0
801E58990,2105,5.17250297418921e-05,0.0,legit,0
801E669A0,2106,2.586251487094605e-05,0.0,legit,0
801E6F010,2107,2.586251487094605e-05,0.0,legit,0
801E85E00,2108,5.17250297418921e-05,0.0,legit,0
801E908A0,2109,5.17250297418921e-05,1.72421225052804e-08,legit,0
801EA3320,2110,2.586251487094605e-05,0.0,legit,0
801EB3ED0,2111,2.586251487094605e-05,0.0,legit,0
801EBF280,2112,5.17250297418921e-05,0.0,legit,0
801ECA740,2113,2.586251487094605e-05,0.0,legit,0
801EFC570,2114,2.586251487094605e-05,0.0,legit,0
801F0E440,2115,2.586251487094605e-05,0.0,legit,0
801F22190,2116,5.17250297418921e-05,0.0,legit,0
801F26910,2117,5.17250297418921e-05,0.0,legit,0
801F51CF0,2118,2.586251487094605e-05,0.0,legit,0
801F5F550,2119,2.586251487094605e-05,0.0,legit,0
801F662C0,2120,7.758754461283815e-05,0.0,legit,0
801F7E8A0,2121,2.586251487094605e-05,0.0,legit,0
801F89D90,2122,2.586251487094605e-05,0.0,legit,0
801F9DAD0,2123,2.586251487094605e-05,0.0,legit,0
801F9EC60,2124,0.0001034500594837842,0.0,legit,0
801F9EEC0,2125,2.586251487094605e-05,0.0,legit,0
801FC0C00,2126,2.586251487094605e-05,0.0,legit,0
801FC2670,2127,5.17250297418921e-05,0.0,legit,0
801FE6CE0,2128,2.586251487094605e-05,0.0,legit,0
801FEFCE0,2129,2.586251487094605e-05,0.0,legit,0
80200DA90,2130,5.17250297418921e-05,0.0,legit,0
802010A30,2131,2.586251487094605e-05,0.0,legit,0
802011290,2132,2.586251487094605e-05,0.0,legit,0
80201AF70,2133,2.586251487094605e-05,0.0,legit,0
80201F820,2134,5.17250297418921e-05,0.0,legit,0
802020480,2135,7.758754461283815e-05,0.0,legit,0
8020246B0,2136,2.586251487094605e-05,0.0,legit,0
8020316A0,2137,5.17250297418921e-05,0.0,legit,0
8020364B0,2138,5.17250297418921e-05,0.0,legit,0
802040A30,2139,2.586251487094605e-05,0.0,legit,0
802041620,2140,0.0001034500594837842,5.17263675158412e-08,legit,0
8020422A0,2141,2.586251487094605e-05,0.0,legit,0
8020687A0,2142,2.586251487094605e-05,0.0,legit,0
80206A100,2143,5.17250297418921e-05,0.0,legit,0
80206AEC0,2144,2.586251487094605e-05,0.0,legit,0
80206CBA0,2145,5.17250297418921e-05,0.0,legit,0
80207E690,2146,2.586251487094605e-05,0.0,legit,0
802085580,2147,2.586251487094605e-05,0.0,legit,0
80209A4D0,2148,2.586251487094605e-05,0.0,legit,0
8020B72A0,2149,2.586251487094605e-05,0.0,legit,0
8020B8F80,2150,5.17250297418921e-05,0.0,legit,0
8020C01A0,2151,2.586251487094605e-05,0.0,legit,0
8020CB830,2152,2.586251487094605e-05,0.0,legit,0
8020D1070,2153,2.586251487094605e-05,0.0,legit,0
8020D9DC0,2154,5.17250297418921e-05,0.0,legit,0
8020E48C0,2155,7.758754461283815e-05,0.0,legit,0
802103820,2156,2.586251487094605e-05,0.0,legit,0
802115690,2157,2.586251487094605e-05,0.0,legit,0
802116620,2158,5.17250297418921e-05,0.0,legit,0
802124F10,2159,5.17250297418921e-05,0.0,legit,0
802127C60,2160,2.586251487094605e-05,0.0,legit,0
802145DD0,2161,7.758754461283815e-05,0.0,legit,0
80214C9B0,2162,2.586251487094605e-05,0.0,legit,0
802165661,2163,2.586251487094605e-05,0.0,legit,0
802186350,2164,5.17250297418921e-05,0.0,legit,0
8021888F0,2165,2.586251487094605e-05,0.0,legit,0
80219F6C0,2166,2.586251487094605e-05,0.0,legit,0
8021A9B00,2167,2.586251487094605e-05,0.0,legit,0
8021C3690,2168,2.586251487094605e-05,0.0,legit,0
8021CA850,2169,2.586251487094605e-05,0.0,legit,0
8021D9180,2170,2.586251487094605e-05,0.0,legit,0
8021F9D90,2171,2.586251487094605e-05,0.0,legit,0
8021FB030,2172,5.17250297418921e-05,0.0,legit,0
8022047F0,2173,2.586251487094605e-05,0.0,legit,0
802210A20,2174,5.17250297418921e-05,0.0,legit,0
8022315D0,2175,7.758754461283815e-05,0.0,legit,0
802256840,2176,5.17250297418921e-05,0.0,legit,0
80225E380,2177,7.758754461283815e-05,0.0,legit,0
802261D00,2178,2.586251487094605e-05,0.0,legit,0
802273890,2179,5.17250297418921e-05,0.0,legit,0
80227CE30,2180,5.17250297418921e-05,0.0,legit,0
80228C4E0,2181,2.586251487094605e-05,0.0,legit,0
8022A3210,2182,5.17250297418921e-05,0.0,legit,0
8022BE080,36,5.17250297418921e-05,0.00020664683822578552,legit,1
8022D3C80,2183,7.758754461283815e-05,0.0,legit,0
8022EF4B0,2184,7.758754461283815e-05,0.0,legit,0
8022FF370,2185,5.17250297418921e-05,0.0,legit,0
802305B60,2186,2.586251487094605e-05,0.0,legit,0
802307A50,2187,5.17250297418921e-05,0.0,legit,0
80231A320,2188,2.586251487094605e-05,0.0,legit,0
80231CAA0,2189,5.17250297418921e-05,1.72421225052804e-08,legit,0
8023234A0,2190,5.17250297418921e-05,0.0,legit,0
802336C60,2191,2.586251487094605e-05,0.0,legit,0
8023401B0,2192,2.586251487094605e-05,0.0,legit,0
8023637A0,2193,2.586251487094605e-05,0.0,legit,0
802397530,2194,2.586251487094605e-05,0.0,legit,0
80239D5A0,2195,2.586251487094605e-05,0.0,legit,0
8023A43A0,2196,2.586251487094605e-05,0.0,legit,0
8023AFA50,2197,2.586251487094605e-05,0.0,legit,0
8023B0A20,2198,5.17250297418921e-05,0.0,legit,0
8023C83B0,2199,5.17250297418921e-05,0.0,legit,0
8023C9370,2200,5.17250297418921e-05,0.0,legit,0
8023DC4D0,2201,2.586251487094605e-05,0.0,legit,0
8023FDF90,2202,2.586251487094605e-05,0.0,legit,0
802401C50,2203,2.586251487094605e-05,0.0,legit,0
80241EFA0,2204,2.586251487094605e-05,0.0,legit,0
802429C10,2205,5.17250297418921e-05,0.0,legit,0
802438EA0,2206,2.586251487094605e-05,0.0,legit,0
80244B3F0,2207,7.758754461283815e-05,0.0,legit,0
80244CCC0,2208,2.586251487094605e-05,0.0,legit,0
80245B990,2209,5.17250297418921e-05,0.0,legit,0
80245C230,2210,2.586251487094605e-05,0.0,legit,0
80246E2C0,2211,2.586251487094605e-05,0.0,legit,0
80248C6C0,2212,5.17250297418921e-05,0.0,legit,0
802496150,2213,2.586251487094605e-05,0.0,legit,0
8024A2830,2214,5.17250297418921e-05,1.72421225052804e-08,legit,0
8024AF630,2215,2.586251487094605e-05,0.0,legit,0
8024B0D70,2216,0.00012931257435473025,6.89684900211216e-08,legit,0
8024C8020,2217,2.586251487094605e-05,0.0,legit,0
8024CF0D0,2218,2.586251487094605e-05,0.0,legit,0
8024D0E20,2219,2.586251487094605e-05,0.0,legit,0
8024D1380,2220,5.17250297418921e-05,0.0,legit,0
8024DB6A0,2221,5.17250297418921e-05,0.0,legit,0
8024EC660,2222,2.586251487094605e-05,0.0,legit,0
8024F9990,2223,5.17250297418921e-05,0.0,legit,0
802513740,2224,2.586251487094605e-05,0.0,legit,0
8025215F0,2225,5.17250297418921e-05,1.72421225052804e-08,legit,0
802541FF0,2226,2.586251487094605e-05,0.0,legit,0
802554A40,2227,2.586251487094605e-05,0.0,legit,0
80255FED0,2228,2.586251487094605e-05,0.0,legit,0
802587AC0,2229,7.758754461283815e-05,0.0,legit,0
802594900,2230,2.586251487094605e-05,0.0,legit,0
802596E20,2231,5.17250297418921e-05,0.0,legit,0
802599E00,2232,5.17250297418921e-05,0.0,legit,0
80259DF20,2233,5.17250297418921e-05,0.0,legit,0
80259ED80,2234,2.586251487094605e-05,0.0,legit,0
8025AF9F0,2235,5.17250297418921e-05,0.0,legit,0
8025B8DE0,2236,2.586251487094605e-05,0.0,legit,0
8025CFF40,2237,5.17250297418921e-05,0.0,legit,0
8025D3BA0,2238,2.586251487094605e-05,0.0,legit,0
8025D3E70,2239,2.586251487094605e-05,0.0,legit,0
8025EEE00,2240,2.586251487094605e-05,0.0,legit,0
802604BF0,2241,2.586251487094605e-05,0.0,legit,0
8026134A0,2242,2.586251487094605e-05,0.0,legit,0
802621840,2243,2.586251487094605e-05,0.0,legit,0
802628A10,2244,2.586251487094605e-05,0.0,legit,0
802639A30,2245,5.17250297418921e-05,1.72421225052804e-08,legit,0
802641570,2246,2.586251487094605e-05,0.0,legit,0
802643B60,2247,2.586251487094605e-05,0.0,legit,0
80265E050,2248,2.586251487094605e-05,0.0,legit,0
8026622A0,2249,5.17250297418921e-05,0.0,legit,0
802668F00,2250,2.586251487094605e-05,0.0,legit,0
80266F640,2251,2.586251487094605e-05,0.0,legit,0
802680CA0,2252,5.17250297418921e-05,0.0,legit,0
802698E00,2253,7.758754461283815e-05,0.0,legit,0
80269F230,2254,2.586251487094605e-05,0.0,legit,0
8026B3120,2255,2.586251487094605e-05,0.0,legit,0
8026E4970,2256,2.586251487094605e-05,0.0,legit,0
8026E8840,2257,2.586251487094605e-05,0.0,legit,0
8026FDB00,2258,5.17250297418921e-05,0.0,legit,0
802718170,2259,5.17250297418921e-05,0.0,legit,0
802718920,2260,2.586251487094605e-05,0.0,legit,0
802719FE0,2261,2.586251487094605e-05,0.0,legit,0
80271F040,2262,5.17250297418921e-05,0.0,legit,0
80273AE60,2263,7.758754461283815e-05,0.0,legit,0
80274F1C0,2264,7.758754461283815e-05,0.0,legit,0
8027564D0,2265,2.586251487094605e-05,0.0,legit,0
8027569C0,2266,2.586251487094605e-05,0.0,legit,0
802768B10,2267,2.586251487094605e-05,0.0,legit,0
802779420,2268,7.758754461283815e-05,0.0,legit,0
802789100,2269,2.586251487094605e-05,0.0,legit,0
80278F8C0,2270,2.586251487094605e-05,0.0,legit,0
80279C5F0,2271,5.17250297418921e-05,0.0,legit,0
80279E200,2272,5.17250297418921e-05,0.0,legit,0
8027A2950,2273,7.758754461283815e-05,0.0,legit,0
8027A8630,2274,2.586251487094605e-05,0.0,legit,0
8027A8940,2275,7.758754461283815e-05,0.0,legit,0
8027B3EE0,2276,5.17250297418921e-05,1.72421225052804e-08,legit,0
8027B7730,2277,0.0001034500594837842,0.0,legit,0
8027BBEF0,2278,2.586251487094605e-05,0.0,legit,0
8027D23B0,2279,2.586251487094605e-05,0.0,legit,0
8027D9DA0,176,5.17250297418921e-05,7.672744514849779e-06,legit,1
80280D4E0,2280,2.586251487094605e-05,0.0,legit,0
802812570,2281,5.17250297418921e-05,0.0,legit,0
8028257F0,2282,2.586251487094605e-05,0.0,legit,0
80282F570,2283,2.586251487094605e-05,0.0,legit,0
80283CC40,2284,2.586251487094605e-05,0.0,legit,0
802843EF0,2285,5.17250297418921e-05,0.0,legit,0
802848150,2286,2.586251487094605e-05,0.0,legit,0
80284FA50,2287,2.586251487094605e-05,0.0,legit,0
802863790,2288,2.586251487094605e-05,0.0,legit,0
80286B920,2289,2.586251487094605e-05,0.0,legit,0
802870100,2290,5.17250297418921e-05,0.0,legit,0
80287E1E0,2291,2.586251487094605e-05,0.0,legit,0
802886280,2292,5.17250297418921e-05,0.0,legit,0
802890E90,2293,5.17250297418921e-05,1.72421225052804e-08,legit,0
8028A5E60,2294,5.17250297418921e-05,0.0,legit,0
8028A7B30,2295,5.17250297418921e-05,0.0,legit,0
8028B6BE0,2296,2.586251487094605e-05,0.0,legit,0
8028BC290,2297,2.586251487094605e-05,0.0,legit,0
8028C67A0,2298,2.586251487094605e-05,0.0,legit,0
8028CD830,2299,2.586251487094605e-05,0.0,legit,0
8028CE6A0,2300,5.17250297418921e-05,0.0,legit,0
8028D0E60,2301,2.586251487094605e-05,0.0,legit,0
8028DA430,2302,2.586251487094605e-05,0.0,legit,0
8028DB7B0,2303,2.586251487094605e-05,0.0,legit,0
8028DE5F0,2304,5.17250297418921e-05,0.0,legit,0
8028E7870,2305,2.586251487094605e-05,0.0,legit,0
8028F3760,2306,5.17250297418921e-05,0.0,legit,0
8028F5A80,2307,2.586251487094605e-05,0.0,legit,0
80290E630,2308,2.586251487094605e-05,0.0,legit,0
80292BCE0,2309,5.17250297418921e-05,1.72421225052804e-08,legit,0
80293CCB0,2310,2.586251487094605e-05,0.0,legit,0
802966A90,2311,2.586251487094605e-05,0.0,legit,0
8029677D0,2312,2.586251487094605e-05,0.0,legit,0
80296BC30,2313,5.17250297418921e-05,0.0,legit,0
80296E150,2314,5.17250297418921e-05,0.0,legit,0
802984380,2315,2.586251487094605e-05,0.0,legit,0
80299B2B0,2316,2.586251487094605e-05,0.0,legit,0
80299BC20,2317,2.586251487094605e-05,0.0,legit,0
80299DCA0,2318,2.586251487094605e-05,0.0,legit,0
8029A86B0,2319,2.586251487094605e-05,0.0,legit,0
8029B0790,2320,7.758754461283815e-05,0.0,legit,0
8029CC090,2321,2.586251487094605e-05,0.0,legit,0
8029CD4F0,2322,2.586251487094605e-05,0.0,legit,0
8029D58E0,2323,2.586251487094605e-05,0.0,legit,0
8029DBA60,2324,5.17250297418921e-05,0.0,legit,0
8029DECD0,2325,2.586251487094605e-05,0.0,legit,0
8029EB290,2326,2.586251487094605e-05,0.0,legit,0
8029F78D0,2327,7.758754461283815e-05,0.0,legit,0
8029FC280,2328,5.17250297418921e-05,0.0,legit,0
802A0AD00,2329,5.17250297418921e-05,0.0,legit,0
802A0E710,2330,2.586251487094605e-05,0.0,legit,0
802A0F1F0,2331,2.586251487094605e-05,0.0,legit,0
802A11200,2332,2.586251487094605e-05,0.0,legit,0
802A432C0,2333,5.17250297418921e-05,0.0,legit,0
802A4F0C0,2334,2.586251487094605e-05,0.0,legit,0
802A527F0,2335,2.586251487094605e-05,0.0,legit,0
802A54030,2336,2.586251487094605e-05,0.0,legit,0
802A599B0,2337,2.586251487094605e-05,0.0,legit,0
802A65590,2338,2.586251487094605e-05,0.0,legit,0
802A75EE0,2339,5.17250297418921e-05,0.0,legit,0
802A96EF0,2340,2.586251487094605e-05,0.0,legit,0
802A991A0,2341,2.586251487094605e-05,0.0,legit,0
802AA1460,2342,2.586251487094605e-05,0.0,legit,0
802AA4310,2343,2.586251487094605e-05,0.0,legit,0
802AB9D60,2344,2.586251487094605e-05,0.0,legit,0
802AF0D60,2345,5.17250297418921e-05,0.0,legit,0
802AF39A0,2346,2.586251487094605e-05,0.0,legit,0
802B077F0,2347,5.17250297418921e-05,0.0,legit,0
802B07D90,2348,5.17250297418921e-05,0.0,legit,0
802B22BB0,2349,7.758754461283815e-05,0.0,legit,0
802B2ACA0,2350,5.17250297418921e-05,0.0,legit,0
802B30F20,2351,2.586251487094605e-05,0.0,legit,0
802B330C0,2352,2.586251487094605e-05,0.0,legit,0
802B3F6C0,2353,5.17250297418921e-05,0.0,legit,0
802B45660,2354,0.0001034500594837842,0.0,legit,0
802B4E730,2355,2.586251487094605e-05,0.0,legit,0
802B60EB0,2356,5.17250297418921e-05,0.0,legit,0
802B67420,2357,5.17250297418921e-05,0.0,legit,0
802B6F780,2358,2.586251487094605e-05,0.0,legit,0
802B82940,2359,2.586251487094605e-05,0.0,legit,0
802B879D0,2360,7.758754461283815e-05,0.0,legit,0
802BAE3F0,2361,5.17250297418921e-05,0.0,legit,0
802BBA2E0,2362,5.17250297418921e-05,0.0,legit,0
802BCBEA0,2363,5.17250297418921e-05,0.0,legit,0
802BDC010,2364,2.586251487094605e-05,0.0,legit,0
802BE1AD0,2365,5.17250297418921e-05,0.0,legit,0
802BF39C0,2366,2.586251487094605e-05,0.0,legit,0
802BFE740,2367,2.586251487094605e-05,0.0,legit,0
802C13DD0,2368,2.586251487094605e-05,0.0,legit,0
802C209B0,2369,2.586251487094605e-05,0.0,legit,0
802C30D70,2370,5.17250297418921e-05,0.0,legit,0
802C37C90,2371,2.586251487094605e-05,0.0,legit,0
802C45620,2372,2.586251487094605e-05,0.0,legit,0
802C4D3E0,2373,2.586251487094605e-05,0.0,legit,0
802C4EE10,2374,5.17250297418921e-05,0.0,legit,0
802C60870,2375,7.758754461283815e-05,0.0,legit,0
802C755A0,2376,2.586251487094605e-05,0.0,legit,0
802C8A4B0,2377,2.586251487094605e-05,0.0,legit,0
802C928F0,2378,2.586251487094605e-05,0.0,legit,0
802CC3430,2379,2.586251487094605e-05,0.0,legit,0
802CDB510,2380,2.586251487094605e-05,0.0,legit,0
802CE3AC0,2381,2.586251487094605e-05,0.0,legit,0
802CF6600,2382,7.758754461283815e-05,0.0,legit,0
802D08BA0,2383,2.586251487094605e-05,0.0,legit,0
802D1E090,2384,2.586251487094605e-05,0.0,legit,0
802D20100,2385,5.17250297418921e-05,0.0,legit,0
802D32070,2386,5.17250297418921e-05,0.0,legit,0
802D3A750,2387,2.586251487094605e-05,0.0,legit,0
802D3CD20,2388,2.586251487094605e-05,0.0,legit,0
802D3D780,2389,5.17250297418921e-05,0.0,legit,0
802D43560,2390,0.0001034500594837842,0.0,legit,0
802D49470,2391,2.586251487094605e-05,0.0,legit,0
802D5AF40,2392,2.586251487094605e-05,0.0,legit,0
802D70E30,2393,5.17250297418921e-05,0.0,legit,0
802D717E0,2394,2.586251487094605e-05,0.0,legit,0
802D742C0,2395,2.586251487094605e-05,0.0,legit,0
802D99CD0,2396,5.17250297418921e-05,0.0,legit,0
802D9E8B0,2397,2.586251487094605e-05,0.0,legit,0
802DB8E50,2398,2.586251487094605e-05,0.0,legit,0
802DF6B40,2399,2.586251487094605e-05,0.0,legit,0
802DF87E0,2400,5.17250297418921e-05,0.0,legit,0
802DFF280,2401,5.17250297418921e-05,0.0,legit,0
802DFFC10,2402,5.17250297418921e-05,0.0,legit,0
802E08350,2403,2.586251487094605e-05,0.0,legit,0
802E09360,2404,2.586251487094605e-05,0.0,legit,0
802E10560,2405,7.758754461283815e-05,3.44842450105608e-08,legit,0
802E138C0,2406,2.586251487094605e-05,0.0,legit,0
802E23180,2407,2.586251487094605e-05,0.0,legit,0
802E25160,2408,2.586251487094605e-05,0.0,legit,0
802E32A30,2409,5.17250297418921e-05,0.0,legit,0
802E47F50,578,7.758754461283815e-05,0.0,legit,0
802E51F60,2410,2.586251487094605e-05,0.0,legit,0
802E54CB0,2411,2.586251487094605e-05,0.0,legit,0
802E59930,2412,5.17250297418921e-05,0.0,legit,0
802E678D0,2413,2.586251487094605e-05,0.0,legit,0
802E6E570,2414,5.17250297418921e-05,0.0,legit,0
802E7E700,2415,5.17250297418921e-05,0.0,legit,0
802E7F4F0,2416,5.17250297418921e-05,0.0,legit,0
802E88250,2417,5.17250297418921e-05,0.0,legit,0
802E89D60,2418,2.586251487094605e-05,0.0,legit,0
802E8DA10,2419,7.758754461283815e-05,0.0,legit,0
802EB5FA0,2420,7.758754461283815e-05,3.44842450105608e-08,legit,0
802EBA1B0,2421,5.17250297418921e-05,0.0,legit,0
802EBD9A0,2422,2.586251487094605e-05,0.0,legit,0
802EECEB0,2423,2.586251487094605e-05,0.0,legit,0
802EF29F0,2424,2.586251487094605e-05,0.0,legit,0
802EFC520,2425,2.586251487094605e-05,0.0,legit,0
802EFD2A0,2426,7.758754461283815e-05,0.0,legit,0
802F15380,2427,2.586251487094605e-05,0.0,legit,0
802F1A020,2428,2.586251487094605e-05,0.0,legit,0
802F22FA0,2429,2.586251487094605e-05,0.0,legit,0
802F2B6F0,2430,5.17250297418921e-05,0.0,legit,0
802F2BD10,2431,2.586251487094605e-05,0.0,legit,0
802F3FE00,2432,2.586251487094605e-05,0.0,legit,0
802F63740,2433,2.586251487094605e-05,0.0,legit,0
802F737D0,2434,2.586251487094605e-05,0.0,legit,0
802F74D10,2435,2.586251487094605e-05,0.0,legit,0
802F80A50,2436,2.586251487094605e-05,0.0,legit,0
802F80CD0,2437,5.17250297418921e-05,0.0,legit,0
802FA3F50,2438,2.586251487094605e-05,0.0,legit,0
802FBF480,2439,2.586251487094605e-05,0.0,legit,0
802FC3430,2440,2.586251487094605e-05,0.0,legit,0
802FC5060,2441,2.586251487094605e-05,0.0,legit,0
802FC6650,2442,2.586251487094605e-05,0.0,legit,0
802FCC4A0,2443,2.586251487094605e-05,0.0,legit,0
802FD07D0,2444,2.586251487094605e-05,0.0,legit,0
802FD8DF0,2445,2.586251487094605e-05,0.0,legit,0
802FF9A20,1589,2.586251487094605e-05,0.0,legit,0
803001120,2446,2.586251487094605e-05,0.0,legit,0
80300A9F0,2447,5.17250297418921e-05,0.0,legit,0
803011030,2448,2.586251487094605e-05,0.0,legit,0
803012930,2449,2.586251487094605e-05,0.0,legit,0
803030C10,2450,2.586251487094605e-05,0.0,legit,0
803032EE0,2451,2.586251487094605e-05,0.0,legit,0
803035B70,2452,5.17250297418921e-05,0.0,legit,0
803039180,2453,2.586251487094605e-05,0.0,legit,0
803049F80,2454,2.586251487094605e-05,0.0,legit,0
80304CDB0,2455,2.586251487094605e-05,0.0,legit,0
803056110,2456,5.17250297418921e-05,0.0,legit,0
80305CE30,2457,5.17250297418921e-05,0.0,legit,0
803063250,2458,5.17250297418921e-05,0.0,legit,0
80308C670,2459,7.758754461283815e-05,0.0,legit,0
8030980F0,2460,5.17250297418921e-05,0.0,legit,0
8030ADF20,2461,2.586251487094605e-05,0.0,legit,0
8030BFCA0,2462,5.17250297418921e-05,0.0,legit,0
8030CCC10,2463,7.758754461283815e-05,0.0,legit,0
8030D1290,2464,2.586251487094605e-05,0.0,legit,0
8030D6050,2465,5.17250297418921e-05,0.0,legit,0
8030F7030,2466,5.17250297418921e-05,0.0,legit,0
8030FE4F0,2467,2.586251487094605e-05,0.0,legit,0
803102720,2468,5.17250297418921e-05,0.0,legit,0
803112740,2469,7.758754461283815e-05,0.0,legit,0
803113EB0,2470,5.17250297418921e-05,0.0,legit,0
803114F60,2471,2.586251487094605e-05,0.0,legit,0
80311BFF0,2472,2.586251487094605e-05,0.0,legit,0
80312C130,2473,2.586251487094605e-05,0.0,legit,0
803130760,2474,5.17250297418921e-05,0.0,legit,0
803138410,2475,5.17250297418921e-05,0.0,legit,0
803141760,2476,2.586251487094605e-05,0.0,legit,0
803169220,2477,2.586251487094605e-05,0.0,legit,0
803176960,2478,2.586251487094605e-05,0.0,legit,0
80317C850,2479,5.17250297418921e-05,0.0,legit,0
803182BE0,2480,2.586251487094605e-05,0.0,legit,0
80318E2C0,2481,2.586251487094605e-05,0.0,legit,0
80318F0C0,2482,2.586251487094605e-05,0.0,legit,0
80319E3E0,2483,2.586251487094605e-05,0.0,legit,0
8031A4F00,2484,2.586251487094605e-05,0.0,legit,0
8031B7E50,2485,5.17250297418921e-05,1.72421225052804e-08,legit,0
8031BC4B0,2486,2.586251487094605e-05,0.0,legit,0
8031BCBF0,2487,2.586251487094605e-05,0.0,legit,0
8031CC850,2488,2.586251487094605e-05,0.0,legit,0
8031CF170,2489,5.17250297418921e-05,0.0,legit,0
8031FD060,2490,5.17250297418921e-05,0.0,legit,0
80320EDF0,2491,2.586251487094605e-05,0.0,legit,0
8032112B0,2492,2.586251487094605e-05,0.0,legit,0
803211E50,2493,2.586251487094605e-05,0.0,legit,0
803216CD0,2494,2.586251487094605e-05,0.0,legit,0
803222F40,2495,5.17250297418921e-05,0.0,legit,0
8032249E0,2496,2.586251487094605e-05,0.0,legit,0
803224C50,2497,2.586251487094605e-05,0.0,legit,0
803228870,2498,5.17250297418921e-05,0.0,legit,0
80322E030,2499,2.586251487094605e-05,0.0,legit,0
803231D90,2500,5.17250297418921e-05,0.0,legit,0
80323F920,2501,2.586251487094605e-05,0.0,legit,0
803240C80,2502,2.586251487094605e-05,0.0,legit,0
803244DE0,2503,5.17250297418921e-05,0.0,legit,0
80324D830,2504,2.586251487094605e-05,0.0,legit,0
8032507B0,2505,2.586251487094605e-05,0.0,legit,0
803262AB0,2506,2.586251487094605e-05,0.0,legit,0
803264190,2507,5.17250297418921e-05,0.0,legit,0
803277950,2508,2.586251487094605e-05,0.0,legit,0
80328D4F0,2509,2.586251487094605e-05,0.0,legit,0
803296710,2510,2.586251487094605e-05,0.0,legit,0
8032A2CB0,2511,5.17250297418921e-05,0.0,legit,0
8032A8090,2512,2.586251487094605e-05,0.0,legit,0
8032AB180,2513,2.586251487094605e-05,0.0,legit,0
8032C9440,2514,5.17250297418921e-05,1.72421225052804e-08,legit,0
8032D2F10,2515,5.17250297418921e-05,0.0,legit,0
8032D33A0,2516,7.758754461283815e-05,0.0,legit,0
8032E2D70,2517,2.586251487094605e-05,0.0,legit,0
8032E84D0,2518,2.586251487094605e-05,0.0,legit,0
8032ED630,2519,2.586251487094605e-05,0.0,legit,0
8032FEDE0,2520,2.586251487094605e-05,0.0,legit,0
803306470,2521,7.758754461283815e-05,0.0,legit,0
80331A3F0,2522,7.758754461283815e-05,0.0,legit,0
80331C580,2523,2.586251487094605e-05,0.0,legit,0
80331F3B0,2524,2.586251487094605e-05,0.0,legit,0
803326210,2525,2.586251487094605e-05,0.0,legit,0
803326AC0,2526,5.17250297418921e-05,0.0,legit,0
8033306E0,2527,5.17250297418921e-05,0.0,legit,0
80333BC90,2528,2.586251487094605e-05,0.0,legit,0
803342550,2529,5.17250297418921e-05,0.0,legit,0
8033431B0,2530,2.586251487094605e-05,0.0,legit,0
8033772F0,2531,2.586251487094605e-05,0.0,legit,0
80337AAF0,2532,5.17250297418921e-05,0.0,legit,0
8033809E0,2533,5.17250297418921e-05,0.0,legit,0
80338BE80,2534,2.586251487094605e-05,0.0,legit,0
80338E000,2535,7.758754461283815e-05,0.0,legit,0
80338FE40,2536,5.17250297418921e-05,0.0,legit,0
803399920,2537,5.17250297418921e-05,0.0,legit,0
8033A6120,2538,2.586251487094605e-05,0.0,legit,0
8033AA860,2539,2.586251487094605e-05,0.0,legit,0
8033AADA0,2540,2.586251487094605e-05,0.0,legit,0
8033AD270,2541,2.586251487094605e-05,0.0,legit,0
8033CFEE0,2542,2.586251487094605e-05,0.0,legit,0
8033EA460,2543,2.586251487094605e-05,0.0,legit,0
8033EBC50,2544,2.586251487094605e-05,0.0,legit,0
8033EF3F0,2545,2.586251487094605e-05,0.0,legit,0
8033FBDA0,2546,5.17250297418921e-05,0.0,legit,0
803402780,2547,2.586251487094605e-05,0.0,legit,0
803407210,2548,7.758754461283815e-05,0.0,legit,0
80342A450,2549,2.586251487094605e-05,0.0,legit,0
80342EDE0,2550,5.17250297418921e-05,0.0,legit,0
803454A90,2551,5.17250297418921e-05,1.72421225052804e-08,legit,0
8034553F0,2552,2.586251487094605e-05,0.0,legit,0
80345FD30,2553,2.586251487094605e-05,0.0,legit,0
803461A00,2554,5.17250297418921e-05,0.0,legit,0
80346F940,2555,7.758754461283815e-05,0.0,legit,0
80348A220,2556,2.586251487094605e-05,0.0,legit,0
803492490,2557,2.586251487094605e-05,0.0,legit,0
80349D1D0,2558,5.17250297418921e-05,0.0,legit,0
8034AD860,2559,2.586251487094605e-05,0.0,legit,0
8034B6390,2560,5.17250297418921e-05,1.72421225052804e-08,legit,0
8034E0090,2561,2.586251487094605e-05,0.0,legit,0
8034EA210,2562,2.586251487094605e-05,0.0,legit,0
803500990,2563,5.17250297418921e-05,0.0,legit,0
8035097D0,2,5.17250297418921e-05,7.672744514849779e-06,legit,1
80350EDA0,2564,2.586251487094605e-05,0.0,legit,0
803517E70,2565,5.17250297418921e-05,1.72421225052804e-08,legit,0
80351FB30,2566,2.586251487094605e-05,0.0,legit,0
803568EF0,2567,5.17250297418921e-05,0.0,legit,0
8035824F0,2568,5.17250297418921e-05,0.0,legit,0
803593230,2569,2.586251487094605e-05,0.0,legit,0
80359F500,2570,7.758754461283815e-05,0.0,legit,0
8035ABB30,2571,2.586251487094605e-05,0.0,legit,0
8035B9260,2572,2.586251487094605e-05,0.0,legit,0
8035C72E0,2573,0.0001034500594837842,0.0,legit,0
8035E1F90,909,7.758754461283815e-05,0.0,legit,0
8035E7AB0,2574,5.17250297418921e-05,0.0,legit,0
8035F7490,2575,5.17250297418921e-05,0.0,legit,0
8035F9690,2576,5.17250297418921e-05,0.0,legit,0
8035FFF60,2577,2.586251487094605e-05,0.0,legit,0
803611D00,2578,5.17250297418921e-05,0.0,legit,0
80361A7F0,2579,7.758754461283815e-05,0.0,legit,0
80361EB60,2580,7.758754461283815e-05,3.44842450105608e-08,legit,0
80362B0F0,2581,2.586251487094605e-05,0.0,legit,0
80364F970,2582,2.586251487094605e-05,0.0,legit,0
803668B60,2583,2.586251487094605e-05,0.0,legit,0
8036781F0,2584,2.586251487094605e-05,0.0,legit,0
80367D270,2585,2.586251487094605e-05,0.0,legit,0
80367E330,2586,2.586251487094605e-05,0.0,legit,0
8036AB590,2587,2.586251487094605e-05,0.0,legit,0
8036B1550,2588,5.17250297418921e-05,0.0,legit,0
8036C0FA0,2589,2.586251487094605e-05,0.0,legit,0
8036C7290,2590,2.586251487094605e-05,0.0,legit,0
8036CEF80,2591,5.17250297418921e-05,0.0,legit,0
8036D84E0,2592,5.17250297418921e-05,0.0,legit,0
8036D9D70,2593,2.586251487094605e-05,0.0,legit,0
8036DA1D0,2594,5.17250297418921e-05,0.0,legit,0
8036DBA30,2595,2.586251487094605e-05,0.0,legit,0
8036DF260,2596,2.586251487094605e-05,0.0,legit,0
8036E0A30,2597,5.17250297418921e-05,0.0,legit,0
8036E9DC0,2598,2.586251487094605e-05,0.0,legit,0
8036F21A0,2599,2.586251487094605e-05,0.0,legit,0
8036F8870,2600,2.586251487094605e-05,0.0,legit,0
8036F9880,2601,2.586251487094605e-05,0.0,legit,0
80370A1F0,2602,2.586251487094605e-05,0.0,legit,0
80371E110,2603,2.586251487094605e-05,0.0,legit,0
8037224D0,2604,2.586251487094605e-05,0.0,legit,0
80373DEB0,2605,5.17250297418921e-05,0.0,legit,0
803747BC0,2606,7.758754461283815e-05,3.44842450105608e-08,legit,0
803763780,2607,2.586251487094605e-05,0.0,legit,0
803772850,2608,2.586251487094605e-05,0.0,legit,0
8037764E0,2609,2.586251487094605e-05,0.0,legit,0
803785070,2610,2.586251487094605e-05,0.0,legit,0
80378A950,2611,2.586251487094605e-05,0.0,legit,0
803795E70,2612,2.586251487094605e-05,0.0,legit,0
8037AD080,2613,2.586251487094605e-05,0.0,legit,0
8037AE4C0,2614,2.586251487094605e-05,0.0,legit,0
8037CFD90,2615,5.17250297418921e-05,0.0,legit,0
8037D2310,2616,5.17250297418921e-05,0.0,legit,0
8037D2570,2617,5.17250297418921e-05,0.0,legit,0
8037E8560,2618,5.17250297418921e-05,0.0,legit,0
8038021F0,2619,2.586251487094605e-05,0.0,legit,0
803806DA0,2620,2.586251487094605e-05,0.0,legit,0
803824830,1147,5.17250297418921e-05,0.0,legit,0
80382AC20,2621,2.586251487094605e-05,0.0,legit,0
80382B090,2622,5.17250297418921e-05,0.0,legit,0
80383FA80,2623,5.17250297418921e-05,0.0,legit,0
803842DB0,2624,2.586251487094605e-05,0.0,legit,0
803864F90,2625,5.17250297418921e-05,0.0,legit,0
803866180,2626,5.17250297418921e-05,0.0,legit,0
803871790,2627,5.17250297418921e-05,0.0,legit,0
80387F360,2628,2.586251487094605e-05,0.0,legit,0
8038884A0,2629,2.586251487094605e-05,0.0,legit,0
80388C030,2630,5.17250297418921e-05,0.0,legit,0
803893520,2631,5.17250297418921e-05,0.0,legit,0
8038940E0,2632,5.17250297418921e-05,0.0,legit,0
8038AC2B0,2633,5.17250297418921e-05,0.0,legit,0
8038B1900,2634,5.17250297418921e-05,0.0,legit,0
8038BDD60,2635,2.586251487094605e-05,0.0,legit,0
8038C7400,2636,2.586251487094605e-05,0.0,legit,0
8038C83B0,2637,2.586251487094605e-05,0.0,legit,0
8038CCC40,2638,5.17250297418921e-05,0.0,legit,0
8038D3070,2639,5.17250297418921e-05,0.0,legit,0
8038FFBF0,2640,2.586251487094605e-05,0.0,legit,0
803911420,2641,2.586251487094605e-05,0.0,legit,0
803913370,2642,5.17250297418921e-05,0.0,legit,0
80391DE70,2643,7.758754461283815e-05,0.0,legit,0
803925800,2644,2.586251487094605e-05,0.0,legit,0
803936610,2645,2.586251487094605e-05,0.0,legit,0
803949210,2646,2.586251487094605e-05,0.0,legit,0
80394AA60,2647,2.586251487094605e-05,0.0,legit,0
80394FFF0,2648,2.586251487094605e-05,0.0,legit,0
80396BDB0,2649,5.17250297418921e-05,0.0,legit,0
80396DE00,3,5.17250297418921e-05,7.672744514849779e-06,legit,1
8039F2510,2650,2.586251487094605e-05,0.0,legit,0
8039F5E90,2651,5.17250297418921e-05,0.0,legit,0
803A01BC0,2652,5.17250297418921e-05,0.0,legit,0
803A05590,2653,2.586251487094605e-05,0.0,legit,0
803A0A430,2654,2.586251487094605e-05,0.0,legit,0
803A0D430,2655,2.586251487094605e-05,0.0,legit,0
803A1DEE0,2656,2.586251487094605e-05,0.0,legit,0
803A1E810,2657,2.586251487094605e-05,0.0,legit,0
803A20240,2658,2.586251487094605e-05,0.0,legit,0
803A232C0,2659,2.586251487094605e-05,0.0,legit,0
803A23930,2660,2.586251487094605e-05,0.0,legit,0
803A26AA0,2661,5.17250297418921e-05,0.0,legit,0
803A4B8F0,2662,2.586251487094605e-05,0.0,legit,0
803A4EC90,2663,5.17250297418921e-05,0.0,legit,0
803A5BDF0,2664,2.586251487094605e-05,0.0,legit,0
803A5C840,2665,2.586251487094605e-05,0.0,legit,0
803A5ECC0,2666,2.586251487094605e-05,0.0,legit,0
803A66360,2667,2.586251487094605e-05,0.0,legit,0
803A6F290,2668,2.586251487094605e-05,0.0,legit,0
803A71FF0,2669,2.586251487094605e-05,0.0,legit,0
803A72590,2670,2.586251487094605e-05,0.0,legit,0
803A91A70,2671,5.17250297418921e-05,0.0,legit,0
803A97E50,2672,2.586251487094605e-05,0.0,legit,0
803A9D100,2673,2.586251487094605e-05,0.0,legit,0
803A9F4E0,2674,2.586251487094605e-05,0.0,legit,0
803A9F710,2675,2.586251487094605e-05,0.0,legit,0
803AA6EF0,2676,2.586251487094605e-05,0.0,legit,0
803AA74A0,2677,2.586251487094605e-05,0.0,legit,0
803AB6170,2678,2.586251487094605e-05,0.0,legit,0
803ACD760,2679,5.17250297418921e-05,0.0,legit,0
803ADB490,2680,2.586251487094605e-05,0.0,legit,0
803AEDCB0,2681,2.586251487094605e-05,0.0,legit,0
803AEE550,2682,2.586251487094605e-05,0.0,legit,0
803AF0FF0,2683,2.586251487094605e-05,0.0,legit,0
803AF23C0,2684,5.17250297418921e-05,0.0,legit,0
803B0FE50,2685,5.17250297418921e-05,0.0,legit,0
803B137E0,2686,7.758754461283815e-05,0.0,legit,0
803B14940,2687,7.758754461283815e-05,0.0,legit,0
803B27860,2688,2.586251487094605e-05,0.0,legit,0
803B285D0,2689,2.586251487094605e-05,0.0,legit,0
803B28DB0,2690,2.586251487094605e-05,0.0,legit,0
803B29810,555,5.17250297418921e-05,1.72421225052804e-08,legit,1
803B2BA40,2691,5.17250297418921e-05,0.0,legit,0
803B382C0,2692,2.586251487094605e-05,0.0,legit,0
803B3D660,2693,2.586251487094605e-05,0.0,legit,0
803B47FF0,2694,0.0001034500594837842,0.0,legit,0
803B4D770,2695,2.586251487094605e-05,0.0,legit,0
803B59D60,2696,2.586251487094605e-05,0.0,legit,0
803B5CA50,2697,7.758754461283815e-05,0.0,legit,0
803B61250,2698,5.17250297418921e-05,0.0,legit,0
803B62270,2699,5.17250297418921e-05,0.0,legit,0
803B64810,2700,2.586251487094605e-05,0.0,legit,0
803B77DB0,2701,5.17250297418921e-05,0.0,legit,0
803B7B2A0,2702,2.586251487094605e-05,0.0,legit,0
803B92E60,2703,5.17250297418921e-05,0.0,legit,0
803BA5691,2704,5.17250297418921e-05,0.0,legit,0
803BA7390,2705,5.17250297418921e-05,0.0,legit,0
803BC23A0,2706,5.17250297418921e-05,0.0,legit,0
803BC6F10,2707,2.586251487094605e-05,0.0,legit,0
803BD8A50,2708,2.586251487094605e-05,0.0,legit,0
803BE1C60,2709,2.586251487094605e-05,0.0,legit,0
803BE8410,2710,5.17250297418921e-05,0.0,legit,0
803BEDAE0,2711,5.17250297418921e-05,0.0,legit,0
803BF0910,2712,2.586251487094605e-05,0.0,legit,0
803BF0EB0,2713,5.17250297418921e-05,0.0,legit,0
803C19FD0,2714,2.586251487094605e-05,0.0,legit,0
803C1C1B0,2715,5.17250297418921e-05,0.0,legit,0
803C203A0,2716,2.586251487094605e-05,0.0,legit,0
803C2BAA0,2717,5.17250297418921e-05,0.0,legit,0
803C31870,2718,2.586251487094605e-05,0.0,legit,0
803C376F0,2719,2.586251487094605e-05,0.0,legit,0
803C3B750,2720,2.586251487094605e-05,0.0,legit,0
803C44920,1609,2.586251487094605e-05,0.0,legit,0
803C47940,2721,5.17250297418921e-05,0.0,legit,0
803C54540,2722,2.586251487094605e-05,0.0,legit,0
803C5D5F0,2723,5.17250297418921e-05,0.0,legit,0
803C5DEB0,2724,5.17250297418921e-05,0.0,legit,0
803C70760,2725,2.586251487094605e-05,0.0,legit,0
803C71C40,2726,2.586251487094605e-05,0.0,legit,0
803C80E80,2727,7.758754461283815e-05,3.44842450105608e-08,legit,0
803C83810,2728,2.586251487094605e-05,0.0,legit,0
803C87580,2729,2.586251487094605e-05,0.0,legit,0
803C8AE90,2730,5.17250297418921e-05,0.0,legit,0
803C8E460,2731,5.17250297418921e-05,0.0,legit,0
803CA8DC0,2732,2.586251487094605e-05,0.0,legit,0
803CB2140,2733,2.586251487094605e-05,0.0,legit,0
803CB2670,2734,2.586251487094605e-05,0.0,legit,0
803CE18C0,2735,5.17250297418921e-05,0.0,legit,0
803CE6FF0,2736,2.586251487094605e-05,0.0,legit,0
803CF13E0,2737,2.586251487094605e-05,0.0,legit,0
803CF1EC0,2738,2.586251487094605e-05,0.0,legit,0
803CFEB60,2739,2.586251487094605e-05,0.0,legit,0
803D1C720,2740,2.586251487094605e-05,0.0,legit,0
803D1C990,2741,5.17250297418921e-05,0.0,legit,0
803D1E1E0,2742,2.586251487094605e-05,0.0,legit,0
803D32050,2743,5.17250297418921e-05,0.0,legit,0
803D43060,2744,2.586251487094605e-05,0.0,legit,0
803D4FDA0,2745,2.586251487094605e-05,0.0,legit,0
803D5F4A0,2746,0.0001034500594837842,5.17263675158412e-08,legit,0
803D67E70,2747,2.586251487094605e-05,0.0,legit,0
803D69780,2748,2.586251487094605e-05,0.0,legit,0
803D78210,2749,5.17250297418921e-05,0.0,legit,0
803D81830,2750,2.586251487094605e-05,0.0,legit,0
803D82450,2751,2.586251487094605e-05,0.0,legit,0
803D8D540,2752,5.17250297418921e-05,0.0,legit,0
803D93D60,2753,2.586251487094605e-05,0.0,legit,0
803D9AC20,2754,2.586251487094605e-05,0.0,legit,0
803D9C220,2755,0.0001034500594837842,0.0,legit,0
803DA0320,2756,2.586251487094605e-05,0.0,legit,0
803DAE850,2757,2.586251487094605e-05,0.0,legit,0
803DB15F0,2758,2.586251487094605e-05,0.0,legit,0
803DDB610,2759,2.586251487094605e-05,0.0,legit,0
803DF81B0,2760,2.586251487094605e-05,0.0,legit,0
803E0BAD0,2761,5.17250297418921e-05,0.0,legit,0
803E194F0,2762,2.586251487094605e-05,0.0,legit,0
803E34790,2763,5.17250297418921e-05,0.0,legit,0
803E38670,2764,2.586251487094605e-05,0.0,legit,0
803E3C640,2765,5.17250297418921e-05,0.0,legit,0
803E44CA0,2766,2.586251487094605e-05,0.0,legit,0
803E60520,2767,2.586251487094605e-05,0.0,legit,0
803E685B0,2768,7.758754461283815e-05,0.0,legit,0
803E6E000,2769,2.586251487094605e-05,0.0,legit,0
803E81020,2770,5.17250297418921e-05,0.0,legit,0
803E85BD0,2771,2.586251487094605e-05,0.0,legit,0
803EA6B90,2772,2.586251487094605e-05,0.0,legit,0
803EC3F80,2773,2.586251487094605e-05,0.0,legit,0
803EC64A0,2774,2.586251487094605e-05,0.0,legit,0
803ED1990,2775,2.586251487094605e-05,0.0,legit,0
803ED28A0,2776,2.586251487094605e-05,0.0,legit,0
803ED7B20,2777,5.17250297418921e-05,0.0,legit,0
803EE45F0,2778,2.586251487094605e-05,0.0,legit,0
803EEB160,2779,2.586251487094605e-05,0.0,legit,0
803EEC3D0,2780,2.586251487094605e-05,0.0,legit,0
803EEECF0,2781,2.586251487094605e-05,0.0,legit,0
803EEF970,2782,2.586251487094605e-05,0.0,legit,0
803EF8960,2783,2.586251487094605e-05,0.0,legit,0
803F04A10,2784,5.17250297418921e-05,0.0,legit,0
803F04AB0,2785,5.17250297418921e-05,1.72421225052804e-08,legit,0
803F14AC0,2786,2.586251487094605e-05,0.0,legit,0
803F1FEA0,2787,2.586251487094605e-05,0.0,legit,0
803F41980,2788,7.758754461283815e-05,0.0,legit,0
803F516F0,2789,2.586251487094605e-05,0.0,legit,0
803F5F9E0,2790,2.586251487094605e-05,0.0,legit,0
803F613C0,2791,5.17250297418921e-05,0.0,legit,0
803F7CB60,2792,7.758754461283815e-05,0.0,legit,0
803F80C00,2793,2.586251487094605e-05,0.0,legit,0
803F9E630,2794,2.586251487094605e-05,0.0,legit,0
803FA1C10,2795,2.586251487094605e-05,0.0,legit,0
803FC03D0,2796,2.586251487094605e-05,0.0,legit,0
803FD3590,2797,5.17250297418921e-05,0.0,legit,0
803FD8CE0,2798,2.586251487094605e-05,0.0,legit,0
803FD96E0,2799,2.586251487094605e-05,0.0,legit,0
803FDEE00,898,5.17250297418921e-05,0.0,legit,1
803FE0EE0,2800,5.17250297418921e-05,0.0,legit,0
803FFA120,2801,2.586251487094605e-05,0.0,legit,0
80400F960,2802,2.586251487094605e-05,0.0,legit,0
80402F0E0,2803,2.586251487094605e-05,0.0,legit,0
80403BE70,2804,5.17250297418921e-05,0.0,legit,0
80403D100,2805,2.586251487094605e-05,0.0,legit,0
80403D420,2806,2.586251487094605e-05,0.0,legit,0
804047440,2807,2.586251487094605e-05,0.0,legit,0
80405C0D0,2808,5.17250297418921e-05,0.0,legit,0
80406EF70,2809,2.586251487094605e-05,0.0,legit,0
804070C00,1046,5.17250297418921e-05,1.72421225052804e-08,legit,0
804083190,2810,7.758754461283815e-05,0.0,legit,0
8040A3DB0,2811,2.586251487094605e-05,0.0,legit,0
8040AFFF0,2812,2.586251487094605e-05,0.0,legit,0
8040BED50,2813,2.586251487094605e-05,0.0,legit,0
8040C1BB0,2814,2.586251487094605e-05,0.0,legit,0
8040C81A0,2815,5.17250297418921e-05,0.0,legit,0
8040C84D0,2816,2.586251487094605e-05,0.0,legit,0
8040CB4F0,2817,5.17250297418921e-05,1.72421225052804e-08,legit,0
8040D9CB0,2818,5.17250297418921e-05,0.0,legit,0
8040F0E30,2819,2.586251487094605e-05,0.0,legit,0
8041036C0,2820,5.17250297418921e-05,0.0,legit,0
804103DA0,2821,2.586251487094605e-05,0.0,legit,0
804117C20,2822,5.17250297418921e-05,0.0,legit,0
804122A40,2823,7.758754461283815e-05,0.0,legit,0
80412A600,2824,2.586251487094605e-05,0.0,legit,0
80412EF20,2825,2.586251487094605e-05,0.0,legit,0
8041361B0,2826,2.586251487094605e-05,0.0,legit,0
80413EFB0,2827,2.586251487094605e-05,0.0,legit,0
804141C00,2828,2.586251487094605e-05,0.0,legit,0
80414D0C0,2829,2.586251487094605e-05,0.0,legit,0
804158790,2830,7.758754461283815e-05,0.0,legit,0
80417B220,2831,5.17250297418921e-05,0.0,legit,0
80417C160,2832,2.586251487094605e-05,0.0,legit,0
80417FE20,2833,5.17250297418921e-05,0.0,legit,0
80419D300,2834,5.17250297418921e-05,0.0,legit,0
8041A8DA0,2835,5.17250297418921e-05,0.0,legit,0
8041C39C0,2836,2.586251487094605e-05,0.0,legit,0
8041CED00,2837,2.586251487094605e-05,0.0,legit,0
8041D82A0,2838,2.586251487094605e-05,0.0,legit,0
8041E6F20,2839,5.17250297418921e-05,0.0,legit,0
8041F6790,2840,7.758754461283815e-05,0.0,legit,0
804238D20,2841,2.586251487094605e-05,0.0,legit,0
80424C820,2842,2.586251487094605e-05,0.0,legit,0
804264290,2843,5.17250297418921e-05,0.0,legit,0
80427AAE0,2844,2.586251487094605e-05,0.0,legit,0
8042827E0,2845,5.17250297418921e-05,0.0,legit,0
804282E50,2846,2.586251487094605e-05,0.0,legit,0
804287C80,2847,2.586251487094605e-05,0.0,legit,0
804288C90,2848,5.17250297418921e-05,0.0,legit,0
8042AF110,2849,5.17250297418921e-05,0.0,legit,0
8042B7A40,2850,2.586251487094605e-05,0.0,legit,0
8042C02D0,2851,2.586251487094605e-05,0.0,legit,0
8042CA7A0,2852,2.586251487094605e-05,0.0,legit,0
8042EFA80,2853,2.586251487094605e-05,0.0,legit,0
8042F9660,2854,2.586251487094605e-05,0.0,legit,0
804301C50,2855,2.586251487094605e-05,0.0,legit,0
804304DF0,2856,5.17250297418921e-05,0.0,legit,0
80430B6E0,2857,2.586251487094605e-05,0.0,legit,0
804316AD0,2858,5.17250297418921e-05,0.0,legit,0
8043310B0,2859,2.586251487094605e-05,0.0,legit,0
80434BF80,2860,2.586251487094605e-05,0.0,legit,0
8043561B0,2861,5.17250297418921e-05,0.0,legit,0
804363810,2862,7.758754461283815e-05,0.0,legit,0
80436B560,2863,7.758754461283815e-05,0.0,legit,0
804379400,2864,7.758754461283815e-05,0.0,legit,0
80437C7F0,2865,2.586251487094605e-05,0.0,legit,0
80437F630,2866,2.586251487094605e-05,0.0,legit,0
804385C70,2867,2.586251487094605e-05,0.0,legit,0
804396060,2868,2.586251487094605e-05,0.0,legit,0
80439F5D0,2869,5.17250297418921e-05,0.0,legit,0
8043A3870,2870,2.586251487094605e-05,0.0,legit,0
8043BE140,2871,2.586251487094605e-05,0.0,legit,0
8043C8250,2872,2.586251487094605e-05,0.0,legit,0
8043C9290,2873,2.586251487094605e-05,0.0,legit,0
8043D4470,2874,2.586251487094605e-05,0.0,legit,0
8043D67B0,2875,7.758754461283815e-05,0.0,legit,0
8043E46B0,2876,5.17250297418921e-05,0.0,legit,0
8043E7BE0,2877,2.586251487094605e-05,0.0,legit,0
8043EF910,2878,5.17250297418921e-05,0.0,legit,0
804407CE0,2879,0.0001034500594837842,0.0,legit,0
804408B10,2880,7.758754461283815e-05,0.0,legit,0
80441B350,2881,5.17250297418921e-05,0.0,legit,0
804431B50,2882,5.17250297418921e-05,0.0,legit,0
804439100,2883,5.17250297418921e-05,0.0,legit,0
80443D010,2884,5.17250297418921e-05,0.0,legit,0
8044453E0,2885,5.17250297418921e-05,0.0,legit,0
804448C50,2886,5.17250297418921e-05,0.0,legit,0
804450DD0,2887,2.586251487094605e-05,0.0,legit,0
80446B530,2888,5.17250297418921e-05,1.72421225052804e-08,legit,0
8044700E0,2889,7.758754461283815e-05,0.0,legit,0
804470EF0,2890,5.17250297418921e-05,0.0,legit,0
804477D30,2891,2.586251487094605e-05,0.0,legit,0
804479B30,2892,2.586251487094605e-05,0.0,legit,0
80447E0C0,2893,7.758754461283815e-05,3.44842450105608e-08,legit,0
804482E50,2894,5.17250297418921e-05,0.0,legit,0
80448BF50,2895,2.586251487094605e-05,0.0,legit,0
8044A1A40,2896,2.586251487094605e-05,0.0,legit,0
8044A6BC0,2897,5.17250297418921e-05,0.0,legit,0
8044AE6D0,2898,2.586251487094605e-05,0.0,legit,0
8044B5CB0,2899,5.17250297418921e-05,0.0,legit,0
8044CA040,2900,2.586251487094605e-05,0.0,legit,0
8044D9360,2901,2.586251487094605e-05,0.0,legit,0
8044DA9A0,2902,2.586251487094605e-05,0.0,legit,0
8044DF1B0,2903,2.586251487094605e-05,0.0,legit,0
8044E32B0,2904,2.586251487094605e-05,0.0,legit,0
8044F6D30,2905,5.17250297418921e-05,0.0,legit,0
804504500,2906,5.17250297418921e-05,0.0,legit,0
8045102A0,2907,2.586251487094605e-05,0.0,legit,0
8045144C0,2908,2.586251487094605e-05,0.0,legit,0
804521000,2909,2.586251487094605e-05,0.0,legit,0
80455A1B0,2910,2.586251487094605e-05,0.0,legit,0
8045612C0,2911,5.17250297418921e-05,0.0,legit,0
8045657C0,2912,5.17250297418921e-05,0.0,legit,0
804565E40,2913,2.586251487094605e-05,0.0,legit,0
804583470,2914,5.17250297418921e-05,0.0,legit,0
8045857A0,2915,5.17250297418921e-05,0.0,legit,0
8045A21F0,2916,5.17250297418921e-05,1.72421225052804e-08,legit,0
8045BA670,2917,2.586251487094605e-05,0.0,legit,0
8045C0AD0,2918,2.586251487094605e-05,0.0,legit,0
8045C46C0,2919,2.586251487094605e-05,0.0,legit,0
8045DD3B0,2920,2.586251487094605e-05,0.0,legit,0
8045F8B80,2921,7.758754461283815e-05,0.0,legit,0
804603740,2922,2.586251487094605e-05,0.0,legit,0
8046120E0,2923,2.586251487094605e-05,0.0,legit,0
80461ADC0,2924,7.758754461283815e-05,0.0,legit,0
80461DF60,2925,2.586251487094605e-05,0.0,legit,0
804624780,2926,2.586251487094605e-05,0.0,legit,0
8046254B0,2927,2.586251487094605e-05,0.0,legit,0
804626110,2928,2.586251487094605e-05,0.0,legit,0
80462B770,1800,5.17250297418921e-05,0.0,legit,0
804632A90,2929,2.586251487094605e-05,0.0,legit,0
804644E10,2930,5.17250297418921e-05,0.0,legit,0
80465F1E0,2931,2.586251487094605e-05,0.0,legit,0
80466C690,2932,2.586251487094605e-05,0.0,legit,0
80467C000,2933,2.586251487094605e-05,0.0,legit,0
804693130,2934,2.586251487094605e-05,0.0,legit,0
80469C0F0,2935,2.586251487094605e-05,0.0,legit,0
80469DA80,2936,2.586251487094605e-05,0.0,legit,0
8046A1B40,2937,5.17250297418921e-05,1.7253624921894996e-08,legit,0
8046A2200,2938,5.17250297418921e-05,0.0,legit,0
8046B4EB0,2939,5.17250297418921e-05,0.0,legit,0
8046B6D30,2940,5.17250297418921e-05,0.0,legit,0
8046B9A70,2941,5.17250297418921e-05,0.0,legit,0
8046BBE70,2942,2.586251487094605e-05,0.0,legit,0
8046E0EC0,2943,2.586251487094605e-05,0.0,legit,0
8046F04E0,2944,5.17250297418921e-05,0.0,legit,0
8046F17D0,2945,2.586251487094605e-05,0.0,legit,0
8046F3390,2946,5.17250297418921e-05,0.0,legit,0
804708130,2947,2.586251487094605e-05,0.0,legit,0
80470FEC0,2948,2.586251487094605e-05,0.0,legit,0
80471D280,2949,5.17250297418921e-05,0.0,legit,0
80472A160,2950,2.586251487094605e-05,0.0,legit,0
80474A7E0,2951,2.586251487094605e-05,0.0,legit,0
80475E240,2952,0.0001034500594837842,5.17263675158412e-08,legit,0
804767180,2953,5.17250297418921e-05,1.72421225052804e-08,legit,0
804774C40,2954,2.586251487094605e-05,0.0,legit,0
804778CE0,2955,2.586251487094605e-05,0.0,legit,0
8047C3EF0,2956,2.586251487094605e-05,0.0,legit,0
8047CFFD0,2957,5.17250297418921e-05,0.0,legit,0
8047DCE40,2958,5.17250297418921e-05,0.0,legit,0
8047E5160,2959,7.758754461283815e-05,0.0,legit,0
8047F2E00,2960,2.586251487094605e-05,0.0,legit,0
8047FF790,2961,5.17250297418921e-05,0.0,legit,0
804846560,2962,2.586251487094605e-05,0.0,legit,0
8048493A0,2963,2.586251487094605e-05,0.0,legit,0
80484B3F0,2964,2.586251487094605e-05,0.0,legit,0
804854FD0,2965,2.586251487094605e-05,0.0,legit,0
80486FDF0,2966,2.586251487094605e-05,0.0,legit,0
80487E740,2967,5.17250297418921e-05,0.0,legit,0
8048963E0,2968,5.17250297418921e-05,0.0,legit,0
8048A2F00,2969,5.17250297418921e-05,1.72421225052804e-08,legit,0
8048B3360,2970,5.17250297418921e-05,0.0,legit,0
8048BCB10,2971,2.586251487094605e-05,0.0,legit,0
8048C2390,2972,5.17250297418921e-05,0.0,legit,0
8048DA0B0,2973,2.586251487094605e-05,0.0,legit,0
8048F1F20,2974,2.586251487094605e-05,0.0,legit,0
8048F5860,2975,7.758754461283815e-05,0.0,legit,0
804904D70,2976,7.758754461283815e-05,0.0,legit,0
80490BD60,2977,2.586251487094605e-05,0.0,legit,0
804914150,2978,2.586251487094605e-05,0.0,legit,0
804916CB0,2979,2.586251487094605e-05,0.0,legit,0
804918120,2980,5.17250297418921e-05,0.0,legit,0
80491A780,2981,2.586251487094605e-05,0.0,legit,0
804923610,2982,5.17250297418921e-05,0.0,legit,0
804943720,1607,2.586251487094605e-05,0.0,legit,0
804949BD0,2983,2.586251487094605e-05,0.0,legit,0
80494BC10,2984,2.586251487094605e-05,0.0,legit,0
8049926C0,2985,5.17250297418921e-05,0.0,legit,0
80499B090,2986,2.586251487094605e-05,0.0,legit,0
8049A1B40,2987,2.586251487094605e-05,0.0,legit,0
8049A3B10,2988,5.17250297418921e-05,0.0,legit,0
8049B04E0,2989,2.586251487094605e-05,0.0,legit,0
8049B4A90,2990,2.586251487094605e-05,0.0,legit,0
8049B9280,2991,5.17250297418921e-05,0.0,legit,0
8049BE510,2992,2.586251487094605e-05,0.0,legit,0
8049CD530,2993,5.17250297418921e-05,0.0,legit,0
8049CDCD0,2994,5.17250297418921e-05,0.0,legit,0
8049DA070,2995,5.17250297418921e-05,3.44842450105608e-08,legit,0
8049E7F10,2996,5.17250297418921e-05,0.0,legit,0
8049F4650,2997,2.586251487094605e-05,0.0,legit,0
8049F4DB0,2998,2.586251487094605e-05,0.0,legit,0
804A11F40,2999,2.586251487094605e-05,0.0,legit,0
804A14900,3000,2.586251487094605e-05,0.0,legit,0
804A25D30,3001,2.586251487094605e-05,0.0,legit,0
804A4FF50,3002,5.17250297418921e-05,0.0,legit,0
804A58710,3003,2.586251487094605e-05,0.0,legit,0
804A6A740,1608,2.586251487094605e-05,0.0,legit,0
804A82DC0,3004,5.17250297418921e-05,1.72421225052804e-08,legit,0
804A8C0F0,3005,5.17250297418921e-05,0.0,legit,0
804A919A0,3006,2.586251487094605e-05,0.0,legit,0
804A99F00,3007,2.586251487094605e-05,0.0,legit,0
804A9C240,3008,2.586251487094605e-05,0.0,legit,0
804ABB180,3009,5.17250297418921e-05,0.0,legit,0
804ABC0E0,3010,2.586251487094605e-05,0.0,legit,0
804AE4A00,3011,2.586251487094605e-05,0.0,legit,0
804AE5620,3012,5.17250297418921e-05,0.0,legit,0
804AEB320,3013,5.17250297418921e-05,0.0,legit,0
804AF6FC0,3014,2.586251487094605e-05,0.0,legit,0
804AF84F0,3015,2.586251487094605e-05,0.0,legit,0
804AFCE90,3016,5.17250297418921e-05,0.0,legit,0
804B10F50,3017,5.17250297418921e-05,0.0,legit,0
804B2EB50,3018,2.586251487094605e-05,0.0,legit,0
804B38B40,3019,2.586251487094605e-05,0.0,legit,0
804B54CB0,3020,2.586251487094605e-05,0.0,legit,0
804B665B0,3021,5.17250297418921e-05,0.0,legit,0
804B68790,3022,2.586251487094605e-05,0.0,legit,0
804B68D10,3023,2.586251487094605e-05,0.0,legit,0
804B6C3D0,3024,2.586251487094605e-05,0.0,legit,0
804B760A0,3025,2.586251487094605e-05,0.0,legit,0
804B86600,3026,2.586251487094605e-05,0.0,legit,0
804B8DDF0,3027,2.586251487094605e-05,0.0,legit,0
804B91790,3028,2.586251487094605e-05,0.0,legit,0
804BA5B30,3029,2.586251487094605e-05,0.0,legit,0
804BBC140,3030,0.0001034500594837842,0.0,legit,0
804BBF290,3031,2.586251487094605e-05,0.0,legit,0
804BC61D0,3032,2.586251487094605e-05,0.0,legit,0
804BD28A0,3033,5.17250297418921e-05,0.0,legit,0
804BF26D0,3034,2.586251487094605e-05,0.0,legit,0
804BF6CF0,3035,2.586251487094605e-05,0.0,legit,0
804BFB290,3036,2.586251487094605e-05,0.0,legit,0
804BFDFC0,3037,2.586251487094605e-05,0.0,legit,0
804C03230,3038,5.17250297418921e-05,0.0,legit,0
804C1D720,3039,5.17250297418921e-05,0.0,legit,0
804C24200,3040,5.17250297418921e-05,0.0,legit,0
804C276F0,3041,2.586251487094605e-05,0.0,legit,0
804C3B5A0,3042,2.586251487094605e-05,0.0,legit,0
804C415B0,3043,2.586251487094605e-05,0.0,legit,0
804C65150,3044,2.586251487094605e-05,0.0,legit,0
804C6D580,3045,2.586251487094605e-05,0.0,legit,0
804C70680,3046,5.17250297418921e-05,0.0,legit,0
804C78000,3047,2.586251487094605e-05,0.0,legit,0
804C82C30,3048,5.17250297418921e-05,1.72421225052804e-08,legit,0
804C89D70,3049,5.17250297418921e-05,0.0,legit,0
804CB2B60,3050,5.17250297418921e-05,1.72421225052804e-08,legit,0
804CBAD30,3051,5.17250297418921e-05,0.0,legit,0
804CCEA30,3052,5.17250297418921e-05,0.0,legit,0
804CDDD40,3053,2.586251487094605e-05,0.0,legit,0
804CDE3F0,3054,7.758754461283815e-05,0.0,legit,0
804D06500,3055,2.586251487094605e-05,0.0,legit,0
804D0D550,3056,5.17250297418921e-05,0.0,legit,0
804D12C90,3057,2.586251487094605e-05,0.0,legit,0
804D132D0,3058,2.586251487094605e-05,0.0,legit,0
804D166F0,3059,7.758754461283815e-05,0.0,legit,0
804D2F1E0,3060,2.586251487094605e-05,0.0,legit,0
804D47DE0,3061,2.586251487094605e-05,0.0,legit,0
804D50E70,3062,5.17250297418921e-05,0.0,legit,0
804D5DC10,3063,2.586251487094605e-05,0.0,legit,0
804D7A990,3064,2.586251487094605e-05,0.0,legit,0
804D81260,3065,2.586251487094605e-05,0.0,legit,0
804D9B400,3066,2.586251487094605e-05,0.0,legit,0
804DA0BC0,3067,2.586251487094605e-05,0.0,legit,0
804DAADF0,3068,5.17250297418921e-05,0.0,legit,0
804DD3A90,3069,5.17250297418921e-05,0.0,legit,0
804DDCBA0,3070,0.0001034500594837842,0.0,legit,0
804DDE320,3071,2.586251487094605e-05,0.0,legit,0
804DE9B90,3072,2.586251487094605e-05,0.0,legit,0
804DF1AD0,3073,5.17250297418921e-05,1.72421225052804e-08,legit,0
804E018D0,3074,0.0001034500594837842,0.0,legit,0
804E14200,3075,2.586251487094605e-05,0.0,legit,0
804E1FBF0,3076,2.586251487094605e-05,0.0,legit,0
804E29B10,3077,2.586251487094605e-05,0.0,legit,0
804E473F0,3078,5.17250297418921e-05,0.0,legit,0
804E4D5C0,3079,5.17250297418921e-05,0.0,legit,0
804E4F290,3080,2.586251487094605e-05,0.0,legit,0
804E4F980,3081,2.586251487094605e-05,0.0,legit,0
804E4FF50,3082,2.586251487094605e-05,0.0,legit,0
804E58070,3083,2.586251487094605e-05,0.0,legit,0
804E60050,3084,2.586251487094605e-05,0.0,legit,0
804E65A40,3085,5.17250297418921e-05,0.0,legit,0
804E6CD90,3086,2.586251487094605e-05,0.0,legit,0
804E7BDD0,3087,2.586251487094605e-05,0.0,legit,0
804E818F0,3088,5.17250297418921e-05,1.72421225052804e-08,legit,0
804E873C0,3089,2.586251487094605e-05,0.0,legit,0
804E881A0,3090,5.17250297418921e-05,0.0,legit,0
804E992F0,3091,2.586251487094605e-05,0.0,legit,0
804EB93E0,3092,2.586251487094605e-05,0.0,legit,0
804EC9EE0,3093,2.586251487094605e-05,0.0,legit,0
804ECBF70,3094,5.17250297418921e-05,0.0,legit,0
804ECFE50,3095,7.758754461283815e-05,0.0,legit,0
804ED3500,3096,5.17250297418921e-05,1.72421225052804e-08,legit,0
804ED8250,3097,2.586251487094605e-05,0.0,legit,0
804EDBA10,3098,2.586251487094605e-05,0.0,legit,0
804EE3510,3099,2.586251487094605e-05,0.0,legit,0
804EF3D60,3100,2.586251487094605e-05,0.0,legit,0
804F02DB0,3101,2.586251487094605e-05,0.0,legit,0
804F19B00,3102,5.17250297418921e-05,0.0,legit,0
804F28EE0,3103,2.586251487094605e-05,0.0,legit,0
804F2A8C0,3104,5.17250297418921e-05,0.0,legit,0
804F3FB60,3105,2.586251487094605e-05,0.0,legit,0
804F48DC0,3106,2.586251487094605e-05,0.0,legit,0
804F49A30,3107,2.586251487094605e-05,0.0,legit,0
804F4D990,3108,2.586251487094605e-05,0.0,legit,0
804F4FA50,3109,2.586251487094605e-05,0.0,legit,0
804F50A90,3110,7.758754461283815e-05,0.0,legit,0
804F524A0,3111,0.0001034500594837842,0.0,legit,0
804F58580,3112,5.17250297418921e-05,1.72421225052804e-08,legit,0
804F64050,3113,5.17250297418921e-05,0.0,legit,0
804F6E890,3114,5.17250297418921e-05,0.0,legit,0
804F788A0,3115,2.586251487094605e-05,0.0,legit,0
804F78BB0,3116,2.586251487094605e-05,0.0,legit,0
804F8F591,3117,2.586251487094605e-05,0.0,legit,0
804F8FC80,3118,2.586251487094605e-05,0.0,legit,0
804F99F30,3119,2.586251487094605e-05,0.0,legit,0
804FC0990,3120,2.586251487094605e-05,0.0,legit,0
804FCA2B0,3121,2.586251487094605e-05,0.0,legit,0
804FD3C90,3122,2.586251487094605e-05,0.0,legit,0
804FD72F0,3123,5.17250297418921e-05,0.0,legit,0
80500B900,3124,2.586251487094605e-05,0.0,legit,0
80500C000,3125,5.17250297418921e-05,0.0,legit,0
805021640,3126,5.17250297418921e-05,0.0,legit,0
80502D890,3127,2.586251487094605e-05,0.0,legit,0
80502E560,3128,2.586251487094605e-05,0.0,legit,0
80502F1C0,3129,5.17250297418921e-05,1.72421225052804e-08,legit,0
80502FA70,3130,2.586251487094605e-05,0.0,legit,0
805033930,3131,2.586251487094605e-05,0.0,legit,0
805045DE0,3132,2.586251487094605e-05,0.0,legit,0
80504D5C0,3133,2.586251487094605e-05,0.0,legit,0
805064960,3134,2.586251487094605e-05,0.0,legit,0
805065F10,3135,2.586251487094605e-05,0.0,legit,0
805071BB0,3136,5.17250297418921e-05,0.0,legit,0
805073C90,3137,2.586251487094605e-05,0.0,legit,0
80507E050,3138,5.17250297418921e-05,0.0,legit,0
80507EE90,3139,2.586251487094605e-05,0.0,legit,0
8050AAAD0,3140,2.586251487094605e-05,0.0,legit,0
8050BC3C0,3141,2.586251487094605e-05,0.0,legit,0
8050CEB30,3142,5.17250297418921e-05,0.0,legit,0
8050D9100,3143,2.586251487094605e-05,0.0,legit,0
8050D9A80,28,5.17250297418921e-05,7.672744514849779e-06,legit,1
8050D9AD0,3144,5.17250297418921e-05,0.0,legit,0
8050DFB90,3145,2.586251487094605e-05,0.0,legit,0
8050E5BA0,3146,5.17250297418921e-05,0.0,legit,0
805101450,3147,5.17250297418921e-05,0.0,legit,0
80510AB90,3148,5.17250297418921e-05,0.0,legit,0
805113200,3149,5.17250297418921e-05,0.0,legit,0
805128BB0,3150,2.586251487094605e-05,0.0,legit,0
805128C00,3151,2.586251487094605e-05,0.0,legit,0
805131FC0,3152,5.17250297418921e-05,0.0,legit,0
805142950,3153,5.17250297418921e-05,0.0,legit,0
8051439E0,3154,2.586251487094605e-05,0.0,legit,0
80514FCB0,3155,2.586251487094605e-05,0.0,legit,0
805167930,3156,2.586251487094605e-05,0.0,legit,0
805168BA0,3157,5.17250297418921e-05,0.0,legit,0
805176FF0,3158,5.17250297418921e-05,0.0,legit,0
805188340,3159,2.586251487094605e-05,0.0,legit,0
80518AF90,3160,2.586251487094605e-05,0.0,legit,0
8051AC6C0,3161,2.586251487094605e-05,0.0,legit,0
8051B6110,3162,5.17250297418921e-05,0.0,legit,0
8051C4510,3163,2.586251487094605e-05,0.0,legit,0
8051C7590,3164,2.586251487094605e-05,0.0,legit,0
8051DEFA0,3165,5.17250297418921e-05,0.0,legit,0
8051E8DC0,3166,2.586251487094605e-05,0.0,legit,0
8051F6960,3167,2.586251487094605e-05,0.0,legit,0
8051FCA80,3168,2.586251487094605e-05,0.0,legit,0
8051FE710,3169,5.17250297418921e-05,0.0,legit,0
805214EC0,3170,5.17250297418921e-05,0.0,legit,0
805216880,3171,2.586251487094605e-05,0.0,legit,0
805217C20,3172,2.586251487094605e-05,0.0,legit,0
805218990,3173,5.17250297418921e-05,0.0,legit,0
805227060,3174,7.758754461283815e-05,0.0,legit,0
805228150,3175,2.586251487094605e-05,0.0,legit,0
805229860,3176,5.17250297418921e-05,0.0,legit,0
805243B70,3177,2.586251487094605e-05,0.0,legit,0
805253590,3178,5.17250297418921e-05,0.0,legit,0
805270EB0,3179,2.586251487094605e-05,0.0,legit,0
805271F70,3180,2.586251487094605e-05,0.0,legit,0
805276B50,3181,2.586251487094605e-05,0.0,legit,0
80528A640,3182,5.17250297418921e-05,0.0,legit,0
80529A8F0,3183,2.586251487094605e-05,0.0,legit,0
8052A86B0,3184,5.17250297418921e-05,0.0,legit,0
8052A9230,3185,2.586251487094605e-05,0.0,legit,0
8052CC460,3186,5.17250297418921e-05,0.0,legit,0
8052D29B0,3187,2.586251487094605e-05,0.0,legit,0
8052D6440,3188,2.586251487094605e-05,0.0,legit,0
8052DCF90,3189,2.586251487094605e-05,0.0,legit,0
8052E4A70,3190,5.17250297418921e-05,0.0,legit,0
8052F44F0,3191,5.17250297418921e-05,0.0,legit,0
8052F5F90,3192,2.586251487094605e-05,0.0,legit,0
805303870,3193,2.586251487094605e-05,0.0,legit,0
805303EE0,3194,2.586251487094605e-05,0.0,legit,0
80530EC50,3195,5.17250297418921e-05,0.0,legit,0
805323B70,3196,0.0001034500594837842,0.0,legit,0
805327000,3197,2.586251487094605e-05,0.0,legit,0
805328B40,3198,2.586251487094605e-05,0.0,legit,0
80534A090,3199,2.586251487094605e-05,0.0,legit,0
80534EE50,3200,2.586251487094605e-05,0.0,legit,0
8053529C0,3201,2.586251487094605e-05,0.0,legit,0
8053669D0,3202,2.586251487094605e-05,0.0,legit,0
80537BA90,3203,5.17250297418921e-05,1.72421225052804e-08,legit,0
80537C460,3204,7.758754461283815e-05,0.0,legit,0
8053A0CC0,3205,5.17250297418921e-05,0.0,legit,0
8053AE420,3206,5.17250297418921e-05,0.0,legit,0
8053B0360,3207,2.586251487094605e-05,0.0,legit,0
8053B3850,3208,2.586251487094605e-05,0.0,legit,0
8053C6C50,3209,2.586251487094605e-05,0.0,legit,0
8053C7E30,3210,5.17250297418921e-05,0.0,legit,0
8053CFC80,3211,2.586251487094605e-05,0.0,legit,0
8053D8210,3212,5.17250297418921e-05,0.0,legit,0
8053EE5F0,3213,5.17250297418921e-05,0.0,legit,0
8053EECD0,3214,2.586251487094605e-05,0.0,legit,0
8053F2590,3215,2.586251487094605e-05,0.0,legit,0
8053F3340,3216,2.586251487094605e-05,0.0,legit,0
80540CC80,3217,2.586251487094605e-05,0.0,legit,0
80541C570,3218,2.586251487094605e-05,0.0,legit,0
80541D8A0,3219,5.17250297418921e-05,0.0,legit,0
805442D90,3220,2.586251487094605e-05,0.0,legit,0
805445580,3221,5.17250297418921e-05,0.0,legit,0
805447D10,3222,5.17250297418921e-05,0.0,legit,0
805451520,3223,2.586251487094605e-05,0.0,legit,0
805456420,3224,5.17250297418921e-05,0.0,legit,0
80545BAC0,3225,2.586251487094605e-05,0.0,legit,0
80545DCA0,3226,2.586251487094605e-05,0.0,legit,0
80545FD30,3227,5.17250297418921e-05,0.0,legit,0
8054604D0,3228,2.586251487094605e-05,0.0,legit,0
80546AD80,3229,2.586251487094605e-05,0.0,legit,0
80546CEE0,3230,2.586251487094605e-05,0.0,legit,0
805473D40,3231,2.586251487094605e-05,0.0,legit,0
80547B410,3232,2.586251487094605e-05,0.0,legit,0
805485A80,3233,2.586251487094605e-05,0.0,legit,0
80548B6C0,3234,2.586251487094605e-05,0.0,legit,0
805491510,3235,7.758754461283815e-05,3.44842450105608e-08,legit,0
805492260,3236,7.758754461283815e-05,0.0,legit,0
805493260,3237,5.17250297418921e-05,0.0,legit,0
805493F30,3238,5.17250297418921e-05,0.0,legit,0
805498620,3239,2.586251487094605e-05,0.0,legit,0
8054A1D70,3240,0.0001034500594837842,0.0,legit,0
8054AA9B0,3241,5.17250297418921e-05,0.0,legit,0
8054B2400,3242,2.586251487094605e-05,0.0,legit,0
8054C40E0,3243,2.586251487094605e-05,0.0,legit,0
8054CB650,3244,2.586251487094605e-05,0.0,legit,0
8054CC190,3245,2.586251487094605e-05,0.0,legit,0
8054CD930,3246,2.586251487094605e-05,0.0,legit,0
8054D82A0,3247,2.586251487094605e-05,0.0,legit,0
8054DC4E0,3248,5.17250297418921e-05,0.0,legit,0
8054F8A80,3249,2.586251487094605e-05,0.0,legit,0
805516C20,3250,5.17250297418921e-05,0.0,legit,0
805527330,3251,2.586251487094605e-05,0.0,legit,0
80553D250,3252,2.586251487094605e-05,0.0,legit,0
805543420,3253,5.17250297418921e-05,0.0,legit,0
80554FDB0,3254,2.586251487094605e-05,0.0,legit,0
805552B10,3255,2.586251487094605e-05,0.0,legit,0
80555AC30,3256,5.17250297418921e-05,0.0,legit,0
805565260,3257,2.586251487094605e-05,0.0,legit,0
805567000,3258,2.586251487094605e-05,0.0,legit,0
805569900,3259,2.586251487094605e-05,0.0,legit,0
805582950,3260,5.17250297418921e-05,0.0,legit,0
80558D080,3261,2.586251487094605e-05,0.0,legit,0
80558F3A0,3262,2.586251487094605e-05,0.0,legit,0
805595190,3263,2.586251487094605e-05,0.0,legit,0
8055AF830,3264,2.586251487094605e-05,0.0,legit,0
8055BB090,3265,2.586251487094605e-05,0.0,legit,0
8055BF650,3266,2.586251487094605e-05,0.0,legit,0
8055CD040,3267,2.586251487094605e-05,0.0,legit,0
8055D4CE0,3268,2.586251487094605e-05,0.0,legit,0
8055D87D0,3269,2.586251487094605e-05,0.0,legit,0
8055E7C80,3270,2.586251487094605e-05,0.0,legit,0
8055EBE10,3271,2.586251487094605e-05,0.0,legit,0
805607370,3272,2.586251487094605e-05,0.0,legit,0
80561BA60,3273,2.586251487094605e-05,0.0,legit,0
80561C380,3274,5.17250297418921e-05,0.0,legit,0
805631AE0,3275,2.586251487094605e-05,0.0,legit,0
805633A20,3276,2.586251487094605e-05,0.0,legit,0
80563E990,1541,5.17250297418921e-05,1.72421225052804e-08,legit,1
80564C3F0,3277,5.17250297418921e-05,0.0,legit,0
805658200,3278,7.758754461283815e-05,0.0,legit,0
805664130,3279,2.586251487094605e-05,0.0,legit,0
805671D80,3280,2.586251487094605e-05,0.0,legit,0
805675610,3281,2.586251487094605e-05,0.0,legit,0
805677770,3282,2.586251487094605e-05,0.0,legit,0
805687F50,3283,5.17250297418921e-05,0.0,legit,0
805691CF0,3284,7.758754461283815e-05,0.0,legit,0
805692A70,3285,2.586251487094605e-05,0.0,legit,0
8056A26B0,3286,2.586251487094605e-05,0.0,legit,0
8056A6570,3287,2.586251487094605e-05,0.0,legit,0
8056AFD50,3288,2.586251487094605e-05,0.0,legit,0
8056B9D70,3289,2.586251487094605e-05,0.0,legit,0
8056C5580,3290,5.17250297418921e-05,0.0,legit,0
8056C90E0,3291,2.586251487094605e-05,0.0,legit,0
8056CA620,3292,2.586251487094605e-05,0.0,legit,0
8056CD710,3293,7.758754461283815e-05,0.0,legit,0
8056CF580,3294,5.17250297418921e-05,0.0,legit,0
8056DBE50,3295,2.586251487094605e-05,0.0,legit,0
8056F7BF0,3296,2.586251487094605e-05,0.0,legit,0
80570F620,3297,5.17250297418921e-05,0.0,legit,0
80573E860,3298,5.17250297418921e-05,0.0,legit,0
8057461F0,3299,5.17250297418921e-05,0.0,legit,0
80574F450,3300,2.586251487094605e-05,0.0,legit,0
805756CA0,3301,2.586251487094605e-05,0.0,legit,0
80575D3A0,3302,2.586251487094605e-05,0.0,legit,0
805769430,1580,5.17250297418921e-05,0.0,legit,0
80576A1C0,3303,5.17250297418921e-05,0.0,legit,0
805783240,3304,5.17250297418921e-05,0.0,legit,0
80578D750,3305,2.586251487094605e-05,0.0,legit,0
805799040,3306,5.17250297418921e-05,0.0,legit,0
80579DBE0,3307,2.586251487094605e-05,0.0,legit,0
8057B2BA0,3308,5.17250297418921e-05,0.0,legit,0
8057B62C0,3309,5.17250297418921e-05,0.0,legit,0
8057CD3C0,3310,7.758754461283815e-05,0.0,legit,0
8057D6260,3311,2.586251487094605e-05,0.0,legit,0
8057DAA20,3312,5.17250297418921e-05,0.0,legit,0
8057E1460,3313,2.586251487094605e-05,0.0,legit,0
8057E92A0,3314,5.17250297418921e-05,0.0,legit,0
80580F280,3315,2.586251487094605e-05,0.0,legit,0
805810BF0,3316,2.586251487094605e-05,0.0,legit,0
80581A7E0,3317,5.17250297418921e-05,0.0,legit,0
805821D70,3318,2.586251487094605e-05,0.0,legit,0
805823A30,3319,5.17250297418921e-05,0.0,legit,0
805835440,3320,2.586251487094605e-05,0.0,legit,0
805836D70,3321,2.586251487094605e-05,0.0,legit,0
8058449C0,3322,2.586251487094605e-05,0.0,legit,0
805851170,3323,2.586251487094605e-05,0.0,legit,0
8058568F0,3324,2.586251487094605e-05,0.0,legit,0
80585D020,3325,2.586251487094605e-05,0.0,legit,0
80585FA10,3326,2.586251487094605e-05,0.0,legit,0
805871D10,3327,5.17250297418921e-05,0.0,legit,0
80587B6D0,3328,5.17250297418921e-05,0.0,legit,0
80587D480,3329,2.586251487094605e-05,0.0,legit,0
80587FE20,3330,2.586251487094605e-05,0.0,legit,0
805889A20,3331,2.586251487094605e-05,0.0,legit,0
8058CB570,3332,5.17250297418921e-05,0.0,legit,0
8058D2E00,3333,5.17250297418921e-05,0.0,legit,0
8058D8250,3334,2.586251487094605e-05,0.0,legit,0
8058E21F0,3335,5.17250297418921e-05,0.0,legit,0
8058E7AF0,3336,5.17250297418921e-05,1.72421225052804e-08,legit,0
8058F80A0,3337,2.586251487094605e-05,0.0,legit,0
80590F490,3338,5.17250297418921e-05,0.0,legit,0
805911180,3339,2.586251487094605e-05,0.0,legit,0
805921370,3340,2.586251487094605e-05,0.0,legit,0
805927320,3341,2.586251487094605e-05,0.0,legit,0
805930360,3342,2.586251487094605e-05,0.0,legit,0
805930EC0,3343,2.586251487094605e-05,0.0,legit,0
805938640,3344,5.17250297418921e-05,0.0,legit,0
80593D000,3345,2.586251487094605e-05,0.0,legit,0
805944460,3346,5.17250297418921e-05,1.72421225052804e-08,legit,0
80595A800,3347,2.586251487094605e-05,0.0,legit,0
80596FD30,3348,2.586251487094605e-05,0.0,legit,0
8059734A0,3349,2.586251487094605e-05,0.0,legit,0
805985B40,3350,2.586251487094605e-05,0.0,legit,0
805988390,3351,5.17250297418921e-05,0.0,legit,0
8059A6C60,3352,5.17250297418921e-05,0.0,legit,0
8059C9160,3353,2.586251487094605e-05,0.0,legit,0
8059E23F0,3354,2.586251487094605e-05,0.0,legit,0
8059E42F0,3355,7.758754461283815e-05,0.0,legit,0
8059E4700,3356,2.586251487094605e-05,0.0,legit,0
8059E4AA0,3357,2.586251487094605e-05,0.0,legit,0
8059EABA0,3358,2.586251487094605e-05,0.0,legit,0
8059F3610,3359,2.586251487094605e-05,0.0,legit,0
805A00DD0,3360,2.586251487094605e-05,0.0,legit,0
805A03A20,3361,5.17250297418921e-05,0.0,legit,0
805A0A210,3362,2.586251487094605e-05,0.0,legit,0
805A16280,3363,2.586251487094605e-05,0.0,legit,0
805A16370,3364,2.586251487094605e-05,0.0,legit,0
805A1FCC0,3365,5.17250297418921e-05,0.0,legit,0
805A21E30,3366,2.586251487094605e-05,0.0,legit,0
805A3D9B0,3367,2.586251487094605e-05,0.0,legit,0
805A3E180,3368,7.758754461283815e-05,0.0,legit,0
805A426D0,3369,2.586251487094605e-05,0.0,legit,0
805A436F0,3370,5.17250297418921e-05,1.72421225052804e-08,legit,0
805A478C0,3371,2.586251487094605e-05,0.0,legit,0
805A54D20,3372,2.586251487094605e-05,0.0,legit,0
805A64760,3373,2.586251487094605e-05,0.0,legit,0
805A68140,3374,7.758754461283815e-05,0.0,legit,0
805A73D60,3375,2.586251487094605e-05,0.0,legit,0
805A7E9D0,3376,2.586251487094605e-05,0.0,legit,0
805A84960,3377,7.758754461283815e-05,0.0,legit,0
805A91B70,3378,2.586251487094605e-05,0.0,legit,0
805A94090,3379,2.586251487094605e-05,0.0,legit,0
805A9D800,3380,2.586251487094605e-05,0.0,legit,0
805AA0910,3381,5.17250297418921e-05,0.0,legit,0
805AA7BA0,3382,2.586251487094605e-05,0.0,legit,0
805AB04E0,3383,5.17250297418921e-05,1.72421225052804e-08,legit,0
805AC0100,3384,5.17250297418921e-05,0.0,legit,0
805AC8B50,3385,2.586251487094605e-05,0.0,legit,0
805ACC850,3386,2.586251487094605e-05,0.0,legit,0
805ACD7A0,3387,7.758754461283815e-05,0.0,legit,0
805AD7650,3388,2.586251487094605e-05,0.0,legit,0
805AED730,3389,2.586251487094605e-05,0.0,legit,0
805AFD180,3390,2.586251487094605e-05,0.0,legit,0
805B01910,3391,2.586251487094605e-05,0.0,legit,0
805B16B50,3392,2.586251487094605e-05,0.0,legit,0
805B1D3F0,3393,7.758754461283815e-05,0.0,legit,0
805B26960,3394,5.17250297418921e-05,0.0,legit,0
805B39D30,3395,2.586251487094605e-05,0.0,legit,0
805B3E160,3396,2.586251487094605e-05,0.0,legit,0
805B5FEF0,3397,2.586251487094605e-05,0.0,legit,0
805B73480,3398,0.00012931257435473025,0.0,legit,0
805B7C010,3399,2.586251487094605e-05,0.0,legit,0
805B881D0,3400,2.586251487094605e-05,0.0,legit,0
805B8E450,3401,2.586251487094605e-05,0.0,legit,0
805B95230,3402,2.586251487094605e-05,0.0,legit,0
805B961D0,3403,2.586251487094605e-05,0.0,legit,0
805B9DAA0,3404,2.586251487094605e-05,0.0,legit,0
805BA0600,3405,2.586251487094605e-05,0.0,legit,0
805BA0890,3406,7.758754461283815e-05,3.44842450105608e-08,legit,0
805BA5D10,3407,5.17250297418921e-05,0.0,legit,0
805BB0160,3408,5.17250297418921e-05,0.0,legit,0
805BC1240,3409,5.17250297418921e-05,0.0,legit,0
805BEF5F0,3410,2.586251487094605e-05,0.0,legit,0
805BFA540,3411,2.586251487094605e-05,0.0,legit,0
805C05A40,3412,5.17250297418921e-05,0.0,legit,0
805C0ADB0,3413,2.586251487094605e-05,0.0,legit,0
805C108D0,3414,2.586251487094605e-05,0.0,legit,0
805C16F10,3415,5.17250297418921e-05,0.0,legit,0
805C338D0,3416,2.586251487094605e-05,0.0,legit,0
805C40021,3417,5.17250297418921e-05,0.0,legit,0
805C55E80,3418,2.586251487094605e-05,0.0,legit,0
805C5C050,3419,2.586251487094605e-05,0.0,legit,0
805C5D790,3420,2.586251487094605e-05,0.0,legit,0
805C60BB0,3421,2.586251487094605e-05,0.0,legit,0
805C67300,3422,5.17250297418921e-05,0.0,legit,0
805C71A40,3423,2.586251487094605e-05,0.0,legit,0
805C7E710,3424,2.586251487094605e-05,0.0,legit,0
805C81B20,3425,2.586251487094605e-05,0.0,legit,0
805C8AF50,3426,5.17250297418921e-05,0.0,legit,0
805C8DD70,3427,2.586251487094605e-05,0.0,legit,0
805C8F8D0,3428,7.758754461283815e-05,0.0,legit,0
805C9CFB0,3429,2.586251487094605e-05,0.0,legit,0
805CA4E00,3430,2.586251487094605e-05,0.0,legit,0
805CA92A0,3431,2.586251487094605e-05,0.0,legit,0
805CAB600,3432,2.586251487094605e-05,0.0,legit,0
805CB4C40,3433,5.17250297418921e-05,0.0,legit,0
805CB4D30,3434,2.586251487094605e-05,0.0,legit,0
805CBE4C0,3435,2.586251487094605e-05,0.0,legit,0
805CC2430,3436,2.586251487094605e-05,0.0,legit,0
805CD5B30,3437,2.586251487094605e-05,0.0,legit,0
805CD5B80,3438,7.758754461283815e-05,0.0,legit,0
805CE0490,3439,2.586251487094605e-05,0.0,legit,0
805CE0B60,3440,5.17250297418921e-05,0.0,legit,0
805CF1100,3441,2.586251487094605e-05,0.0,legit,0
805CF17E0,3442,2.586251487094605e-05,0.0,legit,0
805D03D40,3443,2.586251487094605e-05,0.0,legit,0
805D14E20,3444,5.17250297418921e-05,0.0,legit,0
805D1AFB0,3445,2.586251487094605e-05,0.0,legit,0
805D1D470,3446,2.586251487094605e-05,0.0,legit,0
805D23370,3447,5.17250297418921e-05,0.0,legit,0
805D265D0,3448,5.17250297418921e-05,0.0,legit,0
805D27440,3449,2.586251487094605e-05,0.0,legit,0
805D29FB0,3450,5.17250297418921e-05,1.72421225052804e-08,legit,0
805D2A590,3451,2.586251487094605e-05,0.0,legit,0
805D3C010,1489,5.17250297418921e-05,1.034527350316824e-07,legit,0
805D400A0,3452,2.586251487094605e-05,0.0,legit,0
805D4A480,3453,2.586251487094605e-05,0.0,legit,0
805D4D8F0,3454,7.758754461283815e-05,0.0,legit,0
805D66B50,3455,2.586251487094605e-05,0.0,legit,0
805D69D10,3456,2.586251487094605e-05,0.0,legit,0
805D6A2A0,3457,2.586251487094605e-05,0.0,legit,0
805D6F1A0,3458,2.586251487094605e-05,0.0,legit,0
805D87B20,3459,5.17250297418921e-05,0.0,legit,0
805D87E00,3460,5.17250297418921e-05,0.0,legit,0
805D897E0,3461,5.17250297418921e-05,0.0,legit,0
805D9DD00,3462,2.586251487094605e-05,0.0,legit,0
805DAF4F0,3463,2.586251487094605e-05,0.0,legit,0
805DB1C10,3464,7.758754461283815e-05,0.0,legit,0
805DC4860,3465,2.586251487094605e-05,0.0,legit,0
805DD44F0,3466,2.586251487094605e-05,0.0,legit,0
805DD7410,3467,5.17250297418921e-05,0.0,legit,0
805DF1300,3468,2.586251487094605e-05,0.0,legit,0
805DFEA30,3469,2.586251487094605e-05,0.0,legit,0
805E02040,3470,5.17250297418921e-05,0.0,legit,0
805E29AC0,3471,2.586251487094605e-05,0.0,legit,0
805E468E0,3472,2.586251487094605e-05,0.0,legit,0
805E4B240,3473,2.586251487094605e-05,0.0,legit,0
805E50ED0,3474,7.758754461283815e-05,0.0,legit,0
805E51940,3475,7.758754461283815e-05,3.44842450105608e-08,legit,0
805E62A70,3476,2.586251487094605e-05,0.0,legit,0
805E66280,3477,2.586251487094605e-05,0.0,legit,0
805E67950,3478,2.586251487094605e-05,0.0,legit,0
805E68AA0,3479,2.586251487094605e-05,0.0,legit,0
805E68E60,3480,5.17250297418921e-05,0.0,legit,0
805E6A850,3481,5.17250297418921e-05,0.0,legit,0
805E6F540,3482,5.17250297418921e-05,0.0,legit,0
805E8B0C0,3483,2.586251487094605e-05,0.0,legit,0
805E8DD80,3484,2.586251487094605e-05,0.0,legit,0
805E96A70,3485,7.758754461283815e-05,0.0,legit,0
805EAA3D0,3486,5.17250297418921e-05,1.72421225052804e-08,legit,0
805EAE8B0,3487,5.17250297418921e-05,0.0,legit,0
805EB95B0,3488,2.586251487094605e-05,0.0,legit,0
805EC01E0,3489,2.586251487094605e-05,0.0,legit,0
805ECABF0,3490,2.586251487094605e-05,0.0,legit,0
805EEC410,3491,2.586251487094605e-05,0.0,legit,0
805EF53C0,3492,2.586251487094605e-05,0.0,legit,0
805F08FD0,3493,2.586251487094605e-05,0.0,legit,0
805F0B990,3494,2.586251487094605e-05,0.0,legit,0
805F1AB20,3495,5.17250297418921e-05,0.0,legit,0
805F25580,3496,2.586251487094605e-05,0.0,legit,0
805F26560,3497,5.17250297418921e-05,1.72421225052804e-08,legit,0
805F4B720,3498,5.17250297418921e-05,0.0,legit,0
805F55E30,3499,5.17250297418921e-05,0.0,legit,0
805F77F00,3500,5.17250297418921e-05,0.0,legit,0
805F96960,3501,0.00012931257435473025,0.0,legit,0
805F98400,3502,2.586251487094605e-05,0.0,legit,0
805F99590,3503,2.586251487094605e-05,0.0,legit,0
805FA8A00,3504,7.758754461283815e-05,0.0,legit,0
805FA8DC0,3505,5.17250297418921e-05,0.0,legit,0
805FAEE10,3506,2.586251487094605e-05,0.0,legit,0
805FE04F0,3507,2.586251487094605e-05,0.0,legit,0
805FF3780,3508,7.758754461283815e-05,0.0,legit,0
805FFE950,3509,5.17250297418921e-05,0.0,legit,0
8060132A0,3510,5.17250297418921e-05,1.72421225052804e-08,legit,0
8060146E0,3511,5.17250297418921e-05,0.0,legit,0
80601C2C0,3512,2.586251487094605e-05,0.0,legit,0
806033C50,3513,7.758754461283815e-05,0.0,legit,0
806044EC0,3514,2.586251487094605e-05,0.0,legit,0
806045D10,3515,2.586251487094605e-05,0.0,legit,0
806051300,3516,5.17250297418921e-05,0.0,legit,0
806051D20,3517,5.17250297418921e-05,0.0,legit,0
806057980,3518,2.586251487094605e-05,0.0,legit,0
8060642E0,3519,2.586251487094605e-05,0.0,legit,0
8060692B0,3520,2.586251487094605e-05,0.0,legit,0
806069A10,3521,2.586251487094605e-05,0.0,legit,0
806069C10,3522,5.17250297418921e-05,0.0,legit,0
806070090,3523,5.17250297418921e-05,0.0,legit,0
8060839B0,3524,2.586251487094605e-05,0.0,legit,0
8060859B0,3525,2.586251487094605e-05,0.0,legit,0
806092D00,3526,2.586251487094605e-05,0.0,legit,0
8060C8680,3527,5.17250297418921e-05,0.0,legit,0
8060CA270,3528,2.586251487094605e-05,0.0,legit,0
8060D5EC0,3529,2.586251487094605e-05,0.0,legit,0
8060D8CC0,28,5.17250297418921e-05,7.672744514849779e-06,legit,1
8060DBDA0,3530,2.586251487094605e-05,0.0,legit,0
8060E3810,3531,2.586251487094605e-05,0.0,legit,0
8060E5E60,3532,5.17250297418921e-05,0.0,legit,0
806102C40,3533,2.586251487094605e-05,0.0,legit,0
80611C440,3534,2.586251487094605e-05,0.0,legit,0
80613BC20,3535,7.758754461283815e-05,0.0,legit,0
80614D1C0,3536,2.586251487094605e-05,0.0,legit,0
806163950,3537,5.17250297418921e-05,0.0,legit,0
806173AB0,3538,5.17250297418921e-05,0.0,legit,0
8061777F0,3539,5.17250297418921e-05,0.0,legit,0
806197D20,3540,5.17250297418921e-05,0.0,legit,0
80619C440,3541,2.586251487094605e-05,0.0,legit,0
8061B0A80,3542,2.586251487094605e-05,0.0,legit,0
8061C0FE0,3543,2.586251487094605e-05,0.0,legit,0
8061D4A10,3544,5.17250297418921e-05,0.0,legit,0
8061D6030,3545,5.17250297418921e-05,0.0,legit,0
8061D6E10,3546,2.586251487094605e-05,0.0,legit,0
8061DD870,3547,7.758754461283815e-05,0.0,legit,0
8061F5A90,3548,5.17250297418921e-05,0.0,legit,0
8061FDD60,3549,5.17250297418921e-05,0.0,legit,0
8062085C0,3550,2.586251487094605e-05,0.0,legit,0
80620F660,3551,2.586251487094605e-05,0.0,legit,0
806226560,3552,5.17250297418921e-05,1.72421225052804e-08,legit,0
8062438E0,3553,2.586251487094605e-05,0.0,legit,0
806255000,3554,5.17250297418921e-05,0.0,legit,0
8062663B0,3555,2.586251487094605e-05,0.0,legit,0
806267380,3556,2.586251487094605e-05,0.0,legit,0
80626F420,3557,2.586251487094605e-05,0.0,legit,0
806279DA0,3558,2.586251487094605e-05,0.0,legit,0
80627E2A0,3559,2.586251487094605e-05,0.0,legit,0
80628A480,3560,2.586251487094605e-05,0.0,legit,0
80628F170,3561,2.586251487094605e-05,0.0,legit,0
8062A3470,3562,2.586251487094605e-05,0.0,legit,0
8062ADEE0,266,5.17250297418921e-05,7.672744514849779e-06,legit,1
8062B2450,3563,2.586251487094605e-05,0.0,legit,0
8062BB700,3564,2.586251487094605e-05,0.0,legit,0
8062C25A0,3565,2.586251487094605e-05,0.0,legit,0
8062C4F00,3566,2.586251487094605e-05,0.0,legit,0
8062CA860,3567,2.586251487094605e-05,0.0,legit,0
8062EA9E0,3568,2.586251487094605e-05,0.0,legit,0
8062EE8E0,3569,2.586251487094605e-05,0.0,legit,0
806307320,3570,2.586251487094605e-05,0.0,legit,0
806318D00,3571,2.586251487094605e-05,0.0,legit,0
806330430,3572,5.17250297418921e-05,1.72421225052804e-08,legit,0
8063324C0,3573,7.758754461283815e-05,0.0,legit,0
806342C20,3574,2.586251487094605e-05,0.0,legit,0
806342FB0,3575,2.586251487094605e-05,0.0,legit,0
806348780,3576,5.17250297418921e-05,0.0,legit,0
80636AD20,3577,5.17250297418921e-05,0.0,legit,0
8063716F0,3578,2.586251487094605e-05,0.0,legit,0
806385D40,3579,2.586251487094605e-05,0.0,legit,0
8063AAAD0,3580,2.586251487094605e-05,0.0,legit,0
8063AB030,3581,2.586251487094605e-05,0.0,legit,0
8063C0370,3582,2.586251487094605e-05,0.0,legit,0
8063C1490,3583,7.758754461283815e-05,0.0,legit,0
8063C3180,3584,5.17250297418921e-05,0.0,legit,0
8063C6DE0,3585,5.17250297418921e-05,3.44842450105608e-08,legit,0
8063C9C40,3586,2.586251487094605e-05,0.0,legit,0
8063D2990,3587,2.586251487094605e-05,0.0,legit,0
8063E78D0,3588,2.586251487094605e-05,0.0,legit,0
8063EEC40,3589,2.586251487094605e-05,0.0,legit,0
8063F0D80,3590,2.586251487094605e-05,0.0,legit,0
8063F5680,3591,2.586251487094605e-05,0.0,legit,0
806402D90,3592,2.586251487094605e-05,0.0,legit,0
806414C80,3593,2.586251487094605e-05,0.0,legit,0
8064155F0,3594,5.17250297418921e-05,0.0,legit,0
806418F80,3595,2.586251487094605e-05,0.0,legit,0
80641C680,3596,5.17250297418921e-05,0.0,legit,0
806429C50,3597,2.586251487094605e-05,0.0,legit,0
806435DA0,3598,2.586251487094605e-05,0.0,legit,0
80643FA30,3599,2.586251487094605e-05,0.0,legit,0
80644E280,3600,2.586251487094605e-05,0.0,legit,0
806450B50,3601,5.17250297418921e-05,0.0,legit,0
806452EF0,3602,2.586251487094605e-05,0.0,legit,0
806454350,3603,5.17250297418921e-05,0.0,legit,0
8064625B0,3604,5.17250297418921e-05,0.0,legit,0
8064637A0,3605,2.586251487094605e-05,0.0,legit,0
80647AE20,3606,2.586251487094605e-05,0.0,legit,0
80647B3D0,3607,2.586251487094605e-05,0.0,legit,0
80647E470,3608,2.586251487094605e-05,0.0,legit,0
8064825C0,3609,5.17250297418921e-05,0.0,legit,0
8064827B0,3610,2.586251487094605e-05,0.0,legit,0
806485DA0,3611,2.586251487094605e-05,0.0,legit,0
806487CE0,3612,2.586251487094605e-05,0.0,legit,0
806495460,3613,5.17250297418921e-05,0.0,legit,0
8064995F0,3614,2.586251487094605e-05,0.0,legit,0
8064A1AF0,3615,2.586251487094605e-05,0.0,legit,0
8064B2110,3616,7.758754461283815e-05,0.0,legit,0
8064D0940,3617,5.17250297418921e-05,1.72421225052804e-08,legit,0
8064D6000,3618,5.17250297418921e-05,0.0,legit,0
8064D6D80,3619,2.586251487094605e-05,0.0,legit,0
8064DF900,3620,2.586251487094605e-05,0.0,legit,0
8064EB790,3621,2.586251487094605e-05,0.0,legit,0
8064FD260,3622,2.586251487094605e-05,0.0,legit,0
806508240,3623,5.17250297418921e-05,0.0,legit,0
806512E90,3624,2.586251487094605e-05,0.0,legit,0
8065136F0,3625,2.586251487094605e-05,0.0,legit,0
806526030,3626,2.586251487094605e-05,0.0,legit,0
806528400,3627,2.586251487094605e-05,0.0,legit,0
80652E520,3628,7.758754461283815e-05,0.0,legit,0
8065316D0,3629,2.586251487094605e-05,0.0,legit,0
806531F60,3630,2.586251487094605e-05,0.0,legit,0
80654E3A0,3631,2.586251487094605e-05,0.0,legit,0
806556A50,3632,2.586251487094605e-05,0.0,legit,0
806559240,3633,5.17250297418921e-05,1.72421225052804e-08,legit,0
80655F290,3634,2.586251487094605e-05,0.0,legit,0
806574940,3635,5.17250297418921e-05,0.0,legit,0
80657CD50,3636,2.586251487094605e-05,0.0,legit,0
80657F980,3637,5.17250297418921e-05,0.0,legit,0
80658B5E0,35,0.0001034500594837842,2.3018233544549336e-05,legit,1
80659C2E0,3638,2.586251487094605e-05,0.0,legit,0
80659F8E0,3639,2.586251487094605e-05,0.0,legit,0
80659FF70,3640,2.586251487094605e-05,0.0,legit,0
8065B2210,3641,2.586251487094605e-05,0.0,legit,0
8065B4A90,3642,5.17250297418921e-05,0.0,legit,0
8065BBB70,3643,2.586251487094605e-05,0.0,legit,0
8065BC290,3644,2.586251487094605e-05,0.0,legit,0
8065C2C90,3645,7.758754461283815e-05,0.0,legit,0
8065C30A0,3646,5.17250297418921e-05,1.72421225052804e-08,legit,0
8065CEB20,3647,2.586251487094605e-05,0.0,legit,0
8065D4890,3648,2.586251487094605e-05,0.0,legit,0
8065D8320,3649,5.17250297418921e-05,0.0,legit,0
8065DB140,3650,2.586251487094605e-05,0.0,legit,0
8065DD430,3651,2.586251487094605e-05,0.0,legit,0
8065DF380,3652,2.586251487094605e-05,0.0,legit,0
8065E8730,3653,5.17250297418921e-05,0.0,legit,0
8065E9DD0,3654,2.586251487094605e-05,0.0,legit,0
8065F04D0,3655,2.586251487094605e-05,0.0,legit,0
8065F61D0,3656,2.586251487094605e-05,0.0,legit,0
8065FD540,3657,2.586251487094605e-05,0.0,legit,0
80660BF60,3658,2.586251487094605e-05,0.0,legit,0
80661ADA0,3659,5.17250297418921e-05,0.0,legit,0
80661E7B0,3660,7.758754461283815e-05,3.44842450105608e-08,legit,0
80662BAD0,3661,2.586251487094605e-05,0.0,legit,0
80662CF30,3662,5.17250297418921e-05,0.0,legit,0
806641950,3663,5.17250297418921e-05,0.0,legit,0
806650610,3664,2.586251487094605e-05,0.0,legit,0
806656310,3665,5.17250297418921e-05,0.0,legit,0
806668190,3666,2.586251487094605e-05,0.0,legit,0
80666CF30,3667,5.17250297418921e-05,0.0,legit,0
806672B00,3668,5.17250297418921e-05,0.0,legit,0
806686470,3669,2.586251487094605e-05,0.0,legit,0
80668A6F0,3670,5.17250297418921e-05,0.0,legit,0
80668F830,3671,5.17250297418921e-05,1.72421225052804e-08,legit,0
806698850,3672,2.586251487094605e-05,0.0,legit,0
8066A4680,3673,2.586251487094605e-05,0.0,legit,0
8066C98D0,3674,5.17250297418921e-05,0.0,legit,0
8066D1960,3675,2.586251487094605e-05,0.0,legit,0
8066E1400,3676,2.586251487094605e-05,0.0,legit,0
8066ED190,3677,5.17250297418921e-05,0.0,legit,0
8066F4520,3678,2.586251487094605e-05,0.0,legit,0
806702F70,3679,2.586251487094605e-05,0.0,legit,0
80670C550,3680,2.586251487094605e-05,0.0,legit,0
806718CB0,3681,5.17250297418921e-05,0.0,legit,0
80671A0C0,3682,2.586251487094605e-05,0.0,legit,0
806730AB0,3683,5.17250297418921e-05,1.72421225052804e-08,legit,0
8067519E0,3684,2.586251487094605e-05,0.0,legit,0
80675DA00,3685,2.586251487094605e-05,0.0,legit,0
80676AB00,3686,2.586251487094605e-05,0.0,legit,0
80676E280,3687,2.586251487094605e-05,0.0,legit,0
806773CC0,3688,2.586251487094605e-05,0.0,legit,0
8067791C1,3689,2.586251487094605e-05,0.0,legit,0
806785950,3690,2.586251487094605e-05,0.0,legit,0
806787910,3691,5.17250297418921e-05,1.72421225052804e-08,legit,0
8067A55D0,3692,2.586251487094605e-05,0.0,legit,0
8067C5290,3693,5.17250297418921e-05,0.0,legit,0
8067C5480,3694,2.586251487094605e-05,0.0,legit,0
8067CB5E0,3695,2.586251487094605e-05,0.0,legit,0
8067D81B0,3696,2.586251487094605e-05,0.0,legit,0
8067D9C20,3697,2.586251487094605e-05,0.0,legit,0
8067DDA00,3698,5.17250297418921e-05,0.0,legit,0
8067EDB10,3699,2.586251487094605e-05,0.0,legit,0
8067F0E50,489,5.17250297418921e-05,0.0,legit,1
80681E690,3700,7.758754461283815e-05,6.89684900211216e-08,legit,0
80681F080,3701,2.586251487094605e-05,0.0,legit,0
806839080,3702,2.586251487094605e-05,0.0,legit,0
80683D480,3703,2.586251487094605e-05,0.0,legit,0
8068401D0,3704,5.17250297418921e-05,0.0,legit,0
80686D720,3705,2.586251487094605e-05,0.0,legit,0
8068731F0,3706,2.586251487094605e-05,0.0,legit,0
80687C3A0,3707,2.586251487094605e-05,0.0,legit,0
8068834F0,3708,2.586251487094605e-05,0.0,legit,0
80689AEF0,3709,5.17250297418921e-05,0.0,legit,0
8068BA5E0,1594,7.758754461283815e-05,1.379369800422432e-07,legit,0
8068DA8F0,3710,2.586251487094605e-05,0.0,legit,0
8068EAE80,3711,2.586251487094605e-05,0.0,legit,0
8068F1A60,3712,0.0001034500594837842,0.0,legit,0
806917A50,3713,2.586251487094605e-05,0.0,legit,0
80691F2C0,3714,5.17250297418921e-05,0.0,legit,0
80692CDB0,3715,2.586251487094605e-05,0.0,legit,0
806932FA0,3716,2.586251487094605e-05,0.0,legit,0
806933BE0,3717,2.586251487094605e-05,0.0,legit,0
80693A5B0,3718,2.586251487094605e-05,0.0,legit,0
80693C960,3719,2.586251487094605e-05,0.0,legit,0
806942310,3720,2.586251487094605e-05,0.0,legit,0
8069544F0,3721,2.586251487094605e-05,0.0,legit,0
80695CA40,3722,5.17250297418921e-05,0.0,legit,0
80699FBB0,3723,2.586251487094605e-05,0.0,legit,0
8069A49F0,3724,2.586251487094605e-05,0.0,legit,0
8069AB290,3725,2.586251487094605e-05,0.0,legit,0
8069B0470,3726,2.586251487094605e-05,0.0,legit,0
8069B2700,3727,5.17250297418921e-05,0.0,legit,0
8069B4990,3728,5.17250297418921e-05,0.0,legit,0
8069B9D60,3729,2.586251487094605e-05,0.0,legit,0
8069DA350,3730,5.17250297418921e-05,0.0,legit,0
8069EC370,3731,2.586251487094605e-05,0.0,legit,0
8069F4050,3732,2.586251487094605e-05,0.0,legit,0
8069F4D70,3733,7.758754461283815e-05,0.0,legit,0
8069F6730,3734,5.17250297418921e-05,0.0,legit,0
8069F8E30,3735,0.0001034500594837842,0.0,legit,0
8069FAFB0,3736,2.586251487094605e-05,0.0,legit,0
806A09CD0,3737,2.586251487094605e-05,0.0,legit,0
806A21480,3738,2.586251487094605e-05,0.0,legit,0
806A283B0,3739,2.586251487094605e-05,0.0,legit,0
806A2F010,3740,7.758754461283815e-05,3.44842450105608e-08,legit,0
806A47020,3741,2.586251487094605e-05,0.0,legit,0
806A48160,3742,5.17250297418921e-05,0.0,legit,0
806A558E0,3743,2.586251487094605e-05,0.0,legit,0
806A58BB0,3744,2.586251487094605e-05,0.0,legit,0
806A62AB0,3745,2.586251487094605e-05,0.0,legit,0
806A66940,3746,7.758754461283815e-05,0.0,legit,0
806A6B720,3747,2.586251487094605e-05,0.0,legit,0
806A7B6F0,3748,2.586251487094605e-05,0.0,legit,0
806A83910,3749,5.17250297418921e-05,0.0,legit,0
806A84BA0,3750,7.758754461283815e-05,0.0,legit,0
806A87870,3751,2.586251487094605e-05,0.0,legit,0
806A89DE0,3752,5.17250297418921e-05,0.0,legit,0
806A8A5F0,3753,7.758754461283815e-05,0.0,legit,0
806A8AEE0,3754,7.758754461283815e-05,0.0,legit,0
806A98C00,3755,2.586251487094605e-05,0.0,legit,0
806AB0120,3756,2.586251487094605e-05,0.0,legit,0
806AB5830,3757,2.586251487094605e-05,0.0,legit,0
806AC9FD0,3758,2.586251487094605e-05,0.0,legit,0
806AF0280,3759,7.758754461283815e-05,0.0,legit,0
806AFD060,3760,2.586251487094605e-05,0.0,legit,0
806B04E40,3761,2.586251487094605e-05,0.0,legit,0
806B0F180,3762,2.586251487094605e-05,0.0,legit,0
806B23DB0,3763,2.586251487094605e-05,0.0,legit,0
806B2E1F0,3764,2.586251487094605e-05,0.0,legit,0
806B38310,3765,2.586251487094605e-05,0.0,legit,0
806B39760,3766,5.17250297418921e-05,0.0,legit,0
806B40470,3767,2.586251487094605e-05,0.0,legit,0
806B40C50,3768,2.586251487094605e-05,0.0,legit,0
806B420E0,3769,5.17250297418921e-05,0.0,legit,0
806B44910,3770,5.17250297418921e-05,0.0,legit,0
806B4C2D0,75,2.586251487094605e-05,0.0,legit,1
806B5F8D0,3771,2.586251487094605e-05,0.0,legit,0
806B63290,3772,2.586251487094605e-05,0.0,legit,0
806B63FC0,3773,2.586251487094605e-05,0.0,legit,0
806B75AF0,3774,2.586251487094605e-05,0.0,legit,0
806B875B0,3775,2.586251487094605e-05,0.0,legit,0
806B8A900,3776,2.586251487094605e-05,0.0,legit,0
806B9DBB0,3777,5.17250297418921e-05,0.0,legit,0
806BA2D60,3778,5.17250297418921e-05,0.0,legit,0
806BC0EF0,3779,2.586251487094605e-05,0.0,legit,0
806BC1E60,3780,2.586251487094605e-05,0.0,legit,0
806BC1EB0,3781,2.586251487094605e-05,0.0,legit,0
806BC6610,3782,2.586251487094605e-05,0.0,legit,0
806BC9BC0,3783,2.586251487094605e-05,0.0,legit,0
806BF75B0,3784,5.17250297418921e-05,0.0,legit,0
806BF8400,3785,2.586251487094605e-05,0.0,legit,0
806BF9000,3786,2.586251487094605e-05,0.0,legit,0
806BFA040,3787,2.586251487094605e-05,0.0,legit,0
806C22D90,3788,0.00012931257435473025,0.0,legit,0
806C23EC0,3789,0.0001034500594837842,0.0,legit,0
806C25120,3790,5.17250297418921e-05,0.0,legit,0
806C3BB10,3791,2.586251487094605e-05,0.0,legit,0
806C4F430,3792,5.17250297418921e-05,0.0,legit,0
806C54A00,3793,2.586251487094605e-05,0.0,legit,0
806C640B0,3794,5.17250297418921e-05,1.72421225052804e-08,legit,0
806C68EA0,3795,2.586251487094605e-05,0.0,legit,0
806C69860,3796,5.17250297418921e-05,0.0,legit,0
806C6FDC0,3797,2.586251487094605e-05,0.0,legit,0
806C74550,3798,2.586251487094605e-05,0.0,legit,0
806C75280,3799,5.17250297418921e-05,0.0,legit,0
806C9BF40,3800,2.586251487094605e-05,0.0,legit,0
806CA6160,3801,7.758754461283815e-05,0.0,legit,0
806CC3E30,3802,2.586251487094605e-05,0.0,legit,0
806CC6240,3803,2.586251487094605e-05,0.0,legit,0
806CC9800,3804,5.17250297418921e-05,0.0,legit,0
806CCD8F0,3805,2.586251487094605e-05,0.0,legit,0
806CD7630,3806,7.758754461283815e-05,0.0,legit,0
806D01100,3807,5.17250297418921e-05,0.0,legit,0
806D13550,3808,5.17250297418921e-05,1.72421225052804e-08,legit,0
806D166D0,3809,5.17250297418921e-05,0.0,legit,0
806D16EF0,3810,2.586251487094605e-05,0.0,legit,0
806D1CCB0,3811,2.586251487094605e-05,0.0,legit,0
806D28FE0,3812,2.586251487094605e-05,0.0,legit,0
806D29250,3813,2.586251487094605e-05,0.0,legit,0
806D2BA00,3814,2.586251487094605e-05,0.0,legit,0
806D38D30,3815,2.586251487094605e-05,0.0,legit,0
806D46E50,3816,2.586251487094605e-05,0.0,legit,0
806D5DBE0,3817,2.586251487094605e-05,0.0,legit,0
806D641C0,3818,5.17250297418921e-05,0.0,legit,0
806D6C080,3819,2.586251487094605e-05,0.0,legit,0
806D76FD0,3820,2.586251487094605e-05,0.0,legit,0
806D7A170,3821,7.758754461283815e-05,0.0,legit,0
806D8E5D0,3822,7.758754461283815e-05,0.0,legit,0
806D97D50,3823,2.586251487094605e-05,0.0,legit,0
806DA8640,3824,2.586251487094605e-05,0.0,legit,0
806DB86F0,3825,5.17250297418921e-05,0.0,legit,0
806DCF7A0,3826,2.586251487094605e-05,0.0,legit,0
806DDFF60,3827,5.17250297418921e-05,0.0,legit,0
806DE0250,3828,5.17250297418921e-05,0.0,legit,0
806DEDAD0,237,7.758754461283815e-05,3.44842450105608e-08,legit,1
806DF0030,3829,2.586251487094605e-05,0.0,legit,0
806DF0500,3830,2.586251487094605e-05,0.0,legit,0
806DF5350,3831,2.586251487094605e-05,0.0,legit,0
806E11760,3832,5.17250297418921e-05,0.0,legit,0
806E23B70,3833,2.586251487094605e-05,0.0,legit,0
806E30B40,3834,5.17250297418921e-05,1.72421225052804e-08,legit,0
806E50D50,1526,5.17250297418921e-05,1.72421225052804e-08,legit,0
806E623C0,3835,2.586251487094605e-05,0.0,legit,0
806E63950,3836,5.17250297418921e-05,0.0,legit,0
806E75F30,3837,2.586251487094605e-05,0.0,legit,0
806EA41B0,3838,5.17250297418921e-05,0.0,legit,0
806ECE8E0,3839,2.586251487094605e-05,0.0,legit,0
806ED5570,3840,2.586251487094605e-05,0.0,legit,0
806ED7E40,3841,5.17250297418921e-05,0.0,legit,0
806ED9E20,3842,5.17250297418921e-05,0.0,legit,0
806EDCAE0,3843,2.586251487094605e-05,0.0,legit,0
806EDD3F0,3844,7.758754461283815e-05,0.0,legit,0
806EE8CA0,3845,2.586251487094605e-05,0.0,legit,0
806EF2B80,3846,2.586251487094605e-05,0.0,legit,0
806F009F0,3847,2.586251487094605e-05,0.0,legit,0
806F018D0,3848,2.586251487094605e-05,0.0,legit,0
806F066D0,3849,2.586251487094605e-05,0.0,legit,0
806F06F00,3850,2.586251487094605e-05,0.0,legit,0
806F121D0,175,7.758754461283815e-05,1.5345489029699558e-05,legit,1
806F1AE00,3851,2.586251487094605e-05,0.0,legit,0
806F1BF70,3852,2.586251487094605e-05,0.0,legit,0
806F1C3D0,3853,2.586251487094605e-05,0.0,legit,0
806F1CD70,3854,5.17250297418921e-05,0.0,legit,0
806F238F0,3855,2.586251487094605e-05,0.0,legit,0
806F3A070,3856,5.17250297418921e-05,0.0,legit,0
806F3D5C0,3857,5.17250297418921e-05,0.0,legit,0
806F40E70,3858,5.17250297418921e-05,0.0,legit,0
806F5A6A0,3859,5.17250297418921e-05,0.0,legit,0
806F6FA90,3860,2.586251487094605e-05,0.0,legit,0
806F7B7C0,3861,2.586251487094605e-05,0.0,legit,0
806F91A40,3862,2.586251487094605e-05,0.0,legit,0
806FA47A0,3863,2.586251487094605e-05,0.0,legit,0
806FA47F0,3864,2.586251487094605e-05,0.0,legit,0
806FB1450,3865,5.17250297418921e-05,0.0,legit,0
806FBC170,3866,7.758754461283815e-05,0.0,legit,0
806FDC5A0,3867,2.586251487094605e-05,0.0,legit,0
806FE5010,3868,2.586251487094605e-05,0.0,legit,0
806FEFB10,3869,5.17250297418921e-05,1.72421225052804e-08,legit,0
8070037C0,3870,2.586251487094605e-05,0.0,legit,0
8070133B0,3871,2.586251487094605e-05,0.0,legit,0
80703EEA0,3872,2.586251487094605e-05,0.0,legit,0
80704F060,3873,2.586251487094605e-05,0.0,legit,0
8070577B0,3874,2.586251487094605e-05,0.0,legit,0
807077D40,3875,5.17250297418921e-05,0.0,legit,0
80707C850,3876,2.586251487094605e-05,0.0,legit,0
807083B60,3877,2.586251487094605e-05,0.0,legit,0
807089C20,3878,5.17250297418921e-05,0.0,legit,0
807096730,3879,2.586251487094605e-05,0.0,legit,0
80709CAA0,3880,2.586251487094605e-05,0.0,legit,0
80709FD70,3881,5.17250297418921e-05,0.0,legit,0
8070C6A90,3882,2.586251487094605e-05,0.0,legit,0
8070D2B80,3883,2.586251487094605e-05,0.0,legit,0
807100CF0,3884,2.586251487094605e-05,0.0,legit,0
80710BA70,3885,2.586251487094605e-05,0.0,legit,0
80710C370,3886,2.586251487094605e-05,0.0,legit,0
807116DD0,3887,7.758754461283815e-05,0.0,legit,0
807127A30,3888,2.586251487094605e-05,0.0,legit,0
80712DFD0,3889,5.17250297418921e-05,0.0,legit,0
807132C60,3890,2.586251487094605e-05,0.0,legit,0
807137150,3891,5.17250297418921e-05,0.0,legit,0
807145A60,3892,5.17250297418921e-05,0.0,legit,0
807146530,3893,2.586251487094605e-05,0.0,legit,0
8071499A0,3894,2.586251487094605e-05,0.0,legit,0
80714EBD0,1623,5.17250297418921e-05,0.0,legit,0
80714FAA0,3895,2.586251487094605e-05,0.0,legit,0
807156F00,3896,2.586251487094605e-05,0.0,legit,0
80715DDE0,3897,2.586251487094605e-05,0.0,legit,0
80717F6B0,3898,5.17250297418921e-05,0.0,legit,0
807199280,3899,2.586251487094605e-05,0.0,legit,0
8071A0440,3900,2.586251487094605e-05,0.0,legit,0
8071A3870,3901,5.17250297418921e-05,0.0,legit,0
8071AC5B0,3902,5.17250297418921e-05,0.0,legit,0
8071C2DB0,3903,5.17250297418921e-05,0.0,legit,0
8071CAEE0,3904,2.586251487094605e-05,0.0,legit,0
8071CF2C0,3905,7.758754461283815e-05,0.0,legit,0
8071D5410,3906,5.17250297418921e-05,0.0,legit,0
8071D7570,3907,5.17250297418921e-05,0.0,legit,0
8071E8830,3908,2.586251487094605e-05,0.0,legit,0
8071EDF40,3909,5.17250297418921e-05,1.72421225052804e-08,legit,0
8071F0EC0,3910,2.586251487094605e-05,0.0,legit,0
807216210,3911,2.586251487094605e-05,0.0,legit,0
807218FC0,3912,2.586251487094605e-05,0.0,legit,0
80721C0C0,3913,5.17250297418921e-05,0.0,legit,0
80722F030,3914,7.758754461283815e-05,0.0,legit,0
807238C30,3915,5.17250297418921e-05,0.0,legit,0
8072655E0,3916,5.17250297418921e-05,0.0,legit,0
807266990,3917,2.586251487094605e-05,0.0,legit,0
807269C60,3918,2.586251487094605e-05,0.0,legit,0
80726E6E0,3919,2.586251487094605e-05,0.0,legit,0
807272950,3920,5.17250297418921e-05,0.0,legit,0
807275320,3921,7.758754461283815e-05,0.0,legit,0
8072834F0,3922,2.586251487094605e-05,0.0,legit,0
807292F80,2,2.586251487094605e-05,0.0,legit,1
807294430,3923,2.586251487094605e-05,0.0,legit,0
807294EC0,3924,7.758754461283815e-05,0.0,legit,0
80729D360,3925,5.17250297418921e-05,1.72421225052804e-08,legit,0
8072A6500,3926,2.586251487094605e-05,0.0,legit,0
8072A6770,3927,2.586251487094605e-05,0.0,legit,0
8072AE480,3928,5.17250297418921e-05,0.0,legit,0
8072B9820,3929,2.586251487094605e-05,0.0,legit,0
8072E75D0,3930,5.17250297418921e-05,0.0,legit,0
8072F7500,3931,7.758754461283815e-05,0.0,legit,0
8072FF440,3932,2.586251487094605e-05,0.0,legit,0
807319870,3933,2.586251487094605e-05,0.0,legit,0
807330DC0,3934,2.586251487094605e-05,0.0,legit,0
807331720,3935,5.17250297418921e-05,0.0,legit,0
807333290,3936,2.586251487094605e-05,0.0,legit,0
8073387A0,3937,2.586251487094605e-05,0.0,legit,0
8073390B0,3938,2.586251487094605e-05,0.0,legit,0
807341050,3939,2.586251487094605e-05,0.0,legit,0
807350280,3940,2.586251487094605e-05,0.0,legit,0
807356370,3941,2.586251487094605e-05,0.0,legit,0
80735A500,3942,2.586251487094605e-05,0.0,legit,0
80735DF60,3943,5.17250297418921e-05,0.0,legit,0
80736EAE0,3944,5.17250297418921e-05,0.0,legit,0
80738B330,3945,2.586251487094605e-05,0.0,legit,0
807398170,3946,2.586251487094605e-05,0.0,legit,0
8073A2190,3947,5.17250297418921e-05,0.0,legit,0
8073A7770,3948,5.17250297418921e-05,1.72421225052804e-08,legit,0
8073BA550,3949,2.586251487094605e-05,0.0,legit,0
8073BB750,3950,2.586251487094605e-05,0.0,legit,0
8073C01F0,3951,2.586251487094605e-05,0.0,legit,0
8073D8A70,3952,2.586251487094605e-05,0.0,legit,0
8073E5FC0,3953,2.586251487094605e-05,0.0,legit,0
8073E6920,3954,2.586251487094605e-05,0.0,legit,0
8073E6B40,3955,2.586251487094605e-05,0.0,legit,0
8073F93C0,3956,2.586251487094605e-05,0.0,legit,0
8073FCC00,3957,2.586251487094605e-05,0.0,legit,0
8073FE0A0,3958,2.586251487094605e-05,0.0,legit,0
80741F830,3959,2.586251487094605e-05,0.0,legit,0
80742D430,3960,5.17250297418921e-05,0.0,legit,0
80744B320,3961,2.586251487094605e-05,0.0,legit,0
80745A430,3962,2.586251487094605e-05,0.0,legit,0
8074618E0,3963,2.586251487094605e-05,0.0,legit,0
807487310,3964,7.758754461283815e-05,0.0,legit,0
8074918D0,3965,5.17250297418921e-05,0.0,legit,0
807493490,3966,2.586251487094605e-05,0.0,legit,0
8074A0FB0,3967,2.586251487094605e-05,0.0,legit,0
8074CB7C0,3968,5.17250297418921e-05,0.0,legit,0
8074CF440,3969,5.17250297418921e-05,0.0,legit,0
8074D0500,3970,5.17250297418921e-05,0.0,legit,0
8074E3D50,3971,2.586251487094605e-05,0.0,legit,0
80750C1E0,3972,5.17250297418921e-05,1.72421225052804e-08,legit,0
80750E0E0,3973,5.17250297418921e-05,0.0,legit,0
80752A460,3974,5.17250297418921e-05,0.0,legit,0
8075519D0,3975,2.586251487094605e-05,0.0,legit,0
807565B20,3976,5.17250297418921e-05,0.0,legit,0
80756DAD0,3977,5.17250297418921e-05,0.0,legit,0
80757FDE0,3978,2.586251487094605e-05,0.0,legit,0
807582F50,3979,2.586251487094605e-05,0.0,legit,0
8075A68C0,3980,2.586251487094605e-05,0.0,legit,0
8075C1080,3981,5.17250297418921e-05,0.0,legit,0
8075C14B0,3982,2.586251487094605e-05,0.0,legit,0
8075CDBD0,3983,2.586251487094605e-05,0.0,legit,0
8075DB110,3984,2.586251487094605e-05,0.0,legit,0
8075E3A80,3985,2.586251487094605e-05,0.0,legit,0
8075FD290,3986,2.586251487094605e-05,0.0,legit,0
807600B90,3987,2.586251487094605e-05,0.0,legit,0
80760C7A0,3988,2.586251487094605e-05,0.0,legit,0
807617A70,3989,5.17250297418921e-05,0.0,legit,0
807622D00,3990,5.17250297418921e-05,1.72421225052804e-08,legit,0
807630230,3991,7.758754461283815e-05,0.0,legit,0
80765A700,3992,2.586251487094605e-05,0.0,legit,0
8076631D0,3993,2.586251487094605e-05,0.0,legit,0
807665070,3994,2.586251487094605e-05,0.0,legit,0
8076656B0,3995,2.586251487094605e-05,0.0,legit,0
807669960,3996,5.17250297418921e-05,0.0,legit,0
8076778B0,3997,5.17250297418921e-05,0.0,legit,0
80767C610,3998,5.17250297418921e-05,0.0,legit,0
80769B5D0,3999,5.17250297418921e-05,0.0,legit,0
80769DB70,4000,7.758754461283815e-05,0.0,legit,0
8076A8200,4001,2.586251487094605e-05,0.0,legit,0
8076B1790,4002,5.17250297418921e-05,1.72421225052804e-08,legit,0
8076B20E0,4003,5.17250297418921e-05,0.0,legit,0
8076B4A20,4004,2.586251487094605e-05,0.0,legit,0
8076B7790,4005,2.586251487094605e-05,0.0,legit,0
8076BF771,4006,2.586251487094605e-05,0.0,legit,0
8076C5460,559,5.17250297418921e-05,0.0,legit,0
8076DF240,4007,5.17250297418921e-05,0.0,legit,0
8076DF290,4008,2.586251487094605e-05,0.0,legit,0
8076F27E0,4009,5.17250297418921e-05,0.0,legit,0
8076F8360,4010,5.17250297418921e-05,0.0,legit,0
8076FD080,4011,2.586251487094605e-05,0.0,legit,0
807706620,4012,2.586251487094605e-05,0.0,legit,0
807724BE0,4013,5.17250297418921e-05,0.0,legit,0
807748370,4014,5.17250297418921e-05,0.0,legit,0
807750C30,4015,7.758754461283815e-05,0.0,legit,0
807751D10,4016,2.586251487094605e-05,0.0,legit,0
80775B080,4017,5.17250297418921e-05,0.0,legit,0
807762640,4018,5.17250297418921e-05,0.0,legit,0
807764C80,4019,5.17250297418921e-05,0.0,legit,0
80776E450,4020,2.586251487094605e-05,0.0,legit,0
8077794D0,4021,2.586251487094605e-05,0.0,legit,0
80777EE30,4022,2.586251487094605e-05,0.0,legit,0
807798480,4023,7.758754461283815e-05,0.0,legit,0
80779A6B0,4024,5.17250297418921e-05,0.0,legit,0
8077AC420,4025,2.586251487094605e-05,0.0,legit,0
8077ACC30,4026,5.17250297418921e-05,0.0,legit,0
8077CE6B0,4027,7.758754461283815e-05,3.44842450105608e-08,legit,0
8077CEFA0,4028,2.586251487094605e-05,0.0,legit,0
8077ED330,4029,2.586251487094605e-05,0.0,legit,0
8077EF4E0,4030,7.758754461283815e-05,0.0,legit,0
8078238D0,4031,7.758754461283815e-05,0.0,legit,0
8078258E0,4032,2.586251487094605e-05,0.0,legit,0
80782ACB0,4033,2.586251487094605e-05,0.0,legit,0
80782FA30,4034,5.17250297418921e-05,0.0,legit,0
8078411E0,4035,2.586251487094605e-05,0.0,legit,0
80784E3F0,4036,2.586251487094605e-05,0.0,legit,0
8078531B0,4037,2.586251487094605e-05,0.0,legit,0
80785AFD0,4038,2.586251487094605e-05,0.0,legit,0
80785EC30,4039,2.586251487094605e-05,0.0,legit,0
8078735E0,4040,2.586251487094605e-05,0.0,legit,0
80787BE40,4041,2.586251487094605e-05,0.0,legit,0
8078897F0,4042,2.586251487094605e-05,0.0,legit,0
8078A54D0,4043,5.17250297418921e-05,0.0,legit,0
8078A7C50,4044,2.586251487094605e-05,0.0,legit,0
8078ADDC0,4045,5.17250297418921e-05,0.0,legit,0
8078B45E0,4046,2.586251487094605e-05,0.0,legit,0
8078B5830,4047,2.586251487094605e-05,0.0,legit,0
8078BCAC0,4048,5.17250297418921e-05,0.0,legit,0
8078BE910,135,5.17250297418921e-05,0.0,legit,1
8078D2570,4049,5.17250297418921e-05,0.0,legit,0
8078E9EB0,4050,5.17250297418921e-05,0.0,legit,0
8078EA320,4051,2.586251487094605e-05,0.0,legit,0
8078EAA50,4052,5.17250297418921e-05,0.0,legit,0
8078F4B90,4053,2.586251487094605e-05,0.0,legit,0
8078F59C0,4054,2.586251487094605e-05,0.0,legit,0
807905930,4055,2.586251487094605e-05,0.0,legit,0
80790B3E0,4056,2.586251487094605e-05,0.0,legit,0
80790D240,4057,2.586251487094605e-05,0.0,legit,0
80790EBF0,4058,2.586251487094605e-05,0.0,legit,0
8079130A0,4059,2.586251487094605e-05,0.0,legit,0
807925C60,4060,0.00012931257435473025,0.0,legit,0
807929830,4061,5.17250297418921e-05,0.0,legit,0
80793C5E0,4062,2.586251487094605e-05,0.0,legit,0
807940870,4063,2.586251487094605e-05,0.0,legit,0
807943680,4064,2.586251487094605e-05,0.0,legit,0
80796A9F0,4065,2.586251487094605e-05,0.0,legit,0
807983A10,4066,5.17250297418921e-05,0.0,legit,0
807998450,4067,2.586251487094605e-05,0.0,legit,0
8079B0D40,4068,2.586251487094605e-05,0.0,legit,0
8079BC6C0,4069,5.17250297418921e-05,0.0,legit,0
8079BE550,4070,5.17250297418921e-05,0.0,legit,0
8079BF740,4071,2.586251487094605e-05,0.0,legit,0
8079CA450,4072,2.586251487094605e-05,0.0,legit,0
8079CAAA0,4073,2.586251487094605e-05,0.0,legit,0
8079D47C0,4074,2.586251487094605e-05,0.0,legit,0
8079E7860,4075,7.758754461283815e-05,0.0,legit,0
8079F0720,4076,5.17250297418921e-05,0.0,legit,0
8079F3960,2,5.17250297418921e-05,0.00020664683822578563,legit,1
807A11C90,4077,5.17250297418921e-05,0.0,legit,0
807A18A40,4078,5.17250297418921e-05,1.72421225052804e-08,legit,0
807A2A900,4079,5.17250297418921e-05,0.0,legit,0
807A2B780,4080,2.586251487094605e-05,0.0,legit,0
807A2F4E0,4081,2.586251487094605e-05,0.0,legit,0
807A3C2A0,4082,2.586251487094605e-05,0.0,legit,0
807A66150,4083,5.17250297418921e-05,0.0,legit,0
807A686C0,4084,2.586251487094605e-05,0.0,legit,0
807A68D10,4085,5.17250297418921e-05,0.0,legit,0
807A7FCE0,4086,2.586251487094605e-05,0.0,legit,0
807A896D0,4087,5.17250297418921e-05,0.0,legit,0
807AAE960,4088,2.586251487094605e-05,0.0,legit,0
807AAEBF0,4089,5.17250297418921e-05,0.0,legit,0
807AB65F0,4090,5.17250297418921e-05,0.0,legit,0
807AC1370,4091,2.586251487094605e-05,0.0,legit,0
807ACB6F0,4092,5.17250297418921e-05,0.0,legit,0
807ACD790,4093,2.586251487094605e-05,0.0,legit,0
807ACDBB0,4094,2.586251487094605e-05,0.0,legit,0
807ACE4A0,4095,5.17250297418921e-05,0.0,legit,0
807AD73F0,4096,2.586251487094605e-05,0.0,legit,0
807AD7A00,4097,2.586251487094605e-05,0.0,legit,0
807AD90E0,4098,2.586251487094605e-05,0.0,legit,0
807AD9410,4099,2.586251487094605e-05,0.0,legit,0
807ADD960,4100,2.586251487094605e-05,0.0,legit,0
807AE5E90,4101,2.586251487094605e-05,0.0,legit,0
807AF18B0,4102,2.586251487094605e-05,0.0,legit,0
807AF8680,4103,5.17250297418921e-05,0.0,legit,0
807AFCAE0,4104,5.17250297418921e-05,0.0,legit,0
807B110A0,4105,5.17250297418921e-05,0.0,legit,0
807B16620,4106,2.586251487094605e-05,0.0,legit,0
807B32700,4107,5.17250297418921e-05,0.0,legit,0
807B42D70,4108,2.586251487094605e-05,0.0,legit,0
807B43860,4109,5.17250297418921e-05,0.0,legit,0
807B4BCE0,4110,5.17250297418921e-05,0.0,legit,0
807B5C610,4111,2.586251487094605e-05,0.0,legit,0
807B677D0,4112,5.17250297418921e-05,0.0,legit,0
807B69200,4113,2.586251487094605e-05,0.0,legit,0
807B6AC20,50,2.586251487094605e-05,0.0,legit,1
807B74800,4114,2.586251487094605e-05,0.0,legit,0
807B7D2A0,0,5.17250297418921e-05,7.672744514849779e-06,legit,1
807B94600,4115,5.17250297418921e-05,0.0,legit,0
807B9E150,4116,2.586251487094605e-05,0.0,legit,0
807BA1B70,4117,2.586251487094605e-05,0.0,legit,0
807BBA8E0,4118,2.586251487094605e-05,0.0,legit,0
807BC9FF0,4119,2.586251487094605e-05,0.0,legit,0
807BD86D0,4120,2.586251487094605e-05,0.0,legit,0
807BEBEF0,4121,2.586251487094605e-05,0.0,legit,0
807BEC0C0,4122,2.586251487094605e-05,0.0,legit,0
807BF37B0,4123,7.758754461283815e-05,0.0,legit,0
807BF78A0,4124,2.586251487094605e-05,0.0,legit,0
807BFE4E0,4125,2.586251487094605e-05,0.0,legit,0
807BFF730,4126,2.586251487094605e-05,0.0,legit,0
807C00D60,4127,2.586251487094605e-05,0.0,legit,0
807C035E0,4128,2.586251487094605e-05,0.0,legit,0
807C03630,4129,2.586251487094605e-05,0.0,legit,0
807C12840,4130,5.17250297418921e-05,0.0,legit,0
807C32680,4131,2.586251487094605e-05,0.0,legit,0
807C468B0,4132,2.586251487094605e-05,0.0,legit,0
807C4DC50,4133,5.17250297418921e-05,0.0,legit,0
807C5C2A0,4134,7.758754461283815e-05,0.0,legit,0
807C5DA00,4135,2.586251487094605e-05,0.0,legit,0
807C63B60,4136,5.17250297418921e-05,0.0,legit,0
807C67000,4137,2.586251487094605e-05,0.0,legit,0
807C70FA0,36,7.758754461283815e-05,1.5345489029699558e-05,legit,1
807C74B90,4138,2.586251487094605e-05,0.0,legit,0
807C9A3C0,4139,2.586251487094605e-05,0.0,legit,0
807CA3CA0,4140,2.586251487094605e-05,0.0,legit,0
807CB66E0,4141,2.586251487094605e-05,0.0,legit,0
807CC5AD0,4142,5.17250297418921e-05,0.0,legit,0
807CCDCB0,4143,2.586251487094605e-05,0.0,legit,0
807CCDEE0,4144,2.586251487094605e-05,0.0,legit,0
807CD24B0,4145,2.586251487094605e-05,0.0,legit,0
807CD48B0,4146,2.586251487094605e-05,0.0,legit,0
807CDF900,4147,2.586251487094605e-05,0.0,legit,0
807CE3AC0,4148,2.586251487094605e-05,0.0,legit,0
807CEB810,4149,2.586251487094605e-05,0.0,legit,0
807CEF390,4150,5.17250297418921e-05,0.0,legit,0
807CF20E0,4151,2.586251487094605e-05,0.0,legit,0
807CFFEE0,4152,7.758754461283815e-05,0.0,legit,0
807D00480,4153,5.17250297418921e-05,0.0,legit,0
807D08970,4154,5.17250297418921e-05,0.0,legit,0
807D14260,4155,5.17250297418921e-05,0.0,legit,0
807D16F40,4156,5.17250297418921e-05,0.0,legit,0
807D20770,4157,2.586251487094605e-05,0.0,legit,0
807D21040,4158,5.17250297418921e-05,0.0,legit,0
807D22440,4159,7.758754461283815e-05,0.0,legit,0
807D224E0,4160,5.17250297418921e-05,1.72421225052804e-08,legit,0
807D455C0,4161,2.586251487094605e-05,0.0,legit,0
807D4ABA0,4162,2.586251487094605e-05,0.0,legit,0
807D4ED80,4163,5.17250297418921e-05,0.0,legit,0
807D82420,4164,2.586251487094605e-05,0.0,legit,0
807D82EB0,4165,2.586251487094605e-05,0.0,legit,0
807D85030,4166,5.17250297418921e-05,0.0,legit,0
807D8AE10,4167,2.586251487094605e-05,0.0,legit,0
807D8F040,4168,2.586251487094605e-05,0.0,legit,0
807D90800,4169,5.17250297418921e-05,1.72421225052804e-08,legit,0
807D99690,4170,2.586251487094605e-05,0.0,legit,0
807D9B840,4171,2.586251487094605e-05,0.0,legit,0
807DB6010,4172,5.17250297418921e-05,0.0,legit,0
807DBF850,4173,2.586251487094605e-05,0.0,legit,0
807DD1A80,4174,2.586251487094605e-05,0.0,legit,0
807DE3D20,4175,2.586251487094605e-05,0.0,legit,0
807DE5400,4176,2.586251487094605e-05,0.0,legit,0
807DFF020,4177,5.17250297418921e-05,0.0,legit,0
807E0AF20,4178,2.586251487094605e-05,0.0,legit,0
807E11AC0,4179,5.17250297418921e-05,0.0,legit,0
807E1DB70,4180,5.17250297418921e-05,0.0,legit,0
807E1E460,4181,5.17250297418921e-05,0.0,legit,0
807E1FFA0,4182,2.586251487094605e-05,0.0,legit,0
807E32280,4183,2.586251487094605e-05,0.0,legit,0
807E35DF0,4184,5.17250297418921e-05,0.0,legit,0
807E3AC80,4185,5.17250297418921e-05,0.0,legit,0
807E3D440,4186,5.17250297418921e-05,0.0,legit,0
807E415B0,4187,5.17250297418921e-05,0.0,legit,0
807E43170,4188,2.586251487094605e-05,0.0,legit,0
807E47940,4189,2.586251487094605e-05,0.0,legit,0
807E47DA0,4190,7.758754461283815e-05,0.0,legit,0
807E49A20,4191,2.586251487094605e-05,0.0,legit,0
807E4A6E0,4192,2.586251487094605e-05,0.0,legit,0
807E562E0,4193,2.586251487094605e-05,0.0,legit,0
807E67E10,4194,5.17250297418921e-05,0.0,legit,0
807E6E4D0,4195,2.586251487094605e-05,0.0,legit,0
807E71F70,4196,5.17250297418921e-05,0.0,legit,0
807E73110,4197,2.586251487094605e-05,0.0,legit,0
807E73A20,4198,2.586251487094605e-05,0.0,legit,0
807E75200,4199,2.586251487094605e-05,0.0,legit,0
807E79D40,4200,2.586251487094605e-05,0.0,legit,0
807E8C8E0,4201,2.586251487094605e-05,0.0,legit,0
807E99A80,4202,2.586251487094605e-05,0.0,legit,0
807E9F9A0,4203,2.586251487094605e-05,0.0,legit,0
807EB1F10,41,5.17250297418921e-05,7.672744514849779e-06,legit,1
807EB5950,4204,2.586251487094605e-05,0.0,legit,0
807EB6A80,4205,7.758754461283815e-05,3.44842450105608e-08,legit,0
807EB7AF0,4206,2.586251487094605e-05,0.0,legit,0
807EB84F0,4207,2.586251487094605e-05,0.0,legit,0
807EBBFF0,4208,5.17250297418921e-05,0.0,legit,0
807ED97E0,4209,5.17250297418921e-05,0.0,legit,0
807EE5A70,4210,5.17250297418921e-05,0.0,legit,0
807EE61C0,4211,5.17250297418921e-05,0.0,legit,0
807EF3430,4212,5.17250297418921e-05,0.0,legit,0
807F09C30,4213,2.586251487094605e-05,0.0,legit,0
807F0B2F0,4214,2.586251487094605e-05,0.0,legit,0
807F1A120,4215,2.586251487094605e-05,0.0,legit,0
807F2F2F0,4216,5.17250297418921e-05,0.0,legit,0
807F39870,4217,2.586251487094605e-05,0.0,legit,0
807F44700,4218,5.17250297418921e-05,0.0,legit,0
807F4B390,4219,2.586251487094605e-05,0.0,legit,0
807F577F0,4220,5.17250297418921e-05,0.0,legit,0
807F5CA80,4221,2.586251487094605e-05,0.0,legit,0
807F60E60,4222,2.586251487094605e-05,0.0,legit,0
807F65790,4223,2.586251487094605e-05,0.0,legit,0
807F68B40,4224,2.586251487094605e-05,0.0,legit,0
807F7CC80,4225,2.586251487094605e-05,0.0,legit,0
807F89EB0,4226,5.17250297418921e-05,0.0,legit,0
807F95780,4227,2.586251487094605e-05,0.0,legit,0
807F98770,4228,2.586251487094605e-05,0.0,legit,0
807FBD070,4229,5.17250297418921e-05,0.0,legit,0
807FD1A00,4230,5.17250297418921e-05,0.0,legit,0
807FE20B0,4231,2.586251487094605e-05,0.0,legit,0
807FE21A0,4232,2.586251487094605e-05,0.0,legit,0
808002DF0,4233,2.586251487094605e-05,0.0,legit,0
808021C30,4234,2.586251487094605e-05,0.0,legit,0
8080293B0,4235,5.17250297418921e-05,0.0,legit,0
808038000,4236,2.586251487094605e-05,0.0,legit,0
80803E010,4237,5.17250297418921e-05,0.0,legit,0
808044A60,4238,2.586251487094605e-05,0.0,legit,0
80804E9F0,4239,5.17250297418921e-05,0.0,legit,0
808058220,4240,5.17250297418921e-05,0.0,legit,0
8080636D0,4241,2.586251487094605e-05,0.0,legit,0
8080756E0,4242,7.758754461283815e-05,0.0,legit,0
80807DFE0,4243,5.17250297418921e-05,0.0,legit,0
80807E030,4244,2.586251487094605e-05,0.0,legit,0
808089590,4245,2.586251487094605e-05,0.0,legit,0
8080B62D0,4246,2.586251487094605e-05,0.0,legit,0
8080BA420,4247,5.17250297418921e-05,0.0,legit,0
8080C0460,4248,2.586251487094605e-05,0.0,legit,0
8080D3CF0,4249,5.17250297418921e-05,0.0,legit,0
8080D4690,4250,5.17250297418921e-05,0.0,legit,0
8080DF640,4251,2.586251487094605e-05,0.0,legit,0
8080E44A0,4252,7.758754461283815e-05,3.44842450105608e-08,legit,0
8080E55D0,4253,2.586251487094605e-05,0.0,legit,0
8080F49A0,4254,2.586251487094605e-05,0.0,legit,0
8080F8BF0,4255,5.17250297418921e-05,0.0,legit,0
8080FD8D0,4256,5.17250297418921e-05,0.0,legit,0
8080FF400,4257,5.17250297418921e-05,0.0,legit,0
80810ECA0,4258,2.586251487094605e-05,0.0,legit,0
808119D00,4259,2.586251487094605e-05,0.0,legit,0
80811A240,4260,2.586251487094605e-05,0.0,legit,0
808129590,4261,2.586251487094605e-05,0.0,legit,0
808138FA0,4262,2.586251487094605e-05,0.0,legit,0
80813D7C0,4263,5.17250297418921e-05,0.0,legit,0
8081445C0,4264,2.586251487094605e-05,0.0,legit,0
80814E430,4265,5.17250297418921e-05,0.0,legit,0
8081558C0,4266,5.17250297418921e-05,0.0,legit,0
80815F8B0,4267,2.586251487094605e-05,0.0,legit,0
8081673C0,4268,2.586251487094605e-05,0.0,legit,0
80816A760,4269,2.586251487094605e-05,0.0,legit,0
808172140,4270,2.586251487094605e-05,0.0,legit,0
808173030,4271,2.586251487094605e-05,0.0,legit,0
808177B80,4272,5.17250297418921e-05,1.72421225052804e-08,legit,0
80817E1F0,4273,2.586251487094605e-05,0.0,legit,0
8081867B0,4274,5.17250297418921e-05,0.0,legit,0
808199780,4275,0.0001034500594837842,0.0,legit,0
80819CA60,4276,5.17250297418921e-05,0.0,legit,0
8081A3930,4277,2.586251487094605e-05,0.0,legit,0
8081A6970,4278,5.17250297418921e-05,0.0,legit,0
8081A8010,4279,2.586251487094605e-05,0.0,legit,0
8081B1EC0,4280,2.586251487094605e-05,0.0,legit,0
8081C8AA0,4281,5.17250297418921e-05,1.72421225052804e-08,legit,0
808206F80,4282,2.586251487094605e-05,0.0,legit,0
80820C180,4283,5.17250297418921e-05,0.0,legit,0
808226B30,4284,5.17250297418921e-05,0.0,legit,0
80823EDB0,4285,2.586251487094605e-05,0.0,legit,0
80824DA80,4286,2.586251487094605e-05,0.0,legit,0
808250CB0,4287,5.17250297418921e-05,0.0,legit,0
808257790,4288,2.586251487094605e-05,0.0,legit,0
808269340,4289,2.586251487094605e-05,0.0,legit,0
80826CA00,4290,2.586251487094605e-05,0.0,legit,0
80826FB70,4291,5.17250297418921e-05,0.0,legit,0
808271C90,4292,2.586251487094605e-05,0.0,legit,0
808272350,4293,2.586251487094605e-05,0.0,legit,0
80827E980,4294,2.586251487094605e-05,0.0,legit,0
808285EF0,4295,2.586251487094605e-05,0.0,legit,0
8082916B0,4296,2.586251487094605e-05,0.0,legit,0
808299B90,347,7.758754461283815e-05,1.034527350316824e-07,legit,0
8082A83E0,4297,5.17250297418921e-05,0.0,legit,0
8082AE760,4298,7.758754461283815e-05,0.0,legit,0
8082BD280,4299,5.17250297418921e-05,0.0,legit,0
8082C80C0,4300,2.586251487094605e-05,0.0,legit,0
8082CED20,4301,2.586251487094605e-05,0.0,legit,0
8082D19D0,4302,2.586251487094605e-05,0.0,legit,0
8082F7030,4303,5.17250297418921e-05,0.0,legit,0
808312CB0,4304,2.586251487094605e-05,0.0,legit,0
8083168E0,4305,2.586251487094605e-05,0.0,legit,0
808317CC0,4306,5.17250297418921e-05,0.0,legit,0
80834A4F0,4307,5.17250297418921e-05,0.0,legit,0
808360340,4308,2.586251487094605e-05,0.0,legit,0
808364DB0,4309,2.586251487094605e-05,0.0,legit,0
808373E10,4310,2.586251487094605e-05,0.0,legit,0
80837A220,4311,2.586251487094605e-05,0.0,legit,0
80837DB20,4312,5.17250297418921e-05,1.72421225052804e-08,legit,0
80838AE30,4313,2.586251487094605e-05,0.0,legit,0
808394D20,4314,2.586251487094605e-05,0.0,legit,0
8083A2690,4315,2.586251487094605e-05,0.0,legit,0
8083A9780,4316,5.17250297418921e-05,0.0,legit,0
8083AE470,4317,2.586251487094605e-05,0.0,legit,0
8083BAAA0,4318,2.586251487094605e-05,0.0,legit,0
8083BAAF0,4319,5.17250297418921e-05,0.0,legit,0
8083E6870,4320,2.586251487094605e-05,0.0,legit,0
8083FCFA0,4321,7.758754461283815e-05,0.0,legit,0
808405020,4322,2.586251487094605e-05,0.0,legit,0
80840DA90,4323,7.758754461283815e-05,3.450724984378999e-08,legit,0
80840E2F0,4324,2.586251487094605e-05,0.0,legit,0
80842BB60,4325,5.17250297418921e-05,0.0,legit,0
808437B30,4326,2.586251487094605e-05,0.0,legit,0
80843AB30,4327,2.586251487094605e-05,0.0,legit,0
80843AF00,4328,5.17250297418921e-05,0.0,legit,0
80843E0B0,4329,2.586251487094605e-05,0.0,legit,0
8084404A0,4330,2.586251487094605e-05,0.0,legit,0
808445AB0,4331,5.17250297418921e-05,0.0,legit,0
808455080,4332,5.17250297418921e-05,0.0,legit,0
8084652A0,4333,2.586251487094605e-05,0.0,legit,0
808473AC0,4334,5.17250297418921e-05,0.0,legit,0
808491250,4335,2.586251487094605e-05,0.0,legit,0
8084A2780,4336,5.17250297418921e-05,0.0,legit,0
8084A4520,4337,2.586251487094605e-05,0.0,legit,0
8084AB110,4338,2.586251487094605e-05,0.0,legit,0
8084B0130,4339,5.17250297418921e-05,0.0,legit,0
8084B44E0,4340,2.586251487094605e-05,0.0,legit,0
8084B7950,4341,5.17250297418921e-05,0.0,legit,0
8084C2300,4342,2.586251487094605e-05,0.0,legit,0
8084C5130,4343,2.586251487094605e-05,0.0,legit,0
8084C6C60,4344,2.586251487094605e-05,0.0,legit,0
8084C8390,4345,5.17250297418921e-05,0.0,legit,0
8084C96A0,4346,5.17250297418921e-05,0.0,legit,0
8084D94E0,4347,5.17250297418921e-05,0.0,legit,0
8084E05D0,4348,5.17250297418921e-05,0.0,legit,0
8084F0090,4349,0.00012931257435473025,0.0,legit,0
8085029D0,4350,5.17250297418921e-05,0.0,legit,0
80851F9A0,4351,2.586251487094605e-05,0.0,legit,0
8085278B0,4352,5.17250297418921e-05,0.0,legit,0
80852E310,4353,2.586251487094605e-05,0.0,legit,0
80853B7D0,4354,7.758754461283815e-05,0.0,legit,0
80853BB80,4355,2.586251487094605e-05,0.0,legit,0
808541EC0,4356,2.586251487094605e-05,0.0,legit,0
8085674E0,4357,2.586251487094605e-05,0.0,legit,0
808567ED0,4358,5.17250297418921e-05,0.0,legit,0
8085729D0,4359,2.586251487094605e-05,0.0,legit,0
808586170,4360,5.17250297418921e-05,0.0,legit,0
808591CF0,4361,5.17250297418921e-05,1.72421225052804e-08,legit,0
8085B1CE0,4362,5.17250297418921e-05,0.0,legit,0
8085B7590,4363,7.758754461283815e-05,0.0,legit,0
8085BB940,4364,5.17250297418921e-05,0.0,legit,0
8085BCE00,4365,2.586251487094605e-05,0.0,legit,0
8085C6280,4366,2.586251487094605e-05,0.0,legit,0
8085D8EF0,4367,5.17250297418921e-05,0.0,legit,0
8085DA3A0,4368,2.586251487094605e-05,0.0,legit,0
8085DC190,4369,2.586251487094605e-05,0.0,legit,0
8085F9F50,4370,5.17250297418921e-05,0.0,legit,0
808601840,4371,7.758754461283815e-05,0.0,legit,0
808607B10,4372,2.586251487094605e-05,0.0,legit,0
80861AC50,4373,2.586251487094605e-05,0.0,legit,0
80861F2B0,4374,2.586251487094605e-05,0.0,legit,0
808622050,4375,5.17250297418921e-05,0.0,legit,0
80863DF70,4376,2.586251487094605e-05,0.0,legit,0
80863FDD0,4377,5.17250297418921e-05,0.0,legit,0
808642F50,4378,5.17250297418921e-05,0.0,legit,0
808649B20,4379,2.586251487094605e-05,0.0,legit,0
80864EF30,4380,2.586251487094605e-05,0.0,legit,0
808654970,4381,5.17250297418921e-05,0.0,legit,0
808658B80,4382,2.586251487094605e-05,0.0,legit,0
80865D8F0,4383,2.586251487094605e-05,0.0,legit,0
80866A1A0,4384,2.586251487094605e-05,0.0,legit,0
80866A7E0,4385,2.586251487094605e-05,0.0,legit,0
808671450,4386,2.586251487094605e-05,0.0,legit,0
80867FA50,4387,2.586251487094605e-05,0.0,legit,0
808682D10,4388,7.758754461283815e-05,0.0,legit,0
808686AC0,4389,2.586251487094605e-05,0.0,legit,0
80869CEB0,4390,2.586251487094605e-05,0.0,legit,0
8086B6410,4391,2.586251487094605e-05,0.0,legit,0
8086BA1E0,4392,2.586251487094605e-05,0.0,legit,0
8086BE0E0,4393,2.586251487094605e-05,0.0,legit,0
8086C5D70,4394,5.17250297418921e-05,0.0,legit,0
8086E17F0,4395,5.17250297418921e-05,0.0,legit,0
8086F21E0,4396,2.586251487094605e-05,0.0,legit,0
808709450,4397,2.586251487094605e-05,0.0,legit,0
808730F21,4398,2.586251487094605e-05,0.0,legit,0
808742200,4399,2.586251487094605e-05,0.0,legit,0
80874C830,4400,2.586251487094605e-05,0.0,legit,0
80874D7D0,4401,2.586251487094605e-05,0.0,legit,0
808753960,4402,5.17250297418921e-05,0.0,legit,0
80876CA50,4403,5.17250297418921e-05,0.0,legit,0
808773000,4404,2.586251487094605e-05,0.0,legit,0
808782650,4405,2.586251487094605e-05,0.0,legit,0
8087997A0,4406,5.17250297418921e-05,0.0,legit,0
8087A0EA0,4407,2.586251487094605e-05,0.0,legit,0
8087AE200,4408,5.17250297418921e-05,0.0,legit,0
8087D56D0,4409,2.586251487094605e-05,0.0,legit,0
8087D9070,4410,5.17250297418921e-05,0.0,legit,0
8087E7AB0,4411,2.586251487094605e-05,0.0,legit,0
8087EDE40,4412,2.586251487094605e-05,0.0,legit,0
8087F7D30,4413,2.586251487094605e-05,0.0,legit,0
8087FB170,4414,2.586251487094605e-05,0.0,legit,0
8088056D0,4415,5.17250297418921e-05,0.0,legit,0
808806620,4416,2.586251487094605e-05,0.0,legit,0
808810E30,4417,2.586251487094605e-05,0.0,legit,0
80882FA70,4418,5.17250297418921e-05,1.72421225052804e-08,legit,0
808846590,4419,2.586251487094605e-05,0.0,legit,0
80884B0D0,4420,2.586251487094605e-05,0.0,legit,0
80884E5A0,4421,2.586251487094605e-05,0.0,legit,0
808851150,4422,2.586251487094605e-05,0.0,legit,0
80885B3B0,4423,2.586251487094605e-05,0.0,legit,0
808870B70,4424,2.586251487094605e-05,0.0,legit,0
808898DD0,4425,5.17250297418921e-05,0.0,legit,0
8088A9880,4426,2.586251487094605e-05,0.0,legit,0
8088B0430,4427,5.17250297418921e-05,0.0,legit,0
8088BB0F0,4428,2.586251487094605e-05,0.0,legit,0
8088C7580,4429,2.586251487094605e-05,0.0,legit,0
8088ED240,4430,2.586251487094605e-05,0.0,legit,0
808907B40,4431,2.586251487094605e-05,0.0,legit,0
808908200,4432,5.17250297418921e-05,0.0,legit,0
808932FE0,4433,5.17250297418921e-05,0.0,legit,0
808938A40,4434,2.586251487094605e-05,0.0,legit,0
80893CCC0,4435,5.17250297418921e-05,0.0,legit,0
80893FE80,4436,2.586251487094605e-05,0.0,legit,0
80894AAB0,4437,5.17250297418921e-05,0.0,legit,0
808956BB0,4438,5.17250297418921e-05,0.0,legit,0
80897D130,4439,5.17250297418921e-05,0.0,legit,0
80897FCF0,4440,2.586251487094605e-05,0.0,legit,0
808996300,4441,2.586251487094605e-05,0.0,legit,0
8089A81C0,4442,2.586251487094605e-05,0.0,legit,0
8089A8CD0,4443,5.17250297418921e-05,0.0,legit,0
8089AA400,4444,5.17250297418921e-05,0.0,legit,0
8089AB2F0,4445,5.17250297418921e-05,0.0,legit,0
8089BAE20,4446,2.586251487094605e-05,0.0,legit,0
8089CC1B0,4447,2.586251487094605e-05,0.0,legit,0
8089E6460,4448,2.586251487094605e-05,0.0,legit,0
8089E9D70,4449,2.586251487094605e-05,0.0,legit,0
8089F3440,4450,5.17250297418921e-05,0.0,legit,0
8089F5C50,4451,5.17250297418921e-05,0.0,legit,0
808A13520,4452,2.586251487094605e-05,0.0,legit,0
808A16C90,4453,2.586251487094605e-05,0.0,legit,0
808A1BD10,4454,2.586251487094605e-05,0.0,legit,0
808A1BE40,4455,2.586251487094605e-05,0.0,legit,0
808A29F40,4456,2.586251487094605e-05,0.0,legit,0
808A3CC50,4457,2.586251487094605e-05,0.0,legit,0
808A43B90,4458,2.586251487094605e-05,0.0,legit,0
808A59930,4459,2.586251487094605e-05,0.0,legit,0
808A61E30,4460,2.586251487094605e-05,0.0,legit,0
808A8F610,4461,2.586251487094605e-05,0.0,legit,0
808A96DA0,4462,2.586251487094605e-05,0.0,legit,0
808AA65E0,4463,2.586251487094605e-05,0.0,legit,0
808ABEC20,4464,2.586251487094605e-05,0.0,legit,0
808AC2F30,4465,2.586251487094605e-05,0.0,legit,0
808AC5120,4466,2.586251487094605e-05,0.0,legit,0
808ACDDE0,2,5.17250297418921e-05,7.672744514849779e-06,legit,1
808AE2DA0,4467,2.586251487094605e-05,0.0,legit,0
808AE3360,4468,2.586251487094605e-05,0.0,legit,0
808AEE2F0,4469,7.758754461283815e-05,0.0,legit,0
808AEEDD0,4470,2.586251487094605e-05,0.0,legit,0
808AFDF20,4471,2.586251487094605e-05,0.0,legit,0
808B108C0,4472,2.586251487094605e-05,0.0,legit,0
808B270D0,4473,5.17250297418921e-05,0.0,legit,0
808B48E00,4474,5.17250297418921e-05,0.0,legit,0
808B4FC40,4475,7.758754461283815e-05,0.0,legit,0
808B61450,4476,5.17250297418921e-05,0.0,legit,0
808B618E0,4477,2.586251487094605e-05,0.0,legit,0
808B68C00,4478,2.586251487094605e-05,0.0,legit,0
808B6AF90,70,5.17250297418921e-05,7.672744514849779e-06,legit,1
808B6C780,4479,2.586251487094605e-05,0.0,legit,0
808B70700,4480,5.17250297418921e-05,0.0,legit,0
808B765B0,4481,5.17250297418921e-05,0.0,legit,0
808B844F0,4482,7.758754461283815e-05,0.0,legit,0
808B8F900,4483,5.17250297418921e-05,0.0,legit,0
808B9DAE0,4484,2.586251487094605e-05,0.0,legit,0
808B9EE60,4485,5.17250297418921e-05,1.72421225052804e-08,legit,0
808BAA490,4486,2.586251487094605e-05,0.0,legit,0
808BAABC0,4487,2.586251487094605e-05,0.0,legit,0
808BB2720,4488,2.586251487094605e-05,0.0,legit,0
808BCD270,4489,2.586251487094605e-05,0.0,legit,0
808BEB5D0,4490,2.586251487094605e-05,0.0,legit,0
808BF9C50,4491,2.586251487094605e-05,0.0,legit,0
808BFD280,4492,5.17250297418921e-05,0.0,legit,0
808C149B0,4493,5.17250297418921e-05,0.0,legit,0
808C180F0,4494,2.586251487094605e-05,0.0,legit,0
808C20FE0,4495,7.758754461283815e-05,0.0,legit,0
808C3E8E0,4496,2.586251487094605e-05,0.0,legit,0
808C41210,4497,2.586251487094605e-05,0.0,legit,0
808C430B0,4498,2.586251487094605e-05,0.0,legit,0
808C504E0,4499,5.17250297418921e-05,0.0,legit,0
808C5A1E0,4500,7.758754461283815e-05,0.0,legit,0
808C61EF0,4501,5.17250297418921e-05,0.0,legit,0
808C6C770,4502,5.17250297418921e-05,0.0,legit,0
808C7A160,4503,5.17250297418921e-05,0.0,legit,0
808C7C630,4504,5.17250297418921e-05,0.0,legit,0
808C99650,4505,2.586251487094605e-05,0.0,legit,0
808CBEAB0,4506,2.586251487094605e-05,0.0,legit,0
808CBEB50,4507,2.586251487094605e-05,0.0,legit,0
808CBF210,4508,2.586251487094605e-05,0.0,legit,0
808CD3F00,4509,2.586251487094605e-05,0.0,legit,0
808CED280,4510,2.586251487094605e-05,0.0,legit,0
808CF2570,4511,5.17250297418921e-05,0.0,legit,0
808CF82F0,71,5.17250297418921e-05,7.672744514849779e-06,legit,1
808CF9230,4512,2.586251487094605e-05,0.0,legit,0
808D129C0,4513,5.17250297418921e-05,0.0,legit,0
808D22850,4514,2.586251487094605e-05,0.0,legit,0
808D24990,4515,2.586251487094605e-05,0.0,legit,0
808D26100,4516,2.586251487094605e-05,0.0,legit,0
808D2AF60,4517,2.586251487094605e-05,0.0,legit,0
808D39880,4518,2.586251487094605e-05,0.0,legit,0
808D4E160,4519,5.17250297418921e-05,0.0,legit,0
808D51DD0,4520,2.586251487094605e-05,0.0,legit,0
808D58BC0,859,2.586251487094605e-05,0.0,legit,1
808D5B960,4521,7.758754461283815e-05,0.0,legit,0
808D5BFA0,4522,7.758754461283815e-05,0.0,legit,0
808D67620,4523,2.586251487094605e-05,0.0,legit,0
808D6EDD0,4524,2.586251487094605e-05,0.0,legit,0
808D88270,4525,0.0001034500594837842,0.0,legit,0
808D89B70,4526,5.17250297418921e-05,0.0,legit,0
808D92470,4527,7.758754461283815e-05,0.0,legit,0
808D9B6B0,4528,2.586251487094605e-05,0.0,legit,0
808DA35D0,4529,2.586251487094605e-05,0.0,legit,0
808DBFA40,4530,7.758754461283815e-05,0.0,legit,0
808DC25D0,4531,2.586251487094605e-05,0.0,legit,0
808DC5700,4532,2.586251487094605e-05,0.0,legit,0
808DCA7B0,4533,2.586251487094605e-05,0.0,legit,0
808DDBDC0,4534,5.17250297418921e-05,0.0,legit,0
808DE5660,4535,2.586251487094605e-05,0.0,legit,0
808DE7530,4536,5.17250297418921e-05,1.72421225052804e-08,legit,0
808DFB470,4537,2.586251487094605e-05,0.0,legit,0
808E0EB10,4538,5.17250297418921e-05,0.0,legit,0
808E19870,4539,2.586251487094605e-05,0.0,legit,0
808E1AD60,4540,2.586251487094605e-05,0.0,legit,0
808E1DD10,4541,7.758754461283815e-05,0.0,legit,0
808E4CD20,4542,5.17250297418921e-05,0.0,legit,0
808E6B000,4543,7.758754461283815e-05,0.0,legit,0
808E6C7C0,4544,2.586251487094605e-05,0.0,legit,0
808E94530,4545,2.586251487094605e-05,0.0,legit,0
808EB6E80,4546,2.586251487094605e-05,0.0,legit,0
808EC1E10,4547,5.17250297418921e-05,0.0,legit,0
808ED9BB0,4548,5.17250297418921e-05,0.0,legit,0
808EF2C70,4549,2.586251487094605e-05,0.0,legit,0
808EF5890,4550,7.758754461283815e-05,0.0,legit,0
808EFC5B0,4551,5.17250297418921e-05,0.0,legit,0
808F1A1E0,4552,2.586251487094605e-05,0.0,legit,0
808F26C10,4553,5.17250297418921e-05,0.0,legit,0
808F323C0,4554,2.586251487094605e-05,0.0,legit,0
808F342B0,4555,2.586251487094605e-05,0.0,legit,0
808F35760,4556,2.586251487094605e-05,0.0,legit,0
808F3EDD0,4557,5.17250297418921e-05,0.0,legit,0
808F3F490,4558,2.586251487094605e-05,0.0,legit,0
808F5D450,4559,2.586251487094605e-05,0.0,legit,0
808F5D5E0,4560,2.586251487094605e-05,0.0,legit,0
808F61EC0,4561,2.586251487094605e-05,0.0,legit,0
808F767D0,4562,2.586251487094605e-05,0.0,legit,0
808F83EB0,4563,2.586251487094605e-05,0.0,legit,0
808F89E80,4564,5.17250297418921e-05,0.0,legit,0
808FA07A0,4565,0.0001034500594837842,0.0,legit,0
808FB5D80,4566,5.17250297418921e-05,0.0,legit,0
808FBB970,4567,2.586251487094605e-05,0.0,legit,0
808FC1BB0,4568,5.17250297418921e-05,0.0,legit,0
808FCFDA0,4569,2.586251487094605e-05,0.0,legit,0
808FDEC40,4570,2.586251487094605e-05,0.0,legit,0
8090055D0,1137,7.758754461283815e-05,0.0,legit,0
809013D00,4571,7.758754461283815e-05,0.0,legit,0
809019670,4572,5.17250297418921e-05,0.0,legit,0
80902C5A0,4573,2.586251487094605e-05,0.0,legit,0
8090301F0,4574,5.17250297418921e-05,0.0,legit,0
809035280,4575,5.17250297418921e-05,0.0,legit,0
809042D40,4576,2.586251487094605e-05,0.0,legit,0
809043D80,4577,2.586251487094605e-05,0.0,legit,0
809073F70,4578,2.586251487094605e-05,0.0,legit,0
80908D270,4579,2.586251487094605e-05,0.0,legit,0
80909B2A0,4580,5.17250297418921e-05,0.0,legit,0
8090AD8A0,4581,2.586251487094605e-05,0.0,legit,0
8090BA940,4582,7.758754461283815e-05,0.0,legit,0
8090C9FC0,4583,2.586251487094605e-05,0.0,legit,0
8090F4A20,4584,5.17250297418921e-05,0.0,legit,0
8091030D0,4585,2.586251487094605e-05,0.0,legit,0
809119160,4586,7.758754461283815e-05,0.0,legit,0
80912B160,4587,2.586251487094605e-05,0.0,legit,0
809130280,4588,5.17250297418921e-05,0.0,legit,0
80913C990,4589,2.586251487094605e-05,0.0,legit,0
809143930,4590,2.586251487094605e-05,0.0,legit,0
8091476A0,4591,5.17250297418921e-05,0.0,legit,0
80914E490,4592,5.17250297418921e-05,0.0,legit,0
8091534D0,4593,2.586251487094605e-05,0.0,legit,0
809154F60,4594,2.586251487094605e-05,0.0,legit,0
809163480,4595,5.17250297418921e-05,0.0,legit,0
809165B40,4596,5.17250297418921e-05,0.0,legit,0
809194690,4597,5.17250297418921e-05,0.0,legit,0
80919B830,4598,5.17250297418921e-05,0.0,legit,0
8091B6670,4599,5.17250297418921e-05,0.0,legit,0
8091BDB50,4600,5.17250297418921e-05,0.0,legit,0
8091BF960,4601,2.586251487094605e-05,0.0,legit,0
8091CD820,4602,5.17250297418921e-05,0.0,legit,0
8091D29C0,4603,2.586251487094605e-05,0.0,legit,0
8091D30B0,4604,2.586251487094605e-05,0.0,legit,0
8091DE2B0,4605,2.586251487094605e-05,0.0,legit,0
8091E9B80,4606,2.586251487094605e-05,0.0,legit,0
8091FCC80,4607,2.586251487094605e-05,0.0,legit,0
809212300,4608,0.0001034500594837842,0.0,legit,0
80921B1D0,4609,5.17250297418921e-05,0.0,legit,0
8092250A0,4610,5.17250297418921e-05,0.0,legit,0
809233F00,4611,2.586251487094605e-05,0.0,legit,0
80924D5D0,4083,7.758754461283815e-05,0.0,legit,0
809294930,4612,2.586251487094605e-05,0.0,legit,0
809299D30,4613,2.586251487094605e-05,0.0,legit,0
80929A491,4614,2.586251487094605e-05,0.0,legit,0
8092AC610,4615,2.586251487094605e-05,0.0,legit,0
8092AFA10,4616,7.758754461283815e-05,0.0,legit,0
8092CA6B0,4617,2.586251487094605e-05,0.0,legit,0
8092EF990,4618,2.586251487094605e-05,0.0,legit,0
8092F5D20,4619,5.17250297418921e-05,0.0,legit,0
809300CF0,4620,5.17250297418921e-05,0.0,legit,0
809317000,4621,5.17250297418921e-05,0.0,legit,0
809322980,4622,2.586251487094605e-05,0.0,legit,0
809322B10,4623,2.586251487094605e-05,0.0,legit,0
809324C90,4624,2.586251487094605e-05,0.0,legit,0
80932A240,4625,5.17250297418921e-05,0.0,legit,0
8093357C0,4626,5.17250297418921e-05,0.0,legit,0
809337CF0,4627,2.586251487094605e-05,0.0,legit,0
809349FC0,4628,2.586251487094605e-05,0.0,legit,0
8093520A0,4629,2.586251487094605e-05,0.0,legit,0
80937A890,4630,2.586251487094605e-05,0.0,legit,0
80937CE70,4631,2.586251487094605e-05,0.0,legit,0
809389970,4632,5.17250297418921e-05,0.0,legit,0
8093A7560,4633,2.586251487094605e-05,0.0,legit,0
8093C1E00,4634,2.586251487094605e-05,0.0,legit,0
8093D8CA0,4635,0.0001034500594837842,0.0,legit,0
8093E1BD0,4636,2.586251487094605e-05,0.0,legit,0
8093EDA60,4637,2.586251487094605e-05,0.0,legit,0
809402530,4638,5.17250297418921e-05,0.0,legit,0
809404A00,4639,2.586251487094605e-05,0.0,legit,0
8094069A0,540,5.17250297418921e-05,0.0,legit,1
8094130B0,4640,2.586251487094605e-05,0.0,legit,0
80941EBC0,4641,2.586251487094605e-05,0.0,legit,0
809420DB0,4642,5.17250297418921e-05,1.72421225052804e-08,legit,0
809424180,4643,2.586251487094605e-05,0.0,legit,0
8094384E0,4644,5.17250297418921e-05,0.0,legit,0
80944F080,4645,2.586251487094605e-05,0.0,legit,0
80946BC90,4646,2.586251487094605e-05,0.0,legit,0
809488EA0,4647,5.17250297418921e-05,0.0,legit,0
80948E660,4648,7.758754461283815e-05,0.0,legit,0
8094A6D20,4649,2.586251487094605e-05,0.0,legit,0
8094C5F41,4650,5.17250297418921e-05,0.0,legit,0
8094C8750,4651,2.586251487094605e-05,0.0,legit,0
8094CED70,4652,2.586251487094605e-05,0.0,legit,0
8094D7F20,4653,2.586251487094605e-05,0.0,legit,0
8094DE5B0,4654,2.586251487094605e-05,0.0,legit,0
8094DEE60,36,5.17250297418921e-05,7.672744514849779e-06,legit,1
8094E1B20,1591,2.586251487094605e-05,0.0,legit,0
8094E3EB0,4655,2.586251487094605e-05,0.0,legit,0
8094E9430,4656,5.17250297418921e-05,0.0,legit,0
809500890,4657,5.17250297418921e-05,0.0,legit,0
809513790,1583,2.586251487094605e-05,0.0,legit,0
8095185A0,4658,2.586251487094605e-05,0.0,legit,0
80951BB50,4659,2.586251487094605e-05,0.0,legit,0
809528C10,4660,5.17250297418921e-05,0.0,legit,0
80952DDD0,4661,2.586251487094605e-05,0.0,legit,0
8095445A0,4662,2.586251487094605e-05,0.0,legit,0
809552000,4663,5.17250297418921e-05,0.0,legit,0
809561D20,4664,2.586251487094605e-05,0.0,legit,0
80956A3C0,4665,2.586251487094605e-05,0.0,legit,0
8095ACBA0,4666,2.586251487094605e-05,0.0,legit,0
8095B0770,4667,2.586251487094605e-05,0.0,legit,0
8095BB4C0,4668,2.586251487094605e-05,0.0,legit,0
8095C4300,4669,2.586251487094605e-05,0.0,legit,0
8095D1200,4670,2.586251487094605e-05,0.0,legit,0
8095D3900,4671,2.586251487094605e-05,0.0,legit,0
8095D5C60,4672,5.17250297418921e-05,0.0,legit,0
8095DEB10,4673,2.586251487094605e-05,0.0,legit,0
8095E2300,4674,2.586251487094605e-05,0.0,legit,0
8095E7330,28,5.17250297418921e-05,7.660609465321379e-06,legit,1
8095E84E0,4675,7.758754461283815e-05,0.0,legit,0
8095EC0F0,4676,2.586251487094605e-05,0.0,legit,0
8095EE6A0,4677,2.586251487094605e-05,0.0,legit,0
80961DB00,4678,5.17250297418921e-05,0.0,legit,0
809623250,4679,2.586251487094605e-05,0.0,legit,0
809634290,4680,2.586251487094605e-05,0.0,legit,0
809637E80,4681,5.17250297418921e-05,0.0,legit,0
809639280,4682,2.586251487094605e-05,0.0,legit,0
80963D160,4683,2.586251487094605e-05,0.0,legit,0
809640030,4684,5.17250297418921e-05,0.0,legit,0
809647AF0,4685,5.17250297418921e-05,0.0,legit,0
809648F80,4686,5.17250297418921e-05,0.0,legit,0
8096551C0,4687,2.586251487094605e-05,0.0,legit,0
80965A950,4688,2.586251487094605e-05,0.0,legit,0
80965FCC0,4689,5.17250297418921e-05,0.0,legit,0
809660390,4690,2.586251487094605e-05,0.0,legit,0
80966BDB0,4691,5.17250297418921e-05,0.0,legit,0
809671EA0,4692,2.586251487094605e-05,0.0,legit,0
80967A950,4693,2.586251487094605e-05,0.0,legit,0
80967C840,4694,2.586251487094605e-05,0.0,legit,0
809682440,4695,2.586251487094605e-05,0.0,legit,0
809688360,4696,5.17250297418921e-05,0.0,legit,0
809696340,4697,2.586251487094605e-05,0.0,legit,0
80969E460,4698,2.586251487094605e-05,0.0,legit,0
8096B6D20,4699,2.586251487094605e-05,0.0,legit,0
8096D07E0,4700,2.586251487094605e-05,0.0,legit,0
809704CB0,4701,2.586251487094605e-05,0.0,legit,0
80970FC30,4702,2.586251487094605e-05,0.0,legit,0
809710BD0,4703,2.586251487094605e-05,0.0,legit,0
809720910,4704,2.586251487094605e-05,0.0,legit,0
809729620,4705,2.586251487094605e-05,0.0,legit,0
809733170,4706,7.758754461283815e-05,0.0,legit,0
809742760,4707,2.586251487094605e-05,0.0,legit,0
809749180,4708,2.586251487094605e-05,0.0,legit,0
809749360,4709,2.586251487094605e-05,0.0,legit,0
80974F220,4710,2.586251487094605e-05,0.0,legit,0
809751DD0,4711,7.758754461283815e-05,0.0,legit,0
809756FD0,4712,2.586251487094605e-05,0.0,legit,0
8097639C0,4713,5.17250297418921e-05,0.0,legit,0
809763A10,4714,2.586251487094605e-05,0.0,legit,0
809769F90,4715,2.586251487094605e-05,0.0,legit,0
809771F70,4716,2.586251487094605e-05,0.0,legit,0
809776340,4717,7.758754461283815e-05,0.0,legit,0
8097778B0,4718,2.586251487094605e-05,0.0,legit,0
80978B960,4719,2.586251487094605e-05,0.0,legit,0
8097959D0,4720,2.586251487094605e-05,0.0,legit,0
80979F320,4721,2.586251487094605e-05,0.0,legit,0
8097AB700,4722,5.17250297418921e-05,1.72421225052804e-08,legit,0
8097B0020,4723,2.586251487094605e-05,0.0,legit,0
8097BA530,4724,5.17250297418921e-05,0.0,legit,0
8097C75E0,4725,5.17250297418921e-05,1.72421225052804e-08,legit,0
8097D0480,4726,2.586251487094605e-05,0.0,legit,0
8097D40C0,4727,7.758754461283815e-05,0.0,legit,0
8097F00C0,4728,2.586251487094605e-05,0.0,legit,0
8097FC630,4729,5.17250297418921e-05,0.0,legit,0
8097FFB50,4730,2.586251487094605e-05,0.0,legit,0
8098192E0,4731,5.17250297418921e-05,0.0,legit,0
809822A60,4732,2.586251487094605e-05,0.0,legit,0
809823290,4733,2.586251487094605e-05,0.0,legit,0
809826110,4734,7.758754461283815e-05,0.0,legit,0
8098534C0,4735,5.17250297418921e-05,0.0,legit,0
8098608C0,4736,2.586251487094605e-05,0.0,legit,0
809893C60,4737,2.586251487094605e-05,0.0,legit,0
80989B7A0,4738,5.17250297418921e-05,0.0,legit,0
8098AFB70,4739,5.17250297418921e-05,0.0,legit,0
8098B1950,4740,2.586251487094605e-05,0.0,legit,0
8098B8D70,4741,2.586251487094605e-05,0.0,legit,0
8098C3AB0,4742,2.586251487094605e-05,0.0,legit,0
8098C5660,4743,2.586251487094605e-05,0.0,legit,0
8098D3860,4744,2.586251487094605e-05,0.0,legit,0
8098EDB30,4745,7.758754461283815e-05,0.0,legit,0
8098EF6D0,4746,2.586251487094605e-05,0.0,legit,0
8098FFFA0,4747,5.17250297418921e-05,1.72421225052804e-08,legit,0
80990D730,4748,7.758754461283815e-05,0.0,legit,0
80990D8C0,4749,2.586251487094605e-05,0.0,legit,0
809910301,4750,5.17250297418921e-05,0.0,legit,0
809914260,4751,5.17250297418921e-05,0.0,legit,0
809916EF0,4752,2.586251487094605e-05,0.0,legit,0
809917030,4753,2.586251487094605e-05,0.0,legit,0
8099382A0,4754,2.586251487094605e-05,0.0,legit,0
809942000,4755,2.586251487094605e-05,0.0,legit,0
80994BF10,4756,5.17250297418921e-05,0.0,legit,0
80995DB30,4757,5.17250297418921e-05,0.0,legit,0
809960970,4758,5.17250297418921e-05,0.0,legit,0
80996E610,4759,2.586251487094605e-05,0.0,legit,0
809970D20,4760,2.586251487094605e-05,0.0,legit,0
809976E90,4761,7.758754461283815e-05,3.44842450105608e-08,legit,0
809979E00,4762,2.586251487094605e-05,0.0,legit,0
8099A29B1,4763,2.586251487094605e-05,0.0,legit,0
8099A8E50,4764,7.758754461283815e-05,0.0,legit,0
8099ADD40,4765,2.586251487094605e-05,0.0,legit,0
8099B2380,4766,2.586251487094605e-05,0.0,legit,0
8099B6C20,4767,2.586251487094605e-05,0.0,legit,0
8099BA5F0,4768,7.758754461283815e-05,0.0,legit,0
8099D4840,4769,2.586251487094605e-05,0.0,legit,0
8099D8330,4770,7.758754461283815e-05,0.0,legit,0
8099E41D0,4771,7.758754461283815e-05,0.0,legit,0
8099E4220,4772,2.586251487094605e-05,0.0,legit,0
8099E8850,4773,2.586251487094605e-05,0.0,legit,0
8099EB100,4774,5.17250297418921e-05,0.0,legit,0
8099FD210,4775,5.17250297418921e-05,0.0,legit,0
8099FDC70,4776,2.586251487094605e-05,0.0,legit,0
8099FFED0,4777,2.586251487094605e-05,0.0,legit,0
809A031C0,4778,5.17250297418921e-05,3.44842450105608e-08,legit,0
809A051C0,4779,2.586251487094605e-05,0.0,legit,0
809A19FA0,4780,2.586251487094605e-05,0.0,legit,0
809A252D0,4781,5.17250297418921e-05,0.0,legit,0
809A2A5E0,4782,2.586251487094605e-05,0.0,legit,0
809A34E70,4007,0.00012931257435473025,0.0,legit,0
809A5C2E0,4783,2.586251487094605e-05,0.0,legit,0
809A5E260,4784,5.17250297418921e-05,0.0,legit,0
809A71350,4785,2.586251487094605e-05,0.0,legit,0
809A73770,4786,7.758754461283815e-05,0.0,legit,0
809A9EFF0,4787,2.586251487094605e-05,0.0,legit,0
809AB1990,4788,5.17250297418921e-05,0.0,legit,0
809AB3820,4789,2.586251487094605e-05,0.0,legit,0
809AB3CC0,4790,2.586251487094605e-05,0.0,legit,0
809AB7830,4791,7.758754461283815e-05,0.0,legit,0
809AB8640,4792,5.17250297418921e-05,0.0,legit,0
809ABDA50,4793,7.758754461283815e-05,0.0,legit,0
809ABE2F0,4794,5.17250297418921e-05,0.0,legit,0
809AC42C0,4795,5.17250297418921e-05,0.0,legit,0
809AD3FE0,4796,5.17250297418921e-05,0.0,legit,0
809AD6DF0,4797,2.586251487094605e-05,0.0,legit,0
809AF1190,4798,2.586251487094605e-05,0.0,legit,0
809AFDE50,4799,5.17250297418921e-05,0.0,legit,0
809B02BF0,4800,2.586251487094605e-05,0.0,legit,0
809B291C0,4801,5.17250297418921e-05,0.0,legit,0
809B5C8E0,4802,2.586251487094605e-05,0.0,legit,0
809B5D1C0,4803,2.586251487094605e-05,0.0,legit,0
809B5F220,4804,2.586251487094605e-05,0.0,legit,0
809B74330,4805,5.17250297418921e-05,0.0,legit,0
809B84FE0,4806,5.17250297418921e-05,0.0,legit,0
809B8BAB0,4807,2.586251487094605e-05,0.0,legit,0
809BB4F10,4808,2.586251487094605e-05,0.0,legit,0
809BBC0E0,4809,2.586251487094605e-05,0.0,legit,0
809BC0400,4810,5.17250297418921e-05,0.0,legit,0
809BF8390,4811,2.586251487094605e-05,0.0,legit,0
809C17E00,4812,7.758754461283815e-05,0.0,legit,0
809C181C0,4813,5.17250297418921e-05,0.0,legit,0
809C210F0,4814,2.586251487094605e-05,0.0,legit,0
809C227D0,4815,5.17250297418921e-05,0.0,legit,0
809C24D20,4816,2.586251487094605e-05,0.0,legit,0
809C26FF0,4817,2.586251487094605e-05,0.0,legit,0
809C470A0,4818,5.17250297418921e-05,0.0,legit,0
809C4BF60,4819,5.17250297418921e-05,0.0,legit,0
809C4FE30,4820,2.586251487094605e-05,0.0,legit,0
809C54040,4821,0.0001034500594837842,0.0,legit,0
809C5E440,4822,2.586251487094605e-05,0.0,legit,0
809C6B1D0,4823,2.586251487094605e-05,0.0,legit,0
809C73F30,4824,2.586251487094605e-05,0.0,legit,0
809C8F290,4825,2.586251487094605e-05,0.0,legit,0
809CACEE0,4826,5.17250297418921e-05,0.0,legit,0
809CAD160,4827,2.586251487094605e-05,0.0,legit,0
809CBA9E0,4828,2.586251487094605e-05,0.0,legit,0
809CBF790,4829,2.586251487094605e-05,0.0,legit,0
809CC02C0,4830,2.586251487094605e-05,0.0,legit,0
809CCE8B0,4831,2.586251487094605e-05,0.0,legit,0
809CD3820,4832,2.586251487094605e-05,0.0,legit,0
809CF3B20,4833,2.586251487094605e-05,0.0,legit,0
809CF60E0,4834,7.758754461283815e-05,0.0,legit,0
809CF9250,4835,5.17250297418921e-05,0.0,legit,0
809CFA880,4836,2.586251487094605e-05,0.0,legit,0
809D002E0,4837,5.17250297418921e-05,0.0,legit,0
809D01070,4838,2.586251487094605e-05,0.0,legit,0
809D10160,4839,7.758754461283815e-05,0.0,legit,0
809D27D50,4840,2.586251487094605e-05,0.0,legit,0
809D35DF0,4841,5.17250297418921e-05,0.0,legit,0
809D435C0,4842,2.586251487094605e-05,0.0,legit,0
809D44940,4843,5.17250297418921e-05,0.0,legit,0
809D474C0,4844,2.586251487094605e-05,0.0,legit,0
809D4F4E0,4845,2.586251487094605e-05,0.0,legit,0
809D4FCC0,4846,2.586251487094605e-05,0.0,legit,0
809D59E00,4847,2.586251487094605e-05,0.0,legit,0
809D62CD0,4848,2.586251487094605e-05,0.0,legit,0
809D63440,4849,5.17250297418921e-05,0.0,legit,0
809D82B10,4850,2.586251487094605e-05,0.0,legit,0
809D92740,4851,2.586251487094605e-05,0.0,legit,0
809D9CFE0,4852,5.17250297418921e-05,0.0,legit,0
809DA0100,4853,7.758754461283815e-05,0.0,legit,0
809DAD8A0,4854,2.586251487094605e-05,0.0,legit,0
809DB1470,4855,5.17250297418921e-05,0.0,legit,0
809DB8D40,4856,2.586251487094605e-05,0.0,legit,0
809DC6670,4857,2.586251487094605e-05,0.0,legit,0
809DD19C0,4858,2.586251487094605e-05,0.0,legit,0
809DE3720,2,5.17250297418921e-05,7.672744514849779e-06,legit,1
809E05E50,4859,7.758754461283815e-05,0.0,legit,0
809E15B70,4860,2.586251487094605e-05,0.0,legit,0
809E1BED0,4861,5.17250297418921e-05,1.72421225052804e-08,legit,0
809E1E6C0,4862,2.586251487094605e-05,0.0,legit,0
809E264E0,4863,5.17250297418921e-05,0.0,legit,0
809E36CD0,4864,2.586251487094605e-05,0.0,legit,0
809E46310,4865,7.758754461283815e-05,0.0,legit,0
809E52EE0,4866,2.586251487094605e-05,0.0,legit,0
809E53950,4867,7.758754461283815e-05,0.0,legit,0
809E62DF0,4868,5.17250297418921e-05,0.0,legit,0
809E7A680,4869,2.586251487094605e-05,0.0,legit,0
809E92E20,4870,2.586251487094605e-05,0.0,legit,0
809E9ABA0,4871,2.586251487094605e-05,0.0,legit,0
809E9F1A0,4872,2.586251487094605e-05,0.0,legit,0
809EA3A20,4873,5.17250297418921e-05,0.0,legit,0
809EA4070,4874,5.17250297418921e-05,0.0,legit,0
809EA55F0,4875,2.586251487094605e-05,0.0,legit,0
809EB4BF0,4876,2.586251487094605e-05,0.0,legit,0
809EBFEB0,4877,2.586251487094605e-05,0.0,legit,0
809ED1AE0,4878,2.586251487094605e-05,0.0,legit,0
809ED27A0,4879,2.586251487094605e-05,0.0,legit,0
809EE9320,4880,5.17250297418921e-05,0.0,legit,0
809EE9600,4881,2.586251487094605e-05,0.0,legit,0
809EEF750,4882,2.586251487094605e-05,0.0,legit,0
809F08440,4883,2.586251487094605e-05,0.0,legit,0
809F0A0B0,4884,2.586251487094605e-05,0.0,legit,0
809F24C10,4885,2.586251487094605e-05,0.0,legit,0
809F26E30,4886,2.586251487094605e-05,0.0,legit,0
809F319E0,4887,5.17250297418921e-05,0.0,legit,0
809F32B80,4888,2.586251487094605e-05,0.0,legit,0
809F32D10,4889,5.17250297418921e-05,0.0,legit,0
809F4A020,4890,2.586251487094605e-05,0.0,legit,0
809F4A770,4891,2.586251487094605e-05,0.0,legit,0
809F54990,1595,2.586251487094605e-05,0.0,legit,0
809F63C30,4892,5.17250297418921e-05,0.0,legit,0
809F74C30,4893,2.586251487094605e-05,0.0,legit,0
809F761B0,4894,5.17250297418921e-05,0.0,legit,0
809F91990,4895,2.586251487094605e-05,0.0,legit,0
809FB1550,4896,2.586251487094605e-05,0.0,legit,0
809FBEAA0,4897,5.17250297418921e-05,0.0,legit,0
809FC5860,4898,7.758754461283815e-05,0.0,legit,0
809FC6EA0,4899,5.17250297418921e-05,0.0,legit,0
809FD08D0,4900,2.586251487094605e-05,0.0,legit,0
809FD66B0,4901,2.586251487094605e-05,0.0,legit,0
809FDFC70,4902,2.586251487094605e-05,0.0,legit,0
809FE4E00,4903,2.586251487094605e-05,0.0,legit,0
809FE6EF0,4904,2.586251487094605e-05,0.0,legit,0
809FF8270,4905,2.586251487094605e-05,0.0,legit,0
809FFC480,4906,2.586251487094605e-05,0.0,legit,0
80A004A20,4907,2.586251487094605e-05,0.0,legit,0
80A00CC20,4908,5.17250297418921e-05,0.0,legit,0
80A010850,4909,2.586251487094605e-05,0.0,legit,0
80A029830,2,5.17250297418921e-05,7.672744514849779e-06,legit,1
80A04BC70,4910,5.17250297418921e-05,0.0,legit,0
80A06DB20,4911,2.586251487094605e-05,0.0,legit,0
80A0762B0,4912,2.586251487094605e-05,0.0,legit,0
80A08BC90,4913,2.586251487094605e-05,0.0,legit,0
80A08C140,4914,7.758754461283815e-05,0.0,legit,0
80A08C4C0,4915,2.586251487094605e-05,0.0,legit,0
80A08FFB0,4916,5.17250297418921e-05,0.0,legit,0
80A09BAF0,4917,2.586251487094605e-05,0.0,legit,0
80A0AFC30,4918,2.586251487094605e-05,0.0,legit,0
80A0BC650,4919,2.586251487094605e-05,0.0,legit,0
80A0BFCC0,4920,7.758754461283815e-05,0.0,legit,0
80A0C2000,4921,2.586251487094605e-05,0.0,legit,0
80A0C35A0,4922,2.586251487094605e-05,0.0,legit,0
80A0D9FF0,4923,2.586251487094605e-05,0.0,legit,0
80A0EB800,4924,5.17250297418921e-05,0.0,legit,0
80A0ED5C0,4925,2.586251487094605e-05,0.0,legit,0
80A0EE9D0,4926,7.758754461283815e-05,3.44842450105608e-08,legit,0
80A11DD80,4927,2.586251487094605e-05,0.0,legit,0
80A123460,4928,2.586251487094605e-05,0.0,legit,0
80A127510,4929,2.586251487094605e-05,0.0,legit,0
80A1288F0,4930,5.17250297418921e-05,0.0,legit,0
80A12A590,4931,0.0001034500594837842,0.0,legit,0
80A1316D0,4932,2.586251487094605e-05,0.0,legit,0
80A135770,4933,2.586251487094605e-05,0.0,legit,0
80A14BC80,4934,2.586251487094605e-05,0.0,legit,0
80A152D90,4935,7.758754461283815e-05,3.44842450105608e-08,legit,0
80A164980,4936,2.586251487094605e-05,0.0,legit,0
80A1682C0,4937,2.586251487094605e-05,0.0,legit,0
80A16C280,4938,5.17250297418921e-05,0.0,legit,0
80A1713C0,4939,5.17250297418921e-05,0.0,legit,0
80A1728C0,4940,5.17250297418921e-05,0.0,legit,0
80A187480,4941,2.586251487094605e-05,0.0,legit,0
80A18B9B0,4942,2.586251487094605e-05,0.0,legit,0
80A19C720,4943,2.586251487094605e-05,0.0,legit,0
80A19DCD0,4944,2.586251487094605e-05,0.0,legit,0
80A1A44D0,4945,2.586251487094605e-05,0.0,legit,0
80A1AFF20,4946,2.586251487094605e-05,0.0,legit,0
80A1B2F90,4947,2.586251487094605e-05,0.0,legit,0
80A1BC0A0,4948,2.586251487094605e-05,0.0,legit,0
80A1C5280,4949,5.17250297418921e-05,0.0,legit,0
80A1CA440,4950,2.586251487094605e-05,0.0,legit,0
80A1DC8C0,4951,2.586251487094605e-05,0.0,legit,0
80A1E28D0,4952,2.586251487094605e-05,0.0,legit,0
80A1FEA70,4953,2.586251487094605e-05,0.0,legit,0
80A207810,4954,2.586251487094605e-05,0.0,legit,0
80A222790,4955,2.586251487094605e-05,0.0,legit,0
80A2291B0,4956,2.586251487094605e-05,0.0,legit,0
80A22FCA0,4957,2.586251487094605e-05,0.0,legit,0
80A230D50,4958,2.586251487094605e-05,0.0,legit,0
80A2341B0,4959,5.17250297418921e-05,0.0,legit,0
80A234600,4960,2.586251487094605e-05,0.0,legit,0
80A23A6C0,4961,5.17250297418921e-05,0.0,legit,0
80A243730,4962,2.586251487094605e-05,0.0,legit,0
80A254120,4963,7.758754461283815e-05,0.0,legit,0
80A28B710,4964,2.586251487094605e-05,0.0,legit,0
80A2A5AE0,4965,5.17250297418921e-05,0.0,legit,0
80A2A9560,4966,2.586251487094605e-05,0.0,legit,0
80A2C0C30,4967,7.758754461283815e-05,0.0,legit,0
80A2C14C0,4968,2.586251487094605e-05,0.0,legit,0
80A2D15B0,4969,5.17250297418921e-05,0.0,legit,0
80A2DD860,4970,2.586251487094605e-05,0.0,legit,0
80A2E0ED0,4971,2.586251487094605e-05,0.0,legit,0
80A2EC760,4972,2.586251487094605e-05,0.0,legit,0
80A2F9F10,4973,2.586251487094605e-05,0.0,legit,0
80A2FCC90,4974,7.758754461283815e-05,0.0,legit,0
80A30E6B0,4975,2.586251487094605e-05,0.0,legit,0
80A314380,4976,5.17250297418921e-05,0.0,legit,0
80A317E50,4977,2.586251487094605e-05,0.0,legit,0
80A332980,4978,2.586251487094605e-05,0.0,legit,0
80A333C50,4979,2.586251487094605e-05,0.0,legit,0
80A344920,4980,2.586251487094605e-05,0.0,legit,0
80A35F290,4981,2.586251487094605e-05,0.0,legit,0
80A3696D0,4982,5.17250297418921e-05,0.0,legit,0
80A3715A0,4983,2.586251487094605e-05,0.0,legit,0
80A390D00,4984,5.17250297418921e-05,1.72421225052804e-08,legit,0
80A39C470,4985,2.586251487094605e-05,0.0,legit,0
80A3A0960,4986,2.586251487094605e-05,0.0,legit,0
80A3ADA60,4987,2.586251487094605e-05,0.0,legit,0
80A3B6D50,4988,5.17250297418921e-05,0.0,legit,0
80A3D6770,4989,2.586251487094605e-05,0.0,legit,0
80A3E7190,4990,5.17250297418921e-05,0.0,legit,0
80A3EA540,4991,2.586251487094605e-05,0.0,legit,0
80A3EC050,4992,2.586251487094605e-05,0.0,legit,0
80A3EE030,4993,5.17250297418921e-05,0.0,legit,0
80A3F1E10,4994,2.586251487094605e-05,0.0,legit,0
80A3F68B0,4995,5.17250297418921e-05,0.0,legit,0
80A3F7350,4996,7.758754461283815e-05,0.0,legit,0
80A3FDBA0,4997,5.17250297418921e-05,0.0,legit,0
80A40D7B0,4998,5.17250297418921e-05,0.0,legit,0
80A40F800,4999,2.586251487094605e-05,0.0,legit,0
80A414E30,5000,7.758754461283815e-05,0.0,legit,0
80A42A410,5001,2.586251487094605e-05,0.0,legit,0
80A42D720,5002,2.586251487094605e-05,0.0,legit,0
80A43AE80,1333,7.758754461283815e-05,0.0,legit,0
80A43AED0,5003,2.586251487094605e-05,0.0,legit,0
80A440470,5004,2.586251487094605e-05,0.0,legit,0
80A445610,5005,2.586251487094605e-05,0.0,legit,0
80A44DEC0,5006,2.586251487094605e-05,0.0,legit,0
80A4537A0,5007,5.17250297418921e-05,0.0,legit,0
80A457090,5008,2.586251487094605e-05,0.0,legit,0
80A457270,5009,2.586251487094605e-05,0.0,legit,0
80A462B20,5010,2.586251487094605e-05,0.0,legit,0
80A469360,5011,5.17250297418921e-05,0.0,legit,0
80A482BA0,5012,7.758754461283815e-05,0.0,legit,0
80A4919B0,5013,2.586251487094605e-05,0.0,legit,0
80A4A1B00,5014,2.586251487094605e-05,0.0,legit,0
80A4AA790,5015,5.17250297418921e-05,0.0,legit,0
80A4CCEE0,5016,7.758754461283815e-05,0.0,legit,0
80A4D3EB0,5017,5.17250297418921e-05,0.0,legit,0
80A4E5C90,70,7.758754461283815e-05,1.5345489029699558e-05,legit,1
80A4F5570,5018,2.586251487094605e-05,0.0,legit,0
80A4FBD40,5019,2.586251487094605e-05,0.0,legit,0
80A508E20,5020,7.758754461283815e-05,0.0,legit,0
80A50DFC0,5021,7.758754461283815e-05,0.0,legit,0
80A530CC0,5022,2.586251487094605e-05,0.0,legit,0
80A53AB20,5023,2.586251487094605e-05,0.0,legit,0
80A53BA90,5024,7.758754461283815e-05,0.0,legit,0
80A556230,5025,2.586251487094605e-05,0.0,legit,0
80A55C8E0,5026,2.586251487094605e-05,0.0,legit,0
80A56D5C0,5027,2.586251487094605e-05,0.0,legit,0
80A56F9A0,5028,2.586251487094605e-05,0.0,legit,0
80A577210,5029,2.586251487094605e-05,0.0,legit,0
80A582E90,5030,2.586251487094605e-05,0.0,legit,0
80A584DC0,5031,2.586251487094605e-05,0.0,legit,0
80A5A30C0,5032,2.586251487094605e-05,0.0,legit,0
80A5B2690,5033,2.586251487094605e-05,0.0,legit,0
80A5C1AF0,5034,2.586251487094605e-05,0.0,legit,0
80A5C74D0,5035,2.586251487094605e-05,0.0,legit,0
80A5D25F0,5036,2.586251487094605e-05,0.0,legit,0
80A5D2800,5037,5.17250297418921e-05,1.72421225052804e-08,legit,0
80A5DBC40,5038,2.586251487094605e-05,0.0,legit,0
80A5F6010,5039,2.586251487094605e-05,0.0,legit,0
80A608DF0,5040,2.586251487094605e-05,0.0,legit,0
80A610370,5041,2.586251487094605e-05,0.0,legit,0
80A626550,5042,2.586251487094605e-05,0.0,legit,0
80A6488C0,5043,5.17250297418921e-05,0.0,legit,0
80A6573A0,5044,2.586251487094605e-05,0.0,legit,0
80A67DCC0,5045,2.586251487094605e-05,0.0,legit,0
80A689040,5046,5.17250297418921e-05,0.0,legit,0
80A690D50,5047,2.586251487094605e-05,0.0,legit,0
80A6AA860,5048,5.17250297418921e-05,0.0,legit,0
80A6B4870,5049,2.586251487094605e-05,0.0,legit,0
80A6B6360,5050,5.17250297418921e-05,0.0,legit,0
80A6B7530,1243,5.17250297418921e-05,0.0,legit,0
80A6F1D10,5051,2.586251487094605e-05,0.0,legit,0
80A6FE0B0,5052,2.586251487094605e-05,0.0,legit,0
80A6FF760,5053,7.758754461283815e-05,0.0,legit,0
80A705F80,5054,2.586251487094605e-05,0.0,legit,0
80A706230,5055,2.586251487094605e-05,0.0,legit,0
80A710F50,5056,5.17250297418921e-05,0.0,legit,0
80A718200,5057,2.586251487094605e-05,0.0,legit,0
80A71F841,5058,2.586251487094605e-05,0.0,legit,0
80A722070,5059,2.586251487094605e-05,0.0,legit,0
80A725D10,5060,2.586251487094605e-05,0.0,legit,0
80A72C9C0,5061,5.17250297418921e-05,0.0,legit,0
80A733BE0,5062,2.586251487094605e-05,0.0,legit,0
80A734890,5063,5.17250297418921e-05,0.0,legit,0
80A739CD0,5064,2.586251487094605e-05,0.0,legit,0
80A74FD30,5065,2.586251487094605e-05,0.0,legit,0
80A74FF50,5066,2.586251487094605e-05,0.0,legit,0
80A757760,5067,2.586251487094605e-05,0.0,legit,0
80A769BE0,5068,2.586251487094605e-05,0.0,legit,0
80A77D9F0,5069,2.586251487094605e-05,0.0,legit,0
80A79E800,5070,2.586251487094605e-05,0.0,legit,0
80A7A4050,5071,2.586251487094605e-05,0.0,legit,0
80A7B6010,5072,5.17250297418921e-05,0.0,legit,0
80A7BA1A0,5073,2.586251487094605e-05,0.0,legit,0
80A7BF9A0,1597,2.586251487094605e-05,0.0,legit,0
80A7C51A0,5074,2.586251487094605e-05,0.0,legit,0
80A7D9550,5075,2.586251487094605e-05,0.0,legit,0
80A7DE1F0,5076,0.0001034500594837842,0.0,legit,0
80A7E3B80,5077,5.17250297418921e-05,0.0,legit,0
80A7E8EA0,5078,2.586251487094605e-05,0.0,legit,0
80A7F1910,5079,0.0001034500594837842,5.17263675158412e-08,legit,0
80A7F5A00,5080,5.17250297418921e-05,0.0,legit,0
80A7F8320,5081,5.17250297418921e-05,0.0,legit,0
80A7FEA30,5082,5.17250297418921e-05,0.0,legit,0
80A8127F0,5083,2.586251487094605e-05,0.0,legit,0
80A81F4D0,5084,2.586251487094605e-05,0.0,legit,0
80A823FD0,5085,2.586251487094605e-05,0.0,legit,0
80A82DB90,5086,7.758754461283815e-05,0.0,legit,0
80A831340,5087,2.586251487094605e-05,0.0,legit,0
80A833E80,5088,7.758754461283815e-05,3.44842450105608e-08,legit,0
80A86B950,5089,2.586251487094605e-05,0.0,legit,0
80A87B200,5090,5.17250297418921e-05,0.0,legit,0
80A881C70,1040,7.758754461283815e-05,1.5345489029699558e-05,legit,1
80A8894A0,202,5.17250297418921e-05,7.672744514849779e-06,legit,1
80A88D560,5091,2.586251487094605e-05,0.0,legit,0
80A895E50,5092,2.586251487094605e-05,0.0,legit,0
80A8A29E0,5093,5.17250297418921e-05,0.0,legit,0
80A8C0AC0,5094,2.586251487094605e-05,0.0,legit,0
80A8C3760,5095,2.586251487094605e-05,0.0,legit,0
80A8C7970,5096,2.586251487094605e-05,0.0,legit,0
80A8CA1A0,5097,2.586251487094605e-05,0.0,legit,0
80A8CEE50,5098,2.586251487094605e-05,0.0,legit,0
80A8D9870,5099,5.17250297418921e-05,0.0,legit,0
80A8DCC00,5100,5.17250297418921e-05,0.0,legit,0
80A8E9B40,5101,2.586251487094605e-05,0.0,legit,0
80A8F9A10,5102,2.586251487094605e-05,0.0,legit,0
80A8FE7D0,5103,5.17250297418921e-05,0.0,legit,0
80A910A80,5104,2.586251487094605e-05,0.0,legit,0
80A9111A0,5105,2.586251487094605e-05,0.0,legit,0
80A9158E0,5106,2.586251487094605e-05,0.0,legit,0
80A926430,5107,2.586251487094605e-05,0.0,legit,0
80A92E5E0,5108,0.0001034500594837842,0.0,legit,0
80A93C570,5109,5.17250297418921e-05,0.0,legit,0
80A93D560,5110,2.586251487094605e-05,0.0,legit,0
80A93ECE0,5111,2.586251487094605e-05,0.0,legit,0
80A943080,5112,2.586251487094605e-05,0.0,legit,0
80A94FCE0,5113,2.586251487094605e-05,0.0,legit,0
80A9525C0,5114,2.586251487094605e-05,0.0,legit,0
80A955C60,5115,5.17250297418921e-05,0.0,legit,0
80A959920,5116,2.586251487094605e-05,0.0,legit,0
80A9698F0,5117,2.586251487094605e-05,0.0,legit,0
80A97F950,5118,5.17250297418921e-05,0.0,legit,0
80A9891A0,5119,2.586251487094605e-05,0.0,legit,0
80A989590,5120,2.586251487094605e-05,0.0,legit,0
80A9917C0,5121,2.586251487094605e-05,0.0,legit,0
80A9A0640,5122,2.586251487094605e-05,0.0,legit,0
80A9A47F0,5123,2.586251487094605e-05,0.0,legit,0
80A9AE620,5124,5.17250297418921e-05,0.0,legit,0
80A9B1A70,5125,2.586251487094605e-05,0.0,legit,0
80A9B7BD0,5126,2.586251487094605e-05,0.0,legit,0
80A9C5550,5127,2.586251487094605e-05,0.0,legit,0
80A9DD2D0,5128,2.586251487094605e-05,0.0,legit,0
80A9E0AB0,5129,2.586251487094605e-05,0.0,legit,0
80A9E1C10,5130,5.17250297418921e-05,1.72421225052804e-08,legit,0
80A9FF4D0,5131,5.17250297418921e-05,0.0,legit,0
80A9FF6C0,5132,5.17250297418921e-05,0.0,legit,0
80AA04F20,5133,5.17250297418921e-05,0.0,legit,0
80AA12940,5134,2.586251487094605e-05,0.0,legit,0
80AA17D60,5135,2.586251487094605e-05,0.0,legit,0
80AA1AEF0,5136,5.17250297418921e-05,0.0,legit,0
80AA1CAD0,5137,5.17250297418921e-05,0.0,legit,0
80AA21430,5138,2.586251487094605e-05,0.0,legit,0
80AA3CFF0,5139,5.17250297418921e-05,0.0,legit,0
80AA40C40,5140,5.17250297418921e-05,0.0,legit,0
80AA443F0,5141,2.586251487094605e-05,0.0,legit,0
80AA54A30,5142,2.586251487094605e-05,0.0,legit,0
80AA55DF0,5143,5.17250297418921e-05,0.0,legit,0
80AA68A70,5144,5.17250297418921e-05,0.0,legit,0
80AA6B030,5145,2.586251487094605e-05,0.0,legit,0
80AA705F0,5146,2.586251487094605e-05,0.0,legit,0
80AA74DF0,5147,2.586251487094605e-05,0.0,legit,0
80AA81860,5148,5.17250297418921e-05,0.0,legit,0
80AA94080,5149,2.586251487094605e-05,0.0,legit,0
80AA94B00,5150,2.586251487094605e-05,0.0,legit,0
80AA98110,5151,5.17250297418921e-05,0.0,legit,0
80AAA8EA0,5152,2.586251487094605e-05,0.0,legit,0
80AAE96D0,5153,2.586251487094605e-05,0.0,legit,0
80AAF5180,5154,7.758754461283815e-05,0.0,legit,0
80AAF5410,5155,5.17250297418921e-05,0.0,legit,0
80AB05410,5156,5.17250297418921e-05,1.72421225052804e-08,legit,0
80AB1A930,5157,2.586251487094605e-05,0.0,legit,0
80AB23B70,5158,5.17250297418921e-05,0.0,legit,0
80AB274B0,5159,2.586251487094605e-05,0.0,legit,0
80AB30DA0,5160,2.586251487094605e-05,0.0,legit,0
80AB332B0,5161,7.758754461283815e-05,0.0,legit,0
80AB6BB00,5162,2.586251487094605e-05,0.0,legit,0
80AB6CB80,5163,5.17250297418921e-05,0.0,legit,0
80AB71CE0,5164,2.586251487094605e-05,0.0,legit,0
80AB739F0,5165,2.586251487094605e-05,0.0,legit,0
80AB75810,5166,2.586251487094605e-05,0.0,legit,0
80AB7BF70,5167,5.17250297418921e-05,0.0,legit,0
80AB81150,5168,2.586251487094605e-05,0.0,legit,0
80AB8AF40,5169,2.586251487094605e-05,0.0,legit,0
80AB957F0,5170,7.758754461283815e-05,0.0,legit,0
80AB98B20,5171,2.586251487094605e-05,0.0,legit,0
80AB9A960,5172,2.586251487094605e-05,0.0,legit,0
80AB9AF30,5173,2.586251487094605e-05,0.0,legit,0
80AB9BDE0,5174,5.17250297418921e-05,0.0,legit,0
80ABA22F0,5175,2.586251487094605e-05,0.0,legit,0
80ABA2600,5176,2.586251487094605e-05,0.0,legit,0
80ABA30F0,5177,2.586251487094605e-05,0.0,legit,0
80ABAB9F0,5178,5.17250297418921e-05,0.0,legit,0
80ABCF770,5179,7.758754461283815e-05,3.44842450105608e-08,legit,0
80ABF8830,5180,2.586251487094605e-05,0.0,legit,0
80AC08A70,5181,2.586251487094605e-05,0.0,legit,0
80AC08D00,5182,2.586251487094605e-05,0.0,legit,0
80AC0FA90,5183,5.17250297418921e-05,0.0,legit,0
80AC1AC10,5184,0.0001034500594837842,5.17263675158412e-08,legit,0
80AC263E0,5185,5.17250297418921e-05,0.0,legit,0
80AC385C0,5186,5.17250297418921e-05,0.0,legit,0
80AC3E950,5187,2.586251487094605e-05,0.0,legit,0
80AC5D450,5188,5.17250297418921e-05,0.0,legit,0
80AC5F1B0,5189,2.586251487094605e-05,0.0,legit,0
80AC63790,5190,2.586251487094605e-05,0.0,legit,0
80AC68C90,5191,2.586251487094605e-05,0.0,legit,0
80AC6E2B0,5192,2.586251487094605e-05,0.0,legit,0
80AC74E50,5193,5.17250297418921e-05,0.0,legit,0
80AC76C90,5194,2.586251487094605e-05,0.0,legit,0
80AC776F0,5195,2.586251487094605e-05,0.0,legit,0
80AC7DC40,5196,7.758754461283815e-05,0.0,legit,0
80AC933B0,5197,5.17250297418921e-05,0.0,legit,0
80AC9F030,5198,5.17250297418921e-05,0.0,legit,0
80AC9FC90,5199,2.586251487094605e-05,0.0,legit,0
80ACAB4C0,5200,2.586251487094605e-05,0.0,legit,0
80ACAF670,12,7.758754461283815e-05,1.5345489029699558e-05,legit,1
80ACB32C0,5201,2.586251487094605e-05,0.0,legit,0
80ACC8840,5202,2.586251487094605e-05,0.0,legit,0
80ACD6310,5203,2.586251487094605e-05,0.0,legit,0
80ACE26A0,5204,5.17250297418921e-05,0.0,legit,0
80ACEB220,5205,2.586251487094605e-05,0.0,legit,0
80ACFA610,5206,2.586251487094605e-05,0.0,legit,0
80AD13980,5207,5.17250297418921e-05,0.0,legit,0
80AD21900,5208,2.586251487094605e-05,0.0,legit,0
80AD25C90,5209,5.17250297418921e-05,0.0,legit,0
80AD3D040,5210,2.586251487094605e-05,0.0,legit,0
80AD4C650,5211,2.586251487094605e-05,0.0,legit,0
80AD5E370,5212,2.586251487094605e-05,0.0,legit,0
80AD827C0,5213,7.758754461283815e-05,0.0,legit,0
80AD88830,5214,2.586251487094605e-05,0.0,legit,0
80ADAF110,5215,2.586251487094605e-05,0.0,legit,0
80ADB06A0,5216,2.586251487094605e-05,0.0,legit,0
80ADB4BE0,5217,2.586251487094605e-05,0.0,legit,0
80ADC53F0,5218,5.17250297418921e-05,0.0,legit,0
80ADD8340,5219,5.17250297418921e-05,0.0,legit,0
80ADF16E0,5220,5.17250297418921e-05,0.0,legit,0
80ADF3A30,5221,2.586251487094605e-05,0.0,legit,0
80ADFC730,5222,5.17250297418921e-05,0.0,legit,0
80AE08F60,5223,5.17250297418921e-05,0.0,legit,0
80AE4F740,5224,5.17250297418921e-05,1.72421225052804e-08,legit,0
80AE5FDA0,5225,2.586251487094605e-05,0.0,legit,0
80AE732A0,5226,2.586251487094605e-05,0.0,legit,0
80AE76EA0,5227,2.586251487094605e-05,0.0,legit,0
80AE89D30,5228,5.17250297418921e-05,0.0,legit,0
80AE8F5A0,5229,2.586251487094605e-05,0.0,legit,0
80AE963B0,5230,2.586251487094605e-05,0.0,legit,0
80AE9C9D0,5231,2.586251487094605e-05,0.0,legit,0
80AEBC2C0,5232,5.17250297418921e-05,0.0,legit,0
80AEC9560,5233,5.17250297418921e-05,0.0,legit,0
80AEE4B30,5234,2.586251487094605e-05,0.0,legit,0
80AEED520,5235,2.586251487094605e-05,0.0,legit,0
80AEEF840,5236,2.586251487094605e-05,0.0,legit,0
80AF02C10,5237,2.586251487094605e-05,0.0,legit,0
80AF06300,5238,2.586251487094605e-05,0.0,legit,0
80AF0E6D0,5239,5.17250297418921e-05,0.0,legit,0
80AF11DE0,5240,2.586251487094605e-05,0.0,legit,0
80AF18480,5241,2.586251487094605e-05,0.0,legit,0
80AF1A390,5242,5.17250297418921e-05,0.0,legit,0
80AF22B70,5243,2.586251487094605e-05,0.0,legit,0
80AF24700,5244,2.586251487094605e-05,0.0,legit,0
80AF495C0,5245,5.17250297418921e-05,1.72421225052804e-08,legit,0
80AF5C4B0,5246,2.586251487094605e-05,0.0,legit,0
80AF62A00,5247,2.586251487094605e-05,0.0,legit,0
80AF64A00,5248,2.586251487094605e-05,0.0,legit,0
80AF64D30,5249,7.758754461283815e-05,0.0,legit,0
80AF66A20,5250,2.586251487094605e-05,0.0,legit,0
80AF6F090,5251,2.586251487094605e-05,0.0,legit,0
80AF86C00,5252,5.17250297418921e-05,0.0,legit,0
80AF94320,5253,5.17250297418921e-05,0.0,legit,0
80AF99C40,5254,2.586251487094605e-05,0.0,legit,0
80AF99C90,5255,2.586251487094605e-05,0.0,legit,0
80AFA96B0,5256,2.586251487094605e-05,0.0,legit,0
80AFB0E60,5257,2.586251487094605e-05,0.0,legit,0
80AFBDCB0,5258,5.17250297418921e-05,0.0,legit,0
80AFC3B00,5259,2.586251487094605e-05,0.0,legit,0
80AFC68D0,5260,2.586251487094605e-05,0.0,legit,0
80AFE32E0,5261,2.586251487094605e-05,0.0,legit,0
80AFE5B31,5262,5.17250297418921e-05,0.0,legit,0
80AFEBCE0,5263,2.586251487094605e-05,0.0,legit,0
80AFF42E0,5264,2.586251487094605e-05,0.0,legit,0
80AFF64D0,5265,2.586251487094605e-05,0.0,legit,0
80B00B420,5266,2.586251487094605e-05,0.0,legit,0
80B019C30,5267,7.758754461283815e-05,0.0,legit,0
80B01A990,5268,2.586251487094605e-05,0.0,legit,0
80B027F00,5269,2.586251487094605e-05,0.0,legit,0
80B03F190,5270,2.586251487094605e-05,0.0,legit,0
80B03F320,5271,5.17250297418921e-05,0.0,legit,0
80B041F10,5272,7.758754461283815e-05,0.0,legit,0
80B0429E0,5273,2.586251487094605e-05,0.0,legit,0
80B0442E0,5274,2.586251487094605e-05,0.0,legit,0
80B0565B0,5275,5.17250297418921e-05,0.0,legit,0
80B06A3F0,5276,2.586251487094605e-05,0.0,legit,0
80B07BEE0,5277,2.586251487094605e-05,0.0,legit,0
80B080130,5278,5.17250297418921e-05,1.72421225052804e-08,legit,0
80B084260,5279,2.586251487094605e-05,0.0,legit,0
80B08A520,5280,2.586251487094605e-05,0.0,legit,0
80B095A90,5281,2.586251487094605e-05,0.0,legit,0
80B096140,5282,2.586251487094605e-05,0.0,legit,0
80B0BF010,5283,2.586251487094605e-05,0.0,legit,0
80B0C9270,5284,2.586251487094605e-05,0.0,legit,0
80B0D60D0,5285,7.758754461283815e-05,0.0,legit,0
80B0F7A00,5286,2.586251487094605e-05,0.0,legit,0
80B101940,5287,2.586251487094605e-05,0.0,legit,0
80B102640,5288,2.586251487094605e-05,0.0,legit,0
80B106A00,5289,2.586251487094605e-05,0.0,legit,0
80B107D00,5290,5.17250297418921e-05,0.0,legit,0
80B11BF60,5291,2.586251487094605e-05,0.0,legit,0
80B122CC0,5292,2.586251487094605e-05,0.0,legit,0
80B125150,5293,2.586251487094605e-05,0.0,legit,0
80B13AF10,5294,2.586251487094605e-05,0.0,legit,0
80B13E200,5295,2.586251487094605e-05,0.0,legit,0
80B14E9D0,5296,2.586251487094605e-05,0.0,legit,0
80B15DB40,5297,2.586251487094605e-05,0.0,legit,0
80B15DCD0,5298,2.586251487094605e-05,0.0,legit,0
80B15F3D0,5299,7.758754461283815e-05,0.0,legit,0
80B16AA80,5300,5.17250297418921e-05,0.0,legit,0
80B181940,5301,5.17250297418921e-05,1.72421225052804e-08,legit,0
80B19E0C0,5302,2.586251487094605e-05,0.0,legit,0
80B1AFC90,5303,5.17250297418921e-05,0.0,legit,0
80B1CCC60,5304,5.17250297418921e-05,0.0,legit,0
80B1EFDD0,5305,2.586251487094605e-05,0.0,legit,0
80B2108B0,5306,2.586251487094605e-05,0.0,legit,0
80B221430,5307,5.17250297418921e-05,0.0,legit,0
80B22CA60,5308,5.17250297418921e-05,0.0,legit,0
80B22DDF0,5309,2.586251487094605e-05,0.0,legit,0
80B234560,2,5.17250297418921e-05,7.672744514849779e-06,legit,1
80B252ED0,5310,2.586251487094605e-05,0.0,legit,0
80B259890,5311,2.586251487094605e-05,0.0,legit,0
80B271A00,5312,2.586251487094605e-05,0.0,legit,0
80B274240,5313,5.17250297418921e-05,0.0,legit,0
80B280FA0,5314,2.586251487094605e-05,0.0,legit,0
80B2839D0,5315,2.586251487094605e-05,0.0,legit,0
80B28FCD0,5316,5.17250297418921e-05,0.0,legit,0
80B29A2E0,5317,7.758754461283815e-05,0.0,legit,0
80B2A7960,5318,0.0001034500594837842,0.0,legit,0
80B2A7F10,5319,2.586251487094605e-05,0.0,legit,0
80B2C2510,5320,5.17250297418921e-05,0.0,legit,0
80B2C6DF0,5321,5.17250297418921e-05,0.0,legit,0
80B2CCD70,5322,5.17250297418921e-05,0.0,legit,0
80B2D1AE0,5323,5.17250297418921e-05,0.0,legit,0
80B2E56E0,5324,5.17250297418921e-05,0.0,legit,0
80B2EA470,5325,2.586251487094605e-05,0.0,legit,0
80B2EC050,5326,2.586251487094605e-05,0.0,legit,0
80B2F1EE0,5327,2.586251487094605e-05,0.0,legit,0
80B2FAF50,5328,2.586251487094605e-05,0.0,legit,0
80B2FBAB0,5329,2.586251487094605e-05,0.0,legit,0
80B30F460,5330,5.17250297418921e-05,0.0,legit,0
80B317E70,1588,2.586251487094605e-05,0.0,legit,0
80B31C3A0,5331,2.586251487094605e-05,0.0,legit,0
80B321F10,5332,5.17250297418921e-05,0.0,legit,0
80B323810,5333,5.17250297418921e-05,0.0,legit,0
80B332720,5334,2.586251487094605e-05,0.0,legit,0
80B338270,5335,5.17250297418921e-05,0.0,legit,0
80B33B590,5336,2.586251487094605e-05,0.0,legit,0
80B3614E0,5337,2.586251487094605e-05,0.0,legit,0
80B365D00,5338,5.17250297418921e-05,0.0,legit,0
80B367C30,5339,5.17250297418921e-05,0.0,legit,0
80B369910,5340,2.586251487094605e-05,0.0,legit,0
80B373000,5341,2.586251487094605e-05,0.0,legit,0
80B375100,5342,5.17250297418921e-05,0.0,legit,0
80B381440,5343,2.586251487094605e-05,0.0,legit,0
80B38F100,5344,5.17250297418921e-05,0.0,legit,0
80B3A7B40,5345,7.758754461283815e-05,0.0,legit,0
80B3D8D60,5346,2.586251487094605e-05,0.0,legit,0
80B3DBE90,5347,2.586251487094605e-05,0.0,legit,0
80B3E1240,5348,7.758754461283815e-05,0.0,legit,0
80B3F9940,5349,2.586251487094605e-05,0.0,legit,0
80B4040E0,5350,2.586251487094605e-05,0.0,legit,0
80B411860,5351,2.586251487094605e-05,0.0,legit,0
80B4178C0,5352,5.17250297418921e-05,0.0,legit,0
80B41DA40,5353,2.586251487094605e-05,0.0,legit,0
80B41FD90,5354,5.17250297418921e-05,0.0,legit,0
80B421B70,5355,2.586251487094605e-05,0.0,legit,0
80B423040,5356,7.758754461283815e-05,0.0,legit,0
80B426D20,5357,2.586251487094605e-05,0.0,legit,0
80B440DF0,5358,5.17250297418921e-05,0.0,legit,0
80B45FA40,5359,2.586251487094605e-05,0.0,legit,0
80B474C70,5360,2.586251487094605e-05,0.0,legit,0
80B476B20,5361,2.586251487094605e-05,0.0,legit,0
80B477860,5362,7.758754461283815e-05,6.89684900211216e-08,legit,0
80B487E30,5363,2.586251487094605e-05,0.0,legit,0
80B48FEE0,5364,2.586251487094605e-05,0.0,legit,0
80B496940,5365,5.17250297418921e-05,0.0,legit,0
80B4A2630,5366,2.586251487094605e-05,0.0,legit,0
80B4BE3C0,5367,7.758754461283815e-05,0.0,legit,0
80B4C2270,5368,2.586251487094605e-05,0.0,legit,0
80B4C47F0,5369,2.586251487094605e-05,0.0,legit,0
80B4DC570,5370,0.0001034500594837842,0.0,legit,0
80B4E6700,5371,5.17250297418921e-05,0.0,legit,0
80B4F5960,5372,5.17250297418921e-05,0.0,legit,0
80B4FD610,5373,5.17250297418921e-05,0.0,legit,0
80B5026C0,5374,5.17250297418921e-05,0.0,legit,0
80B506D20,5375,5.17250297418921e-05,0.0,legit,0
80B50BB20,5376,2.586251487094605e-05,0.0,legit,0
80B524B80,5377,7.758754461283815e-05,0.0,legit,0
80B531950,5378,2.586251487094605e-05,0.0,legit,0
80B53D230,5379,5.17250297418921e-05,0.0,legit,0
80B54D610,413,0.0001034500594837842,5.17263675158412e-08,legit,0
80B55F680,5380,2.586251487094605e-05,0.0,legit,0
80B582460,5381,2.586251487094605e-05,0.0,legit,0
80B5835D0,5382,5.17250297418921e-05,0.0,legit,0
80B589960,5383,2.586251487094605e-05,0.0,legit,0
80B58E820,5384,2.586251487094605e-05,0.0,legit,0
80B591270,5385,2.586251487094605e-05,0.0,legit,0
80B594E90,5386,2.586251487094605e-05,0.0,legit,0
80B5A71E0,3110,5.17250297418921e-05,0.0,legit,0
80B5BD4D0,5387,2.586251487094605e-05,0.0,legit,0
80B5D7D30,5388,7.758754461283815e-05,0.0,legit,0
80B5F18E0,5389,2.586251487094605e-05,0.0,legit,0
80B5FB9A0,5390,2.586251487094605e-05,0.0,legit,0
80B619F90,5391,5.17250297418921e-05,0.0,legit,0
80B61EF20,5392,2.586251487094605e-05,0.0,legit,0
80B623A00,5393,2.586251487094605e-05,0.0,legit,0
80B624E40,5394,7.758754461283815e-05,0.0,legit,0
80B628550,5395,2.586251487094605e-05,0.0,legit,0
80B632660,5396,2.586251487094605e-05,0.0,legit,0
80B640AD0,5397,2.586251487094605e-05,0.0,legit,0
80B64DE80,5398,5.17250297418921e-05,0.0,legit,0
80B6768D0,5399,2.586251487094605e-05,0.0,legit,0
80B67A760,5400,7.758754461283815e-05,3.44842450105608e-08,legit,0
80B67F1A0,5401,2.586251487094605e-05,0.0,legit,0
80B683750,5402,5.17250297418921e-05,0.0,legit,0
80B69EA30,5403,2.586251487094605e-05,0.0,legit,0
80B6A7CE0,5404,2.586251487094605e-05,0.0,legit,0
80B6AF630,5405,2.586251487094605e-05,0.0,legit,0
80B6B55D0,5406,5.17250297418921e-05,0.0,legit,0
80B6D25B0,5407,2.586251487094605e-05,0.0,legit,0
80B6D75A0,5408,2.586251487094605e-05,0.0,legit,0
80B6E0570,5409,5.17250297418921e-05,0.0,legit,0
80B704B30,5410,2.586251487094605e-05,0.0,legit,0
80B736EA0,5411,5.17250297418921e-05,0.0,legit,0
80B766D70,5412,2.586251487094605e-05,0.0,legit,0
80B779FA0,5413,5.17250297418921e-05,0.0,legit,0
80B78BF80,5414,2.586251487094605e-05,0.0,legit,0
80B78E640,5415,2.586251487094605e-05,0.0,legit,0
80B78F9A0,5416,2.586251487094605e-05,0.0,legit,0
80B7A7A60,5417,2.586251487094605e-05,0.0,legit,0
80B7C5F70,5418,2.586251487094605e-05,0.0,legit,0
80B7CB810,5419,5.17250297418921e-05,0.0,legit,0
80B7D2FD0,5420,5.17250297418921e-05,0.0,legit,0
80B7E5F00,5421,5.17250297418921e-05,0.0,legit,0
80B7F1110,5422,5.17250297418921e-05,0.0,legit,0
80B7F2830,5423,2.586251487094605e-05,0.0,legit,0
80B7F4340,5424,2.586251487094605e-05,0.0,legit,0
80B7F71D0,5425,2.586251487094605e-05,0.0,legit,0
80B7FA280,5426,2.586251487094605e-05,0.0,legit,0
80B8008F0,5427,2.586251487094605e-05,0.0,legit,0
80B817A70,5428,7.758754461283815e-05,0.0,legit,0
80B8239A0,5429,5.17250297418921e-05,0.0,legit,0
80B8276C0,5430,5.17250297418921e-05,0.0,legit,0
80B829D70,5431,2.586251487094605e-05,0.0,legit,0
80B832660,5432,2.586251487094605e-05,0.0,legit,0
80B846140,5433,2.586251487094605e-05,0.0,legit,0
80B847950,5434,2.586251487094605e-05,0.0,legit,0
80B848070,5435,2.586251487094605e-05,0.0,legit,0
80B8540D0,5436,2.586251487094605e-05,0.0,legit,0
80B856190,5437,2.586251487094605e-05,0.0,legit,0
80B8682E0,5438,0.0001034500594837842,0.0,legit,0
80B86C510,5439,5.17250297418921e-05,0.0,legit,0
80B870570,5440,2.586251487094605e-05,0.0,legit,0
80B87E2F0,5441,5.17250297418921e-05,0.0,legit,0
80B8B9EA0,5442,7.758754461283815e-05,0.0,legit,0
80B8BD390,5443,2.586251487094605e-05,0.0,legit,0
80B8CD060,5444,2.586251487094605e-05,0.0,legit,0
80B8CDF80,5445,5.17250297418921e-05,0.0,legit,0
80B8E0F20,5446,2.586251487094605e-05,0.0,legit,0
80B8EDE00,5447,2.586251487094605e-05,0.0,legit,0
80B8F5B20,5448,7.758754461283815e-05,0.0,legit,0
80B8FFEF0,5449,2.586251487094605e-05,0.0,legit,0
80B90A820,5450,7.758754461283815e-05,0.0,legit,0
80B90DF40,5451,2.586251487094605e-05,0.0,legit,0
80B91ED90,5452,5.17250297418921e-05,0.0,legit,0
80B920BB0,5453,5.17250297418921e-05,0.0,legit,0
80B924F10,5454,5.17250297418921e-05,0.0,legit,0
80B92F4F0,5455,2.586251487094605e-05,0.0,legit,0
80B9456F0,5456,5.17250297418921e-05,0.0,legit,0
80B957750,5457,2.586251487094605e-05,0.0,legit,0
80B959EA0,5458,2.586251487094605e-05,0.0,legit,0
80B968650,5459,2.586251487094605e-05,0.0,legit,0
80B96F0D0,5460,2.586251487094605e-05,0.0,legit,0
80B9700A0,5461,5.17250297418921e-05,0.0,legit,0
80B9773A0,5462,5.17250297418921e-05,0.0,legit,0
80B97DD60,5463,2.586251487094605e-05,0.0,legit,0
80B986C00,5464,2.586251487094605e-05,0.0,legit,0
80B98DE90,5465,5.17250297418921e-05,0.0,legit,0
80B998D70,5466,5.17250297418921e-05,0.0,legit,0
80B999790,5467,2.586251487094605e-05,0.0,legit,0
80B99E680,5468,5.17250297418921e-05,0.0,legit,0
80B9B0BA0,5469,2.586251487094605e-05,0.0,legit,0
80B9B2050,5470,2.586251487094605e-05,0.0,legit,0
80B9BCA30,5471,2.586251487094605e-05,0.0,legit,0
80B9BDAF0,5472,5.17250297418921e-05,0.0,legit,0
80B9CDCD0,5473,2.586251487094605e-05,0.0,legit,0
80B9DB0E0,5474,2.586251487094605e-05,0.0,legit,0
80B9DBAA0,5475,2.586251487094605e-05,0.0,legit,0
80B9DC170,5476,7.758754461283815e-05,0.0,legit,0
80B9DF1A0,864,5.17250297418921e-05,1.72421225052804e-08,legit,0
80B9EED60,5477,7.758754461283815e-05,0.0,legit,0
80B9FA150,5478,2.586251487094605e-05,0.0,legit,0
80BA02E30,5479,2.586251487094605e-05,0.0,legit,0
80BA148A0,5480,2.586251487094605e-05,0.0,legit,0
80BA17430,5481,2.586251487094605e-05,0.0,legit,0
80BA35680,5482,2.586251487094605e-05,0.0,legit,0
80BA50AD0,5483,2.586251487094605e-05,0.0,legit,0
80BA6DED0,5484,2.586251487094605e-05,0.0,legit,0
80BA99360,5485,2.586251487094605e-05,0.0,legit,0
80BAAB480,5486,5.17250297418921e-05,0.0,legit,0
80BABB360,5487,5.17250297418921e-05,0.0,legit,0
80BAD2810,5488,2.586251487094605e-05,0.0,legit,0
80BAE8690,5489,2.586251487094605e-05,0.0,legit,0
80BAF9D40,5490,5.17250297418921e-05,0.0,legit,0
80BB11780,5491,2.586251487094605e-05,0.0,legit,0
80BB11A10,5492,2.586251487094605e-05,0.0,legit,0
80BB1EBC0,5493,2.586251487094605e-05,0.0,legit,0
80BB28E40,5494,2.586251487094605e-05,0.0,legit,0
80BB33600,5495,2.586251487094605e-05,0.0,legit,0
80BB35160,5496,5.17250297418921e-05,0.0,legit,0
80BB36AA0,5497,5.17250297418921e-05,0.0,legit,0
80BB4F970,5498,2.586251487094605e-05,0.0,legit,0
80BB57BB0,5499,2.586251487094605e-05,0.0,legit,0
80BB60980,5500,2.586251487094605e-05,0.0,legit,0
80BB63AD0,5501,2.586251487094605e-05,0.0,legit,0
80BB6F900,5502,2.586251487094605e-05,0.0,legit,0
80BB7B310,5503,7.758754461283815e-05,0.0,legit,0
80BB7BE30,5504,2.586251487094605e-05,0.0,legit,0
80BB8C110,5505,5.17250297418921e-05,1.72421225052804e-08,legit,0
80BB9E040,28,5.17250297418921e-05,7.672744514849779e-06,legit,1
80BBB1030,5506,2.586251487094605e-05,0.0,legit,0
80BBB7620,5507,7.758754461283815e-05,0.0,legit,0
80BBC5A70,5508,5.17250297418921e-05,0.0,legit,0
80BBD3410,5509,2.586251487094605e-05,0.0,legit,0
80BBD66B0,5510,2.586251487094605e-05,0.0,legit,0
80BBDB850,5511,7.758754461283815e-05,3.44842450105608e-08,legit,0
80BBE6110,5512,2.586251487094605e-05,0.0,legit,0
80BBF08D0,5513,2.586251487094605e-05,0.0,legit,0
80BBF6230,5514,2.586251487094605e-05,0.0,legit,0
80BBFA3B0,5515,5.17250297418921e-05,0.0,legit,0
80BBFE1B0,5516,2.586251487094605e-05,0.0,legit,0
80BBFEC90,5517,2.586251487094605e-05,0.0,legit,0
80BC015B0,5518,2.586251487094605e-05,0.0,legit,0
80BC03E20,5519,2.586251487094605e-05,0.0,legit,0
80BC05040,5520,2.586251487094605e-05,0.0,legit,0
80BC12240,5521,5.17250297418921e-05,0.0,legit,0
80BC1BE50,476,5.17250297418921e-05,0.0,legit,0
80BC26E40,5522,2.586251487094605e-05,0.0,legit,0
80BC2E6B0,5523,2.586251487094605e-05,0.0,legit,0
80BC37E30,5524,2.586251487094605e-05,0.0,legit,0
80BC3E4A0,5525,2.586251487094605e-05,0.0,legit,0
80BC446F0,5526,2.586251487094605e-05,0.0,legit,0
80BC44DD0,5527,7.758754461283815e-05,0.0,legit,0
80BC5EC50,5528,2.586251487094605e-05,0.0,legit,0
80BC62860,5529,2.586251487094605e-05,0.0,legit,0
80BC69EC0,5530,2.586251487094605e-05,0.0,legit,0
80BC6A160,5531,2.586251487094605e-05,0.0,legit,0
80BC7F300,5532,2.586251487094605e-05,0.0,legit,0
80BC8C4F0,5533,2.586251487094605e-05,0.0,legit,0
80BC906F0,5534,5.17250297418921e-05,0.0,legit,0
80BC94BF0,5535,2.586251487094605e-05,0.0,legit,0
80BC9B0E0,5536,2.586251487094605e-05,0.0,legit,0
80BCAAD00,5537,2.586251487094605e-05,0.0,legit,0
80BCAE8C0,5538,2.586251487094605e-05,0.0,legit,0
80BCB0B50,5539,5.17250297418921e-05,0.0,legit,0
80BCB7110,5540,2.586251487094605e-05,0.0,legit,0
80BCB9320,5541,5.17250297418921e-05,0.0,legit,0
80BCC1D30,5542,5.17250297418921e-05,0.0,legit,0
80BCC1FA0,5543,2.586251487094605e-05,0.0,legit,0
80BCC2190,5544,2.586251487094605e-05,0.0,legit,0
80BCD1D50,5545,2.586251487094605e-05,0.0,legit,0
80BCDC160,5546,0.0001034500594837842,0.0,legit,0
80BCE8DA0,61,5.17250297418921e-05,7.672744514849779e-06,legit,1
80BCEA770,5547,5.17250297418921e-05,0.0,legit,0
80BD33121,5548,5.17250297418921e-05,0.0,legit,0
80BD377E0,5549,5.17250297418921e-05,0.0,legit,0
80BD42410,5550,2.586251487094605e-05,0.0,legit,0
80BD42550,5551,2.586251487094605e-05,0.0,legit,0
80BD4B2D0,5552,2.586251487094605e-05,0.0,legit,0
80BD5C840,5553,2.586251487094605e-05,0.0,legit,0
80BD6BEB0,5554,2.586251487094605e-05,0.0,legit,0
80BD6EE20,1585,2.586251487094605e-05,0.0,legit,0
80BD6F4B0,5555,2.586251487094605e-05,0.0,legit,0
80BD7E9D0,5556,2.586251487094605e-05,0.0,legit,0
80BD8FBF0,5557,5.17250297418921e-05,0.0,legit,0
80BDAD670,5558,2.586251487094605e-05,0.0,legit,0
80BDBA550,5559,2.586251487094605e-05,0.0,legit,0
80BDD4FC0,5560,5.17250297418921e-05,0.0,legit,0
80BDEA4A0,5561,2.586251487094605e-05,0.0,legit,0
80BDF3DC0,5562,5.17250297418921e-05,0.0,legit,0
80BE15460,5563,2.586251487094605e-05,0.0,legit,0
80BE1A3D0,5564,7.758754461283815e-05,0.0,legit,0
80BE1F570,5565,2.586251487094605e-05,0.0,legit,0
80BE28460,5566,2.586251487094605e-05,0.0,legit,0
80BE33720,5567,7.758754461283815e-05,0.0,legit,0
80BE37AD0,5568,2.586251487094605e-05,0.0,legit,0
80BE3A300,5569,2.586251487094605e-05,0.0,legit,0
80BE40D20,5570,5.17250297418921e-05,0.0,legit,0
80BE68CF0,5571,2.586251487094605e-05,0.0,legit,0
80BE78110,5572,2.586251487094605e-05,0.0,legit,0
80BE7BB80,5573,2.586251487094605e-05,0.0,legit,0
80BE82D50,5574,5.17250297418921e-05,0.0,legit,0
80BE83630,5575,2.586251487094605e-05,0.0,legit,0
80BE84520,5576,2.586251487094605e-05,0.0,legit,0
80BE8C890,5577,5.17250297418921e-05,0.0,legit,0
80BE8E3B0,5578,2.586251487094605e-05,0.0,legit,0
80BEA2A40,5579,5.17250297418921e-05,0.0,legit,0
80BEA81E0,5580,7.758754461283815e-05,0.0,legit,0
80BEB27E0,5581,2.586251487094605e-05,0.0,legit,0
80BEC2390,5582,2.586251487094605e-05,0.0,legit,0
80BEC8530,5583,5.17250297418921e-05,0.0,legit,0
80BECC900,5584,2.586251487094605e-05,0.0,legit,0
80BEE4A20,5585,2.586251487094605e-05,0.0,legit,0
80BEEE610,5586,2.586251487094605e-05,0.0,legit,0
80BEEFD40,5587,5.17250297418921e-05,0.0,legit,0
80BEF3350,5588,2.586251487094605e-05,0.0,legit,0
80BEFFB80,5589,2.586251487094605e-05,0.0,legit,0
80BF0BC70,5590,2.586251487094605e-05,0.0,legit,0
80BF20D70,36,5.17250297418921e-05,7.672744514849779e-06,legit,1
80BF36C90,5591,2.586251487094605e-05,0.0,legit,0
80BF3BA30,5592,2.586251487094605e-05,0.0,legit,0
80BF3ED10,5593,5.17250297418921e-05,0.0,legit,0
80BF64FA0,5594,2.586251487094605e-05,0.0,legit,0
80BF6F620,5595,2.586251487094605e-05,0.0,legit,0
80BF6F800,5596,2.586251487094605e-05,0.0,legit,0
80BF9A910,2574,5.17250297418921e-05,0.0,legit,0
80BFB2890,5597,2.586251487094605e-05,0.0,legit,0
80BFB7360,5598,2.586251487094605e-05,0.0,legit,0
80BFC7700,5599,2.586251487094605e-05,0.0,legit,0
80BFCF050,5600,2.586251487094605e-05,0.0,legit,0
80BFD8B10,5601,2.586251487094605e-05,0.0,legit,0
80BFDC960,5602,2.586251487094605e-05,0.0,legit,0
80BFE4850,5603,7.758754461283815e-05,0.0,legit,0
80BFF6F00,5604,2.586251487094605e-05,0.0,legit,0
80C015BC0,5605,5.17250297418921e-05,0.0,legit,0
80C017580,5606,2.586251487094605e-05,0.0,legit,0
80C032B70,5607,2.586251487094605e-05,0.0,legit,0
80C034830,5608,5.17250297418921e-05,0.0,legit,0
80C03C440,5609,2.586251487094605e-05,0.0,legit,0
80C045C80,5610,2.586251487094605e-05,0.0,legit,0
80C046FB0,5611,2.586251487094605e-05,0.0,legit,0
80C050A60,5612,2.586251487094605e-05,0.0,legit,0
80C054D30,5613,5.17250297418921e-05,1.72421225052804e-08,legit,0
80C05EDB0,5614,2.586251487094605e-05,0.0,legit,0
80C069740,5615,2.586251487094605e-05,0.0,legit,0
80C078750,5616,2.586251487094605e-05,0.0,legit,0
80C081A80,5617,5.17250297418921e-05,0.0,legit,0
80C089A60,5618,5.17250297418921e-05,0.0,legit,0
80C08D850,5619,5.17250297418921e-05,0.0,legit,0
80C091810,5620,2.586251487094605e-05,0.0,legit,0
80C09E940,5621,7.758754461283815e-05,0.0,legit,0
80C0B4970,5622,5.17250297418921e-05,1.72421225052804e-08,legit,0
80C0BC980,5623,2.586251487094605e-05,0.0,legit,0
80C0CA460,5624,5.17250297418921e-05,0.0,legit,0
80C0D1530,5625,2.586251487094605e-05,0.0,legit,0
80C0D4560,5626,2.586251487094605e-05,0.0,legit,0
80C0E81E0,5627,2.586251487094605e-05,0.0,legit,0
80C0F0130,5628,2.586251487094605e-05,0.0,legit,0
80C0F2B60,5629,2.586251487094605e-05,0.0,legit,0
80C0FA5D0,5630,5.17250297418921e-05,0.0,legit,0
80C109710,5631,2.586251487094605e-05,0.0,legit,0
80C11DE80,5632,2.586251487094605e-05,0.0,legit,0
80C129B00,5633,5.17250297418921e-05,0.0,legit,0
80C1442E0,5634,2.586251487094605e-05,0.0,legit,0
80C14A5D0,5635,5.17250297418921e-05,0.0,legit,0
80C14AF10,5636,5.17250297418921e-05,0.0,legit,0
80C14CAC0,5637,2.586251487094605e-05,0.0,legit,0
80C16AF00,5638,2.586251487094605e-05,0.0,legit,0
80C186EA0,5639,2.586251487094605e-05,0.0,legit,0
80C192BD0,5640,2.586251487094605e-05,0.0,legit,0
80C1AFCF0,5641,2.586251487094605e-05,0.0,legit,0
80C1CDD80,5642,2.586251487094605e-05,0.0,legit,0
80C1DFC70,5643,2.586251487094605e-05,0.0,legit,0
80C1F29E0,5644,2.586251487094605e-05,0.0,legit,0
80C1FEA30,5645,2.586251487094605e-05,0.0,legit,0
80C228310,5646,2.586251487094605e-05,0.0,legit,0
80C232160,5647,5.17250297418921e-05,1.72421225052804e-08,legit,0
80C2461E0,5648,2.586251487094605e-05,0.0,legit,0
80C250760,5649,2.586251487094605e-05,0.0,legit,0
80C2508A0,5650,5.17250297418921e-05,0.0,legit,0
80C251590,5651,5.17250297418921e-05,0.0,legit,0
80C25C5B0,5652,2.586251487094605e-05,0.0,legit,0
80C276B80,5653,2.586251487094605e-05,0.0,legit,0
80C28A600,5654,5.17250297418921e-05,0.0,legit,0
80C28B7F0,5655,5.17250297418921e-05,0.0,legit,0
80C28D560,5656,2.586251487094605e-05,0.0,legit,0
80C292210,5657,5.17250297418921e-05,1.72421225052804e-08,legit,0
80C299460,5658,5.17250297418921e-05,0.0,legit,0
80C2A6EE0,5659,7.758754461283815e-05,0.0,legit,0
80C2A7910,5660,5.17250297418921e-05,0.0,legit,0
80C2B2E70,5661,5.17250297418921e-05,0.0,legit,0
80C2BCF10,5662,2.586251487094605e-05,0.0,legit,0
80C2C6220,5663,2.586251487094605e-05,0.0,legit,0
80C2C63B0,5664,2.586251487094605e-05,0.0,legit,0
80C2D8270,5665,2.586251487094605e-05,0.0,legit,0
80C2DDC60,5666,2.586251487094605e-05,0.0,legit,0
80C2EB220,5667,5.17250297418921e-05,1.72421225052804e-08,legit,0
80C2EBA40,5668,2.586251487094605e-05,0.0,legit,0
80C30DF70,5669,2.586251487094605e-05,0.0,legit,0
80C30E700,5670,7.758754461283815e-05,0.0,legit,0
80C31E790,5671,2.586251487094605e-05,0.0,legit,0
80C31E8D0,5672,5.17250297418921e-05,1.72421225052804e-08,legit,0
80C336F90,5673,2.586251487094605e-05,0.0,legit,0
80C353CF0,5674,2.586251487094605e-05,0.0,legit,0
80C35B350,5675,5.17250297418921e-05,0.0,legit,0
80C35DA50,5676,7.758754461283815e-05,0.0,legit,0
80C368A20,5677,2.586251487094605e-05,0.0,legit,0
80C373ED0,5678,2.586251487094605e-05,0.0,legit,0
80C38D7E0,5679,2.586251487094605e-05,0.0,legit,0
80C398A00,5680,2.586251487094605e-05,0.0,legit,0
80C3B1CD0,5681,2.586251487094605e-05,0.0,legit,0
80C3B5ED0,5682,2.586251487094605e-05,0.0,legit,0
80C3BB260,5683,2.586251487094605e-05,0.0,legit,0
80C3C87C0,5684,5.17250297418921e-05,0.0,legit,0
80C3DE040,5685,7.758754461283815e-05,0.0,legit,0
80C3E4830,5686,5.17250297418921e-05,0.0,legit,0
80C3EFCD0,5687,2.586251487094605e-05,0.0,legit,0
80C3F32F0,5688,7.758754461283815e-05,0.0,legit,0
80C3FD320,5689,5.17250297418921e-05,0.0,legit,0
80C4146D0,5690,2.586251487094605e-05,0.0,legit,0
80C41A420,5691,2.586251487094605e-05,0.0,legit,0
80C4310C0,5692,5.17250297418921e-05,0.0,legit,0
80C436CA0,5693,2.586251487094605e-05,0.0,legit,0
80C43D7A0,5694,2.586251487094605e-05,0.0,legit,0
80C446D90,5695,5.17250297418921e-05,0.0,legit,0
80C449230,5696,2.586251487094605e-05,0.0,legit,0
80C456560,5697,5.17250297418921e-05,0.0,legit,0
80C460C80,5698,7.758754461283815e-05,0.0,legit,0
80C461310,5699,5.17250297418921e-05,0.0,legit,0
80C46E5E0,5700,5.17250297418921e-05,0.0,legit,0
80C483150,5701,5.17250297418921e-05,0.0,legit,0
80C4840D0,5702,5.17250297418921e-05,0.0,legit,0
80C485540,5703,2.586251487094605e-05,0.0,legit,0
80C49E4B0,72,0.0001034500594837842,0.0,legit,1
80C4AEE90,5704,5.17250297418921e-05,0.0,legit,0
80C4BB190,5705,2.586251487094605e-05,0.0,legit,0
80C4BFD50,5706,5.17250297418921e-05,0.0,legit,0
80C4C7B60,5707,2.586251487094605e-05,0.0,legit,0
80C4E8070,5708,5.17250297418921e-05,0.0,legit,0
80C4EDAE0,5709,2.586251487094605e-05,0.0,legit,0
80C513870,5710,7.758754461283815e-05,0.0,legit,0
80C519240,5711,5.17250297418921e-05,0.0,legit,0
80C51F140,5712,5.17250297418921e-05,0.0,legit,0
80C53CED0,5713,2.586251487094605e-05,0.0,legit,0
80C545340,5714,2.586251487094605e-05,0.0,legit,0
80C551270,5715,2.586251487094605e-05,0.0,legit,0
80C562A50,5716,5.17250297418921e-05,0.0,legit,0
80C563DA0,5717,2.586251487094605e-05,0.0,legit,0
80C57B220,668,5.17250297418921e-05,0.0,legit,1
80C581540,5718,2.586251487094605e-05,0.0,legit,0
80C599930,5719,2.586251487094605e-05,0.0,legit,0
80C5A8280,5720,5.17250297418921e-05,0.0,legit,0
80C5BBEC0,5721,2.586251487094605e-05,0.0,legit,0
80C5CC590,5722,2.586251487094605e-05,0.0,legit,0
80C5CDE40,5723,5.17250297418921e-05,0.0,legit,0
80C5DC000,5724,2.586251487094605e-05,0.0,legit,0
80C5DFB70,5725,5.17250297418921e-05,0.0,legit,0
80C6171E0,5726,5.17250297418921e-05,0.0,legit,0
80C61CC00,5727,5.17250297418921e-05,0.0,legit,0
80C6250D0,5728,2.586251487094605e-05,0.0,legit,0
80C6283F0,5729,2.586251487094605e-05,0.0,legit,0
80C62FCC0,5730,2.586251487094605e-05,0.0,legit,0
80C64B6F0,5731,2.586251487094605e-05,0.0,legit,0
80C651830,5732,2.586251487094605e-05,0.0,legit,0
80C656710,5733,2.586251487094605e-05,0.0,legit,0
80C65E4E0,5734,2.586251487094605e-05,0.0,legit,0
80C672160,5735,5.17250297418921e-05,0.0,legit,0
80C68F210,5736,2.586251487094605e-05,0.0,legit,0
80C6ADB10,5737,5.17250297418921e-05,0.0,legit,0
80C6B1830,5738,0.00012931257435473025,6.89684900211216e-08,legit,0
80C6B2E90,5739,2.586251487094605e-05,0.0,legit,0
80C6C1E10,5740,2.586251487094605e-05,0.0,legit,0
80C6C52B0,5741,2.586251487094605e-05,0.0,legit,0
80C6C7A20,5742,5.17250297418921e-05,0.0,legit,0
80C6C83F0,5743,2.586251487094605e-05,0.0,legit,0
80C6CA830,5744,2.586251487094605e-05,0.0,legit,0
80C6EE620,5745,2.586251487094605e-05,0.0,legit,0
80C702FC0,5746,2.586251487094605e-05,0.0,legit,0
80C70D1D0,5747,2.586251487094605e-05,0.0,legit,0
80C71E6D0,5748,2.586251487094605e-05,0.0,legit,0
80C728970,5749,5.17250297418921e-05,0.0,legit,0
80C73C460,5750,5.17250297418921e-05,0.0,legit,0
80C75CCF0,5751,2.586251487094605e-05,0.0,legit,0
80C762AC0,5752,2.586251487094605e-05,0.0,legit,0
80C776BA0,5753,2.586251487094605e-05,0.0,legit,0
80C785C80,5754,2.586251487094605e-05,0.0,legit,0
80C78D380,5755,5.17250297418921e-05,0.0,legit,0
80C793EF0,5756,2.586251487094605e-05,0.0,legit,0
80C7ACB20,5757,2.586251487094605e-05,0.0,legit,0
80C7AD330,5758,7.758754461283815e-05,0.0,legit,0
80C7ADBF0,5759,2.586251487094605e-05,0.0,legit,0
80C7BDA50,5760,2.586251487094605e-05,0.0,legit,0
80C7DB7F0,5761,2.586251487094605e-05,0.0,legit,0
80C7E7CA0,5762,2.586251487094605e-05,0.0,legit,0
80C7ED3B0,5763,7.758754461283815e-05,0.0,legit,0
80C7F3910,5764,2.586251487094605e-05,0.0,legit,0
80C7F4E50,5765,5.17250297418921e-05,0.0,legit,0
80C7F55B0,5766,5.17250297418921e-05,1.72421225052804e-08,legit,0
80C7FD5F0,5767,2.586251487094605e-05,0.0,legit,0
80C805E20,5768,5.17250297418921e-05,0.0,legit,0
80C833310,5769,2.586251487094605e-05,0.0,legit,0
80C838060,5770,2.586251487094605e-05,0.0,legit,0
80C840B30,5771,2.586251487094605e-05,0.0,legit,0
80C844470,5772,5.17250297418921e-05,0.0,legit,0
80C848E40,5773,2.586251487094605e-05,0.0,legit,0
80C849BE0,5774,2.586251487094605e-05,0.0,legit,0
80C858F90,5775,5.17250297418921e-05,0.0,legit,0
80C8695E0,5776,5.17250297418921e-05,0.0,legit,0
80C881CD0,5777,2.586251487094605e-05,0.0,legit,0
80C88F3C0,5778,5.17250297418921e-05,0.0,legit,0
80C892DF0,5779,2.586251487094605e-05,0.0,legit,0
80C8ACFF0,5780,2.586251487094605e-05,0.0,legit,0
80C8B0E50,5781,2.586251487094605e-05,0.0,legit,0
80C8BC080,5782,2.586251487094605e-05,0.0,legit,0
80C8C1410,5783,5.17250297418921e-05,0.0,legit,0
80C8C4940,5784,5.17250297418921e-05,0.0,legit,0
80C8C7090,5785,2.586251487094605e-05,0.0,legit,0
80C8CA570,5786,2.586251487094605e-05,0.0,legit,0
80C8CB450,5787,5.17250297418921e-05,0.0,legit,0
80C8DCF30,5788,2.586251487094605e-05,0.0,legit,0
80C8E1600,5789,5.17250297418921e-05,0.0,legit,0
80C8E47C0,5790,2.586251487094605e-05,0.0,legit,0
80C8F1170,5791,0.0001034500594837842,0.0,legit,0
80C8F95F0,5792,2.586251487094605e-05,0.0,legit,0
80C90D220,5793,2.586251487094605e-05,0.0,legit,0
80C918540,5794,5.17250297418921e-05,0.0,legit,0
80C91F0E0,5795,5.17250297418921e-05,0.0,legit,0
80C92BB10,5796,2.586251487094605e-05,0.0,legit,0
80C92DB80,5797,2.586251487094605e-05,0.0,legit,0
80C9383E0,5798,2.586251487094605e-05,0.0,legit,0
80C938C10,5799,2.586251487094605e-05,0.0,legit,0
80C93D3D0,5800,5.17250297418921e-05,0.0,legit,0
80C940110,5801,2.586251487094605e-05,0.0,legit,0
80C946EC0,5802,5.17250297418921e-05,0.0,legit,0
80C949050,5803,2.586251487094605e-05,0.0,legit,0
80C949240,5804,2.586251487094605e-05,0.0,legit,0
80C957400,5805,2.586251487094605e-05,0.0,legit,0
80C95ED10,5806,2.586251487094605e-05,0.0,legit,0
80C961FC0,737,5.17250297418921e-05,1.72421225052804e-08,legit,0
80C964A70,5807,5.17250297418921e-05,0.0,legit,0
80C97A210,5808,2.586251487094605e-05,0.0,legit,0
80C97B020,5809,5.17250297418921e-05,0.0,legit,0
80C9B5D50,5810,2.586251487094605e-05,0.0,legit,0
80C9CF420,5811,2.586251487094605e-05,0.0,legit,0
80C9F3E40,5812,2.586251487094605e-05,0.0,legit,0
80CA179F0,5813,2.586251487094605e-05,0.0,legit,0
80CA17DB0,5814,2.586251487094605e-05,0.0,legit,0
80CA1A130,5815,2.586251487094605e-05,0.0,legit,0
80CA1B7A0,5816,0.0001034500594837842,0.0,legit,0
80CA36AD0,5817,5.17250297418921e-05,0.0,legit,0
80CA3A100,5818,7.758754461283815e-05,0.0,legit,0
80CA3BA90,5819,5.17250297418921e-05,0.0,legit,0
80CA3EF60,1015,7.758754461283815e-05,0.0,legit,0
80CA405D0,5820,5.17250297418921e-05,0.0,legit,0
80CA43760,5821,2.586251487094605e-05,0.0,legit,0
80CA46490,5822,2.586251487094605e-05,0.0,legit,0
80CA59770,5823,5.17250297418921e-05,0.0,legit,0
80CA742C0,5824,5.17250297418921e-05,0.0,legit,0
80CA81AB0,5825,5.17250297418921e-05,0.0,legit,0
80CA8DD30,5826,5.17250297418921e-05,0.0,legit,0
80CA8F150,5827,7.758754461283815e-05,0.0,legit,0
80CA976A0,5828,2.586251487094605e-05,0.0,legit,0
80CA99F10,5829,5.17250297418921e-05,1.72421225052804e-08,legit,0
80CA9AC70,5830,7.758754461283815e-05,0.0,legit,0
80CAA0940,5831,2.586251487094605e-05,0.0,legit,0
80CAAD4D0,5832,2.586251487094605e-05,0.0,legit,0
80CAB9F50,5833,2.586251487094605e-05,0.0,legit,0
80CAEFEA0,5834,2.586251487094605e-05,0.0,legit,0
80CAF8860,5835,5.17250297418921e-05,0.0,legit,0
80CAFB820,5836,2.586251487094605e-05,0.0,legit,0
80CAFD190,5837,2.586251487094605e-05,0.0,legit,0
80CAFD460,5838,5.17250297418921e-05,0.0,legit,0
80CAFE180,5839,2.586251487094605e-05,0.0,legit,0
80CB04F60,5840,5.17250297418921e-05,1.72421225052804e-08,legit,0
80CB10D40,5841,2.586251487094605e-05,0.0,legit,0
80CB19C90,5842,2.586251487094605e-05,0.0,legit,0
80CB1B430,2606,5.17250297418921e-05,6.89684900211216e-08,legit,0
80CB1C1C0,5843,7.758754461283815e-05,0.0,legit,0
80CB22B10,5844,2.586251487094605e-05,0.0,legit,0
80CB3EFF0,5845,2.586251487094605e-05,0.0,legit,0
80CB41F90,5846,5.17250297418921e-05,0.0,legit,0
80CB44960,5847,2.586251487094605e-05,0.0,legit,0
80CB57F70,5848,2.586251487094605e-05,0.0,legit,0
80CB62A30,5849,2.586251487094605e-05,0.0,legit,0
80CB63960,5850,5.17250297418921e-05,0.0,legit,0
80CB731B0,5851,5.17250297418921e-05,0.0,legit,0
80CB73780,5852,2.586251487094605e-05,0.0,legit,0
80CB73980,5853,5.17250297418921e-05,0.0,legit,0
80CB75270,5854,5.17250297418921e-05,0.0,legit,0
80CB7C120,5855,2.586251487094605e-05,0.0,legit,0
80CB7CD60,5856,2.586251487094605e-05,0.0,legit,0
80CB8DC40,5857,2.586251487094605e-05,0.0,legit,0
80CB907F0,5858,2.586251487094605e-05,0.0,legit,0
80CB90890,5859,2.586251487094605e-05,0.0,legit,0
80CBA2EE0,5860,5.17250297418921e-05,0.0,legit,0
80CBA4AB0,5861,2.586251487094605e-05,0.0,legit,0
80CBC3280,5862,2.586251487094605e-05,0.0,legit,0
80CBD63A0,5863,2.586251487094605e-05,0.0,legit,0
80CBD6CA0,5864,5.17250297418921e-05,0.0,legit,0
80CBE5FA0,5865,2.586251487094605e-05,0.0,legit,0
80CBEB740,5866,2.586251487094605e-05,0.0,legit,0
80CBF9D50,5867,2.586251487094605e-05,0.0,legit,0
80CBFDE50,5868,2.586251487094605e-05,0.0,legit,0
80CBFFCE0,5869,2.586251487094605e-05,0.0,legit,0
80CC10730,5870,2.586251487094605e-05,0.0,legit,0
80CC15370,5871,2.586251487094605e-05,0.0,legit,0
80CC22EE0,5872,5.17250297418921e-05,0.0,legit,0
80CC43740,5873,5.17250297418921e-05,0.0,legit,0
80CC45570,5874,2.586251487094605e-05,0.0,legit,0
80CC50C40,5875,2.586251487094605e-05,0.0,legit,0
80CC63040,5876,2.586251487094605e-05,0.0,legit,0
80CC6F430,5877,2.586251487094605e-05,0.0,legit,0
80CC7F030,5878,2.586251487094605e-05,0.0,legit,0
80CC8C730,5879,5.17250297418921e-05,0.0,legit,0
80CC94480,5880,2.586251487094605e-05,0.0,legit,0
80CC9D190,5881,5.17250297418921e-05,0.0,legit,0
80CCA4C50,28,5.17250297418921e-05,7.672744514849779e-06,legit,1
80CCB8040,5882,2.586251487094605e-05,0.0,legit,0
80CCC2E70,5883,2.586251487094605e-05,0.0,legit,0
80CCE71A0,5884,2.586251487094605e-05,0.0,legit,0
80CCEB050,5885,5.17250297418921e-05,1.72421225052804e-08,legit,0
80CCEBD60,5886,5.17250297418921e-05,0.0,legit,0
80CCF0900,5887,2.586251487094605e-05,0.0,legit,0
80CD03750,5888,2.586251487094605e-05,0.0,legit,0
80CD1D400,5889,2.586251487094605e-05,0.0,legit,0
80CD1EBF0,5890,0.0001034500594837842,0.0,legit,0
80CD269A0,5891,5.17250297418921e-05,0.0,legit,0
80CD27AA0,5892,2.586251487094605e-05,0.0,legit,0
80CD38390,5893,5.17250297418921e-05,1.72421225052804e-08,legit,0
80CD3F9A0,5894,5.17250297418921e-05,0.0,legit,0
80CD44A01,5895,5.17250297418921e-05,0.0,legit,0
80CD478B0,5896,2.586251487094605e-05,0.0,legit,0
80CD578A0,5897,2.586251487094605e-05,0.0,legit,0
80CD5AB70,5898,7.758754461283815e-05,0.0,legit,0
80CD5CD50,5899,2.586251487094605e-05,0.0,legit,0
80CD61970,5900,5.17250297418921e-05,0.0,legit,0
80CD64CB0,5901,5.17250297418921e-05,0.0,legit,0
80CD67C20,5902,2.586251487094605e-05,0.0,legit,0
80CD7A500,5903,5.17250297418921e-05,0.0,legit,0
80CD7B110,5904,2.586251487094605e-05,0.0,legit,0
80CD7C1D0,5905,2.586251487094605e-05,0.0,legit,0
80CD838B0,5906,7.758754461283815e-05,0.0,legit,0
80CD97860,5907,2.586251487094605e-05,0.0,legit,0
80CD9CF40,5908,2.586251487094605e-05,0.0,legit,0
80CDA2D20,5909,2.586251487094605e-05,0.0,legit,0
80CDA78C0,5910,2.586251487094605e-05,0.0,legit,0
80CDB6400,5911,7.758754461283815e-05,0.0,legit,0
80CDBEED0,5912,2.586251487094605e-05,0.0,legit,0
80CDCF150,5913,5.17250297418921e-05,0.0,legit,0
80CDDF610,5914,2.586251487094605e-05,0.0,legit,0
80CDFB780,5915,5.17250297418921e-05,1.72421225052804e-08,legit,0
80CE041A0,5916,2.586251487094605e-05,0.0,legit,0
80CE1BEA0,5917,5.17250297418921e-05,0.0,legit,0
80CE2E5F0,5918,5.17250297418921e-05,0.0,legit,0
80CE30850,5919,2.586251487094605e-05,0.0,legit,0
80CE36810,5920,5.17250297418921e-05,0.0,legit,0
80CE4D550,5921,7.758754461283815e-05,0.0,legit,0
80CE576C0,5922,5.17250297418921e-05,1.72421225052804e-08,legit,0
80CE578B0,5923,2.586251487094605e-05,0.0,legit,0
80CE57CE0,5924,5.17250297418921e-05,1.72421225052804e-08,legit,0
80CE751C0,5925,2.586251487094605e-05,0.0,legit,0
80CE76470,5926,2.586251487094605e-05,0.0,legit,0
80CE809A0,5927,2.586251487094605e-05,0.0,legit,0
80CE8AD30,5928,2.586251487094605e-05,0.0,legit,0
80CE92DF0,5929,2.586251487094605e-05,0.0,legit,0
80CE968C0,5930,2.586251487094605e-05,0.0,legit,0
80CE996E0,5931,2.586251487094605e-05,0.0,legit,0
80CEA49F0,5932,5.17250297418921e-05,0.0,legit,0
80CEA9C60,5933,2.586251487094605e-05,0.0,legit,0
80CEB0CC0,5934,5.17250297418921e-05,0.0,legit,0
80CEB4210,5935,2.586251487094605e-05,0.0,legit,0
80CEB59C0,5936,2.586251487094605e-05,0.0,legit,0
80CEB9100,5937,2.586251487094605e-05,0.0,legit,0
80CEBFE70,5938,2.586251487094605e-05,0.0,legit,0
80CEC3C80,5939,2.586251487094605e-05,0.0,legit,0
80CEC65A0,5940,2.586251487094605e-05,0.0,legit,0
80CED9C90,5941,2.586251487094605e-05,0.0,legit,0
80CEE3C70,5942,2.586251487094605e-05,0.0,legit,0
80CEE5750,5943,5.17250297418921e-05,0.0,legit,0
80CEE7760,3030,5.17250297418921e-05,0.0,legit,0
80CEE8810,5944,2.586251487094605e-05,0.0,legit,0
80CEF56E0,5945,5.17250297418921e-05,0.0,legit,0
80CF16F70,5946,2.586251487094605e-05,0.0,legit,0
80CF1AE90,5947,5.17250297418921e-05,0.0,legit,0
80CF1E760,5948,2.586251487094605e-05,0.0,legit,0
80CF31670,5949,2.586251487094605e-05,0.0,legit,0
80CF3D140,5950,2.586251487094605e-05,0.0,legit,0
80CF3EEF0,5951,2.586251487094605e-05,0.0,legit,0
80CF421A0,5952,5.17250297418921e-05,0.0,legit,0
80CF56550,5953,5.17250297418921e-05,0.0,legit,0
80CF586E0,5954,2.586251487094605e-05,0.0,legit,0
80CF68370,5955,5.17250297418921e-05,0.0,legit,0
80CF707F0,5956,7.758754461283815e-05,0.0,legit,0
80CF78810,5957,2.586251487094605e-05,0.0,legit,0
80CF78D00,5958,2.586251487094605e-05,0.0,legit,0
80CF79CD0,5959,2.586251487094605e-05,0.0,legit,0
80CF81AD0,5960,5.17250297418921e-05,1.72421225052804e-08,legit,0
80CF95C60,5961,2.586251487094605e-05,0.0,legit,0
80CFA0200,5962,2.586251487094605e-05,0.0,legit,0
80CFB04E0,5963,2.586251487094605e-05,0.0,legit,0
80CFB3380,5964,2.586251487094605e-05,0.0,legit,0
80CFB4240,1045,7.758754461283815e-05,0.0,legit,0
80CFBB240,5965,2.586251487094605e-05,0.0,legit,0
80CFBEA20,5966,2.586251487094605e-05,0.0,legit,0
80CFCD350,5967,2.586251487094605e-05,0.0,legit,0
80CFD1C70,5968,7.758754461283815e-05,0.0,legit,0
80D006160,5969,2.586251487094605e-05,0.0,legit,0
80D00DDB0,11,7.758754461283815e-05,1.5345489029699558e-05,legit,1
80D00E910,5970,7.758754461283815e-05,0.0,legit,0
80D024C50,5971,2.586251487094605e-05,0.0,legit,0
80D027600,5972,2.586251487094605e-05,0.0,legit,0
80D035560,5973,5.17250297418921e-05,1.72421225052804e-08,legit,0
80D035E30,5974,7.758754461283815e-05,0.0,legit,0
80D046740,5975,2.586251487094605e-05,0.0,legit,0
80D047E20,5976,2.586251487094605e-05,0.0,legit,0
80D05C1B0,5977,5.17250297418921e-05,1.72421225052804e-08,legit,0
80D07E5D0,5978,7.758754461283815e-05,0.0,legit,0
80D087CF0,5979,7.758754461283815e-05,3.44842450105608e-08,legit,0
80D089230,5980,2.586251487094605e-05,0.0,legit,0
80D09B4C0,5981,2.586251487094605e-05,0.0,legit,0
80D09DDD0,5982,2.586251487094605e-05,0.0,legit,0
80D09E860,5983,2.586251487094605e-05,0.0,legit,0
80D0A2B70,5984,2.586251487094605e-05,0.0,legit,0
80D0C7030,5985,7.758754461283815e-05,0.0,legit,0
80D0C8C00,5986,2.586251487094605e-05,0.0,legit,0
80D0D28E0,5987,5.17250297418921e-05,0.0,legit,0
80D0EF150,5988,7.758754461283815e-05,0.0,legit,0
80D10FF00,5989,2.586251487094605e-05,0.0,legit,0
80D11DC50,5990,2.586251487094605e-05,0.0,legit,0
80D130D50,5991,0.0001034500594837842,0.0,legit,0
80D1403A0,28,5.17250297418921e-05,7.672744514849779e-06,legit,1
80D145130,5992,2.586251487094605e-05,0.0,legit,0
80D155F30,5993,5.17250297418921e-05,0.0,legit,0
80D15C180,5994,2.586251487094605e-05,0.0,legit,0
80D1602B0,5995,2.586251487094605e-05,0.0,legit,0
80D166B20,5996,2.586251487094605e-05,0.0,legit,0
80D1693F0,5997,0.0001034500594837842,0.0,legit,0
80D18B0B0,5998,5.17250297418921e-05,0.0,legit,0
80D199820,5999,2.586251487094605e-05,0.0,legit,0
80D199E80,6000,2.586251487094605e-05,0.0,legit,0
80D1A4210,150,5.17250297418921e-05,0.0,legit,1
80D1A4C20,6001,2.586251487094605e-05,0.0,legit,0
80D1B1CB0,6002,2.586251487094605e-05,0.0,legit,0
80D1B52D0,6003,2.586251487094605e-05,0.0,legit,0
80D1EC5C0,6004,2.586251487094605e-05,0.0,legit,0
80D1F1D90,6005,2.586251487094605e-05,0.0,legit,0
80D1F69C0,6006,2.586251487094605e-05,0.0,legit,0
80D201170,6007,5.17250297418921e-05,0.0,legit,0
80D2244F0,6008,5.17250297418921e-05,0.0,legit,0
80D224630,6009,2.586251487094605e-05,0.0,legit,0
80D22A330,6010,2.586251487094605e-05,0.0,legit,0
80D239E30,6011,5.17250297418921e-05,0.0,legit,0
80D2486B0,6012,2.586251487094605e-05,0.0,legit,0
80D24A960,6013,5.17250297418921e-05,0.0,legit,0
80D25D870,6014,5.17250297418921e-05,0.0,legit,0
80D2672F0,6015,2.586251487094605e-05,0.0,legit,0
80D268850,6016,2.586251487094605e-05,0.0,legit,0
80D26B600,6017,5.17250297418921e-05,0.0,legit,0
80D26E680,6018,2.586251487094605e-05,0.0,legit,0
80D277350,6019,2.586251487094605e-05,0.0,legit,0
80D282740,6020,2.586251487094605e-05,0.0,legit,0
80D282D30,6021,5.17250297418921e-05,0.0,legit,0
80D28DE00,6022,2.586251487094605e-05,0.0,legit,0
80D2A9840,6023,2.586251487094605e-05,0.0,legit,0
80D2AD870,6024,2.586251487094605e-05,0.0,legit,0
80D2B18D0,6025,2.586251487094605e-05,0.0,legit,0
80D2B8090,6026,5.17250297418921e-05,0.0,legit,0
80D2D7490,6027,2.586251487094605e-05,0.0,legit,0
80D2EDE40,6028,2.586251487094605e-05,0.0,legit,0
80D2EE2C0,6029,2.586251487094605e-05,0.0,legit,0
80D2F00A0,6030,2.586251487094605e-05,0.0,legit,0
80D2F1570,6031,5.17250297418921e-05,0.0,legit,0
80D2FFED0,6032,2.586251487094605e-05,0.0,legit,0
80D308E70,6033,7.758754461283815e-05,0.0,legit,0
80D31B400,6034,2.586251487094605e-05,0.0,legit,0
80D325590,6035,2.586251487094605e-05,0.0,legit,0
80D330A50,6036,5.17250297418921e-05,0.0,legit,0
80D346080,6037,2.586251487094605e-05,0.0,legit,0
80D34AA10,6038,2.586251487094605e-05,0.0,legit,0
80D3512F0,6039,7.758754461283815e-05,0.0,legit,0
80D354950,6040,2.586251487094605e-05,0.0,legit,0
80D36F540,6041,2.586251487094605e-05,0.0,legit,0
80D376170,6042,5.17250297418921e-05,0.0,legit,0
80D38F740,6043,5.17250297418921e-05,1.72421225052804e-08,legit,0
80D3AA8C0,6044,5.17250297418921e-05,0.0,legit,0
80D3AD810,6045,5.17250297418921e-05,0.0,legit,0
80D3AE640,6046,5.17250297418921e-05,0.0,legit,0
80D3AE900,6047,2.586251487094605e-05,0.0,legit,0
80D3C0370,6048,2.586251487094605e-05,0.0,legit,0
80D3DAB10,6049,2.586251487094605e-05,0.0,legit,0
80D3DD160,6050,2.586251487094605e-05,0.0,legit,0
80D3F0AE0,6051,5.17250297418921e-05,0.0,legit,0
80D4081D0,6052,5.17250297418921e-05,0.0,legit,0
80D40D060,6053,2.586251487094605e-05,0.0,legit,0
80D40FB50,6054,2.586251487094605e-05,0.0,legit,0
80D414EB0,6055,2.586251487094605e-05,0.0,legit,0
80D422260,6056,7.758754461283815e-05,0.0,legit,0
80D427BC0,6057,2.586251487094605e-05,0.0,legit,0
80D448B80,6058,2.586251487094605e-05,0.0,legit,0
80D4510A0,6059,2.586251487094605e-05,0.0,legit,0
80D454F90,6060,7.758754461283815e-05,0.0,legit,0
80D46CBE0,6061,2.586251487094605e-05,0.0,legit,0
80D4884D0,6062,2.586251487094605e-05,0.0,legit,0
80D4A34A0,6063,5.17250297418921e-05,0.0,legit,0
80D4B4BF0,6064,2.586251487094605e-05,0.0,legit,0
80D4BEC10,6065,2.586251487094605e-05,0.0,legit,0
80D4D3B50,6066,2.586251487094605e-05,0.0,legit,0
80D4DB2E0,6067,5.17250297418921e-05,0.0,legit,0
80D4DF310,6068,2.586251487094605e-05,0.0,legit,0
80D4DFE40,6069,5.17250297418921e-05,0.0,legit,0
80D4F9CA0,2360,5.17250297418921e-05,0.0,legit,0
80D50AF80,6070,5.17250297418921e-05,0.0,legit,0
80D50FAC0,6071,2.586251487094605e-05,0.0,legit,0
80D51E000,6072,2.586251487094605e-05,0.0,legit,0
80D5359D0,6073,2.586251487094605e-05,0.0,legit,0
80D53E820,6074,5.17250297418921e-05,0.0,legit,0
80D54A1A0,6075,5.17250297418921e-05,0.0,legit,0
80D54B0B0,6076,2.586251487094605e-05,0.0,legit,0
80D5645D0,6077,2.586251487094605e-05,0.0,legit,0
80D57C7A0,6078,5.17250297418921e-05,0.0,legit,0
80D582C20,6079,5.17250297418921e-05,0.0,legit,0
80D585A10,6080,2.586251487094605e-05,0.0,legit,0
80D59FD60,6081,2.586251487094605e-05,0.0,legit,0
80D5E2A60,6082,2.586251487094605e-05,0.0,legit,0
80D5E8030,6083,2.586251487094605e-05,0.0,legit,0
80D5EB970,6084,2.586251487094605e-05,0.0,legit,0
80D5EC200,6085,2.586251487094605e-05,0.0,legit,0
80D5F40A0,6086,5.17250297418921e-05,0.0,legit,0
80D5F4980,6087,5.17250297418921e-05,1.72421225052804e-08,legit,0
80D5FA3C0,6088,2.586251487094605e-05,0.0,legit,0
80D5FB8F0,6089,2.586251487094605e-05,0.0,legit,0
80D601A10,6090,2.586251487094605e-05,0.0,legit,0
80D60B750,6091,2.586251487094605e-05,0.0,legit,0
80D610E80,6092,2.586251487094605e-05,0.0,legit,0
80D620980,6093,5.17250297418921e-05,0.0,legit,0
80D6366C0,6094,7.758754461283815e-05,0.0,legit,0
80D638610,6095,2.586251487094605e-05,0.0,legit,0
80D63CB40,6096,2.586251487094605e-05,0.0,legit,0
80D641F30,6097,5.17250297418921e-05,1.72421225052804e-08,legit,0
80D656FE0,6098,5.17250297418921e-05,0.0,legit,0
80D6699A0,6099,2.586251487094605e-05,0.0,legit,0
80D671740,6100,2.586251487094605e-05,0.0,legit,0
80D675790,6101,2.586251487094605e-05,0.0,legit,0
80D6BC630,6102,5.17250297418921e-05,0.0,legit,0
80D6F73D0,6103,2.586251487094605e-05,0.0,legit,0
80D700400,6104,5.17250297418921e-05,0.0,legit,0
80D707340,6105,2.586251487094605e-05,0.0,legit,0
80D70F6B0,6106,2.586251487094605e-05,0.0,legit,0
80D711740,6107,2.586251487094605e-05,0.0,legit,0
80D7136E0,6108,2.586251487094605e-05,0.0,legit,0
80D716F30,6109,7.758754461283815e-05,0.0,legit,0
80D719460,6110,2.586251487094605e-05,0.0,legit,0
80D71CE90,6111,7.758754461283815e-05,0.0,legit,0
80D720700,6112,2.586251487094605e-05,0.0,legit,0
80D720F40,6113,2.586251487094605e-05,0.0,legit,0
80D736900,6114,5.17250297418921e-05,0.0,legit,0
80D736DB0,6115,5.17250297418921e-05,0.0,legit,0
80D738190,3078,5.17250297418921e-05,0.0,legit,0
80D73C920,6116,2.586251487094605e-05,0.0,legit,0
80D73EDB0,6117,2.586251487094605e-05,0.0,legit,0
80D75E9B0,6118,5.17250297418921e-05,0.0,legit,0
80D771010,6119,2.586251487094605e-05,0.0,legit,0
80D77CBA0,6120,2.586251487094605e-05,0.0,legit,0
80D77DDB0,6121,2.586251487094605e-05,0.0,legit,0
80D785BD0,6122,2.586251487094605e-05,0.0,legit,0
80D7A5660,6123,5.17250297418921e-05,0.0,legit,0
80D7A7520,6124,2.586251487094605e-05,0.0,legit,0
80D7B1C00,6125,2.586251487094605e-05,0.0,legit,0
80D7B8B00,6126,2.586251487094605e-05,0.0,legit,0
80D7CE970,6127,7.758754461283815e-05,3.44842450105608e-08,legit,0
80D7D9610,6128,5.17250297418921e-05,1.72421225052804e-08,legit,0
80D7DA800,6129,2.586251487094605e-05,0.0,legit,0
80D7DCD70,6130,5.17250297418921e-05,1.72421225052804e-08,legit,0
80D7DCF90,6131,5.17250297418921e-05,0.0,legit,0
80D7E7260,6132,5.17250297418921e-05,0.0,legit,0
80D7E88C0,6133,2.586251487094605e-05,0.0,legit,0
80D7F23A0,6134,2.586251487094605e-05,0.0,legit,0
80D7F4320,6135,2.586251487094605e-05,0.0,legit,0
80D8064E0,6136,2.586251487094605e-05,0.0,legit,0
80D806660,6137,2.586251487094605e-05,0.0,legit,0
80D8067F0,6138,2.586251487094605e-05,0.0,legit,0
80D81D1A0,6139,7.758754461283815e-05,0.0,legit,0
80D832500,6140,7.758754461283815e-05,0.0,legit,0
80D836BE0,6141,5.17250297418921e-05,0.0,legit,0
80D839D80,6142,2.586251487094605e-05,0.0,legit,0
80D83C510,6143,2.586251487094605e-05,0.0,legit,0
80D865F00,6144,2.586251487094605e-05,0.0,legit,0
80D86EF10,6145,2.586251487094605e-05,0.0,legit,0
80D874300,6146,7.758754461283815e-05,0.0,legit,0
80D87CC20,6147,5.17250297418921e-05,0.0,legit,0
80D87F1F0,6148,7.758754461283815e-05,3.450724984378999e-08,legit,0
80D88C1C0,6149,7.758754461283815e-05,0.0,legit,0
80D8AD1C0,6150,5.17250297418921e-05,0.0,legit,0
80D8B1660,6151,7.758754461283815e-05,3.44842450105608e-08,legit,0
80D8B7B80,6152,2.586251487094605e-05,0.0,legit,0
80D8BBB80,6153,5.17250297418921e-05,0.0,legit,0
80D8D9AA0,6154,2.586251487094605e-05,0.0,legit,0
80D8E7100,6155,2.586251487094605e-05,0.0,legit,0
80D8EEB30,6156,2.586251487094605e-05,0.0,legit,0
80D8FE7F0,6157,7.758754461283815e-05,0.0,legit,0
80D905520,6158,5.17250297418921e-05,0.0,legit,0
80D905C10,6159,5.17250297418921e-05,1.72421225052804e-08,legit,0
80D9084D0,6160,5.17250297418921e-05,0.0,legit,0
80D915730,6161,2.586251487094605e-05,0.0,legit,0
80D91D7E0,6162,2.586251487094605e-05,0.0,legit,0
80D92B250,6163,2.586251487094605e-05,0.0,legit,0
80D932B80,6164,2.586251487094605e-05,0.0,legit,0
80D9354C0,6165,5.17250297418921e-05,0.0,legit,0
80D943370,6166,5.17250297418921e-05,0.0,legit,0
80D945D80,6167,5.17250297418921e-05,0.0,legit,0
80D947560,6168,7.758754461283815e-05,0.0,legit,0
80D95C000,6169,5.17250297418921e-05,0.0,legit,0
80D963050,6170,2.586251487094605e-05,0.0,legit,0
80D96B7E0,6171,5.17250297418921e-05,0.0,legit,0
80D9749E0,6172,2.586251487094605e-05,0.0,legit,0
80D975AE0,6173,2.586251487094605e-05,0.0,legit,0
80D978370,6174,5.17250297418921e-05,0.0,legit,0
80D97FBA0,6175,5.17250297418921e-05,0.0,legit,0
80D985C80,6176,2.586251487094605e-05,0.0,legit,0
80D99B920,6177,2.586251487094605e-05,0.0,legit,0
80D9A3100,6178,5.17250297418921e-05,0.0,legit,0
80D9AAEF0,6179,2.586251487094605e-05,0.0,legit,0
80D9AB2D0,6180,2.586251487094605e-05,0.0,legit,0
80D9E0C00,6181,2.586251487094605e-05,0.0,legit,0
80DA03E90,6182,2.586251487094605e-05,0.0,legit,0
80DA0A290,6183,2.586251487094605e-05,0.0,legit,0
80DA0FEF0,6184,2.586251487094605e-05,0.0,legit,0
80DA109C0,6185,5.17250297418921e-05,0.0,legit,0
80DA32890,6186,5.17250297418921e-05,0.0,legit,0
80DA38950,6187,2.586251487094605e-05,0.0,legit,0
80DA4BD50,6188,2.586251487094605e-05,0.0,legit,0
80DA56330,6189,2.586251487094605e-05,0.0,legit,0
80DA58C70,6190,2.586251487094605e-05,0.0,legit,0
80DA61180,6191,2.586251487094605e-05,0.0,legit,0
80DA6FC70,6192,2.586251487094605e-05,0.0,legit,0
80DA8CCE0,6193,2.586251487094605e-05,0.0,legit,0
80DA8E150,6194,2.586251487094605e-05,0.0,legit,0
80DA8E3A0,6195,2.586251487094605e-05,0.0,legit,0
80DA91B60,6196,2.586251487094605e-05,0.0,legit,0
80DA95FC0,6197,2.586251487094605e-05,0.0,legit,0
80DAB2260,6198,2.586251487094605e-05,0.0,legit,0
80DAC8070,6199,2.586251487094605e-05,0.0,legit,0
80DACD060,6200,2.586251487094605e-05,0.0,legit,0
80DAE2060,6201,2.586251487094605e-05,0.0,legit,0
80DAFB7A0,6202,5.17250297418921e-05,0.0,legit,0
80DB197A0,6203,2.586251487094605e-05,0.0,legit,0
80DB25C50,6204,5.17250297418921e-05,0.0,legit,0
80DB292F0,6205,5.17250297418921e-05,0.0,legit,0
80DB3E980,6206,2.586251487094605e-05,0.0,legit,0
80DB41B50,6207,5.17250297418921e-05,0.0,legit,0
80DB50A10,6208,2.586251487094605e-05,0.0,legit,0
80DB6EE70,6209,5.17250297418921e-05,0.0,legit,0
80DB775B0,6210,5.17250297418921e-05,1.72421225052804e-08,legit,0
80DB857B0,6211,2.586251487094605e-05,0.0,legit,0
80DB8EA50,6212,2.586251487094605e-05,0.0,legit,0
80DB8FC30,4323,0.0001034500594837842,1.034527350316824e-07,legit,0
80DBB3B30,6213,2.586251487094605e-05,0.0,legit,0
80DBDBD60,6214,2.586251487094605e-05,0.0,legit,0
80DBDF2D0,6215,5.17250297418921e-05,0.0,legit,0
80DBFD3A0,6216,2.586251487094605e-05,0.0,legit,0
80DC39570,4513,7.758754461283815e-05,0.0,legit,0
80DC64E70,6217,2.586251487094605e-05,0.0,legit,0
80DC6B360,28,2.586251487094605e-05,0.0,legit,1
80DC822D0,6218,2.586251487094605e-05,0.0,legit,0
80DC82610,6219,2.586251487094605e-05,0.0,legit,0
80DC83520,6220,2.586251487094605e-05,0.0,legit,0
80DCB37F0,6221,5.17250297418921e-05,1.72421225052804e-08,legit,0
80DCBC9F0,6222,7.758754461283815e-05,0.0,legit,0
80DCC0380,6223,2.586251487094605e-05,0.0,legit,0
80DCC89B0,6224,2.586251487094605e-05,0.0,legit,0
80DCCC780,6225,2.586251487094605e-05,0.0,legit,0
80DCD9840,6226,2.586251487094605e-05,0.0,legit,0
80DCDAD10,6227,5.17250297418921e-05,0.0,legit,0
80DCF4DC0,6228,5.17250297418921e-05,0.0,legit,0
80DCF9430,6229,2.586251487094605e-05,0.0,legit,0
80DD01570,6230,2.586251487094605e-05,0.0,legit,0
80DD1C6B0,6231,5.17250297418921e-05,1.72421225052804e-08,legit,0
80DD2AA30,6232,2.586251487094605e-05,0.0,legit,0
80DD49220,6233,5.17250297418921e-05,0.0,legit,0
80DD552D0,6234,2.586251487094605e-05,0.0,legit,0
80DD81190,6235,5.17250297418921e-05,0.0,legit,0
80DD94130,6236,2.586251487094605e-05,0.0,legit,0
80DD9BB30,6237,5.17250297418921e-05,0.0,legit,0
80DDA7360,6238,2.586251487094605e-05,0.0,legit,0
80DDAF8C0,6239,2.586251487094605e-05,0.0,legit,0
80DDB78B0,6240,2.586251487094605e-05,0.0,legit,0
80DDBD270,6241,2.586251487094605e-05,0.0,legit,0
80DDCBB20,6242,2.586251487094605e-05,0.0,legit,0
80DDD0860,6243,2.586251487094605e-05,0.0,legit,0
80DDD8B20,6244,2.586251487094605e-05,0.0,legit,0
80DDDF720,6245,2.586251487094605e-05,0.0,legit,0
80DDE2210,6246,5.17250297418921e-05,0.0,legit,0
80DDEC5B0,6247,2.586251487094605e-05,0.0,legit,0
80DDEFAC0,6248,2.586251487094605e-05,0.0,legit,0
80DDF84B0,6249,2.586251487094605e-05,0.0,legit,0
80DDFC250,6250,7.758754461283815e-05,0.0,legit,0
80DDFD2E0,6251,5.17250297418921e-05,0.0,legit,0
80DE179C0,6252,2.586251487094605e-05,0.0,legit,0
80DE18E40,6253,2.586251487094605e-05,0.0,legit,0
80DE2F9A0,6254,5.17250297418921e-05,0.0,legit,0
80DE53470,6255,2.586251487094605e-05,0.0,legit,0
80DE5BD60,6256,5.17250297418921e-05,0.0,legit,0
80DE5D450,6257,0.0001034500594837842,0.0,legit,0
80DE69C10,6258,5.17250297418921e-05,0.0,legit,0
80DE6C890,6259,5.17250297418921e-05,0.0,legit,0
80DE6D2D0,6260,2.586251487094605e-05,0.0,legit,0
80DE6EC00,6261,2.586251487094605e-05,0.0,legit,0
80DE6F9F0,6262,2.586251487094605e-05,0.0,legit,0
80DE75370,6263,2.586251487094605e-05,0.0,legit,0
80DE87DA0,6264,5.17250297418921e-05,0.0,legit,0
80DE887B0,6265,5.17250297418921e-05,0.0,legit,0
80DE9DBB0,6266,2.586251487094605e-05,0.0,legit,0
80DE9FF90,6267,2.586251487094605e-05,0.0,legit,0
80DEA2F10,6268,5.17250297418921e-05,0.0,legit,0
80DEB8C70,6269,2.586251487094605e-05,0.0,legit,0
80DEB9830,6270,5.17250297418921e-05,0.0,legit,0
80DEC4C00,6271,2.586251487094605e-05,0.0,legit,0
80DEC6FD0,6272,7.758754461283815e-05,0.0,legit,0
80DEF6D80,6273,2.586251487094605e-05,0.0,legit,0
80DF09840,6274,2.586251487094605e-05,0.0,legit,0
80DF215D0,6275,5.17250297418921e-05,0.0,legit,0
80DF27D20,6276,2.586251487094605e-05,0.0,legit,0
80DF34EF0,6277,7.758754461283815e-05,0.0,legit,0
80DF448C0,6278,7.758754461283815e-05,0.0,legit,0
80DF46810,6279,5.17250297418921e-05,0.0,legit,0
80DF55870,6280,2.586251487094605e-05,0.0,legit,0
80DF55D70,6281,2.586251487094605e-05,0.0,legit,0
80DF5DDC0,6282,2.586251487094605e-05,0.0,legit,0
80DF65AA0,6283,2.586251487094605e-05,0.0,legit,0
80DF720D0,6284,2.586251487094605e-05,0.0,legit,0
80DF73BA0,6285,2.586251487094605e-05,0.0,legit,0
80DF8AB20,6286,2.586251487094605e-05,0.0,legit,0
80DF8E530,6287,2.586251487094605e-05,0.0,legit,0
80DF955D0,6288,5.17250297418921e-05,0.0,legit,0
80DF9F6D0,6289,2.586251487094605e-05,0.0,legit,0
80DFA6840,6290,5.17250297418921e-05,0.0,legit,0
80DFAB040,6291,2.586251487094605e-05,0.0,legit,0
80DFB07F0,6292,5.17250297418921e-05,0.0,legit,0
80DFC3350,6293,5.17250297418921e-05,0.0,legit,0
80DFCC4D0,6294,2.586251487094605e-05,0.0,legit,0
80DFCCA90,6295,2.586251487094605e-05,0.0,legit,0
80DFCDBC0,6296,5.17250297418921e-05,0.0,legit,0
80DFCFCD0,6297,2.586251487094605e-05,0.0,legit,0
80DFD0040,6298,2.586251487094605e-05,0.0,legit,0
80DFD6520,6299,5.17250297418921e-05,0.0,legit,0
80DFD9DA0,6300,2.586251487094605e-05,0.0,legit,0
80DFDE2F0,6301,2.586251487094605e-05,0.0,legit,0
80DFDF1A0,6302,7.758754461283815e-05,0.0,legit,0
80DFE4230,6303,2.586251487094605e-05,0.0,legit,0
80DFE4610,6304,2.586251487094605e-05,0.0,legit,0
80DFE7DF0,6305,2.586251487094605e-05,0.0,legit,0
80DFE84D0,6306,2.586251487094605e-05,0.0,legit,0
80E007E00,6307,2.586251487094605e-05,0.0,legit,0
80E00C230,232,5.17250297418921e-05,0.0,legit,1
80E013480,6308,5.17250297418921e-05,0.0,legit,0
80E018E10,6309,2.586251487094605e-05,0.0,legit,0
80E023B90,6310,7.758754461283815e-05,0.0,legit,0
80E046110,6311,2.586251487094605e-05,0.0,legit,0
80E0491F0,6312,2.586251487094605e-05,0.0,legit,0
80E074AC0,6313,2.586251487094605e-05,0.0,legit,0
80E089B10,6314,2.586251487094605e-05,0.0,legit,0
80E08B940,6315,2.586251487094605e-05,0.0,legit,0
80E092390,6316,2.586251487094605e-05,0.0,legit,0
80E0955A0,6317,2.586251487094605e-05,0.0,legit,0
80E096C30,6318,2.586251487094605e-05,0.0,legit,0
80E0A0400,6319,5.17250297418921e-05,0.0,legit,0
80E0A6430,6320,5.17250297418921e-05,0.0,legit,0
80E0B70C0,6321,2.586251487094605e-05,0.0,legit,0
80E0DEED0,6322,5.17250297418921e-05,0.0,legit,0
80E0E31D0,6323,2.586251487094605e-05,0.0,legit,0
80E0E3F70,6324,2.586251487094605e-05,0.0,legit,0
80E0E42A0,6325,5.17250297418921e-05,0.0,legit,0
80E0F3EC0,6326,2.586251487094605e-05,0.0,legit,0
80E105960,6327,5.17250297418921e-05,0.0,legit,0
80E110870,6328,2.586251487094605e-05,0.0,legit,0
80E135640,6329,5.17250297418921e-05,0.0,legit,0
80E13C690,6330,5.17250297418921e-05,0.0,legit,0
80E156700,6331,2.586251487094605e-05,0.0,legit,0
80E15FD50,6332,2.586251487094605e-05,0.0,legit,0
80E183690,6333,5.17250297418921e-05,0.0,legit,0
80E18CD50,6334,2.586251487094605e-05,0.0,legit,0
80E192B81,6335,2.586251487094605e-05,0.0,legit,0
80E199120,6336,0.0001034500594837842,0.0,legit,0
80E19A9B0,6337,2.586251487094605e-05,0.0,legit,0
80E1A12D0,6338,2.586251487094605e-05,0.0,legit,0
80E1A74E0,6339,2.586251487094605e-05,0.0,legit,0
80E1B6A20,6340,2.586251487094605e-05,0.0,legit,0
80E1BE340,6341,2.586251487094605e-05,0.0,legit,0
80E1CAB00,6342,5.17250297418921e-05,1.72421225052804e-08,legit,0
80E1D5E70,6343,2.586251487094605e-05,0.0,legit,0
80E1F8160,6344,5.17250297418921e-05,0.0,legit,0
80E200E00,6345,5.17250297418921e-05,0.0,legit,0
80E20BC30,6346,2.586251487094605e-05,0.0,legit,0
80E20D0C0,6347,7.758754461283815e-05,0.0,legit,0
80E224C00,6348,2.586251487094605e-05,0.0,legit,0
80E22A4B0,6349,2.586251487094605e-05,0.0,legit,0
80E22D6A0,6350,5.17250297418921e-05,0.0,legit,0
80E2436B0,6351,2.586251487094605e-05,0.0,legit,0
80E246520,6352,2.586251487094605e-05,0.0,legit,0
80E253AB0,6353,2.586251487094605e-05,0.0,legit,0
80E259950,6354,2.586251487094605e-05,0.0,legit,0
80E25DF20,6355,2.586251487094605e-05,0.0,legit,0
80E260AC0,6356,5.17250297418921e-05,0.0,legit,0
80E29B830,6357,2.586251487094605e-05,0.0,legit,0
80E2AB350,6358,2.586251487094605e-05,0.0,legit,0
80E2B0B60,6359,2.586251487094605e-05,0.0,legit,0
80E2C2B30,6360,5.17250297418921e-05,0.0,legit,0
80E2CA420,6361,2.586251487094605e-05,0.0,legit,0
80E2DC290,6362,5.17250297418921e-05,0.0,legit,0
80E2EFB60,6363,2.586251487094605e-05,0.0,legit,0
80E2F4F10,6364,5.17250297418921e-05,0.0,legit,0
80E2F85D0,6365,2.586251487094605e-05,0.0,legit,0
80E30DED0,6366,7.758754461283815e-05,3.44842450105608e-08,legit,0
80E32F440,6367,2.586251487094605e-05,0.0,legit,0
80E34E480,6368,2.586251487094605e-05,0.0,legit,0
80E351A50,6369,5.17250297418921e-05,0.0,legit,0
80E3707C0,6370,2.586251487094605e-05,0.0,legit,0
80E3885A0,6371,2.586251487094605e-05,0.0,legit,0
80E389BE0,6372,5.17250297418921e-05,0.0,legit,0
80E397FE0,6373,2.586251487094605e-05,0.0,legit,0
80E3B20A0,6374,2.586251487094605e-05,0.0,legit,0
80E3BCD80,6375,2.586251487094605e-05,0.0,legit,0
80E3BE840,6376,2.586251487094605e-05,0.0,legit,0
80E3C22B0,6377,2.586251487094605e-05,0.0,legit,0
80E3C3750,6378,2.586251487094605e-05,0.0,legit,0
80E3C46A0,6379,5.17250297418921e-05,0.0,legit,0
80E3CB240,6380,5.17250297418921e-05,0.0,legit,0
80E3D1390,6381,5.17250297418921e-05,0.0,legit,0
80E3DEC40,6382,2.586251487094605e-05,0.0,legit,0
80E3E5180,6383,7.758754461283815e-05,0.0,legit,0
80E3E6860,6384,2.586251487094605e-05,0.0,legit,0
80E3F8990,1040,5.17250297418921e-05,7.672744514849779e-06,legit,1
80E3F9680,6385,2.586251487094605e-05,0.0,legit,0
80E3FA470,6386,2.586251487094605e-05,0.0,legit,0
80E404990,6387,2.586251487094605e-05,0.0,legit,0
80E40A0C0,6388,5.17250297418921e-05,0.0,legit,0
80E4150F0,6389,2.586251487094605e-05,0.0,legit,0
80E429CF0,6390,2.586251487094605e-05,0.0,legit,0
80E437E40,6391,5.17250297418921e-05,0.0,legit,0
80E43A200,6392,2.586251487094605e-05,0.0,legit,0
80E442700,6393,7.758754461283815e-05,0.0,legit,0
80E44C370,6394,2.586251487094605e-05,0.0,legit,0
80E4627B0,6395,2.586251487094605e-05,0.0,legit,0
80E467410,6396,2.586251487094605e-05,0.0,legit,0
80E48D260,6397,5.17250297418921e-05,0.0,legit,0
80E498A90,6398,2.586251487094605e-05,0.0,legit,0
80E4A2130,6399,2.586251487094605e-05,0.0,legit,0
80E4A23C0,6400,2.586251487094605e-05,0.0,legit,0
80E4AFF40,6401,0.0001034500594837842,0.0,legit,0
80E4B3D60,6402,2.586251487094605e-05,0.0,legit,0
80E4B6D20,6403,5.17250297418921e-05,0.0,legit,0
80E4E2310,6404,2.586251487094605e-05,0.0,legit,0
80E4E6510,6405,5.17250297418921e-05,0.0,legit,0
80E512960,6406,5.17250297418921e-05,0.0,legit,0
80E51BF60,6407,2.586251487094605e-05,0.0,legit,0
80E51E290,6408,2.586251487094605e-05,0.0,legit,0
80E525240,6409,5.17250297418921e-05,0.0,legit,0
80E52F7A0,6410,2.586251487094605e-05,0.0,legit,0
80E531100,6411,5.17250297418921e-05,0.0,legit,0
80E5445A0,6412,2.586251487094605e-05,0.0,legit,0
80E550120,6413,2.586251487094605e-05,0.0,legit,0
80E55F0D0,6414,2.586251487094605e-05,0.0,legit,0
80E56D3A0,6415,5.17250297418921e-05,0.0,legit,0
80E580290,6416,2.586251487094605e-05,0.0,legit,0
80E58CE80,6417,2.586251487094605e-05,0.0,legit,0
80E5984C0,6418,5.17250297418921e-05,0.0,legit,0
80E5B3ED0,6419,5.17250297418921e-05,0.0,legit,0
80E5B8650,6420,2.586251487094605e-05,0.0,legit,0
80E5C3CE0,6421,2.586251487094605e-05,0.0,legit,0
80E5DA260,6422,2.586251487094605e-05,0.0,legit,0
80E5EB1C0,6423,2.586251487094605e-05,0.0,legit,0
80E600BC0,6424,2.586251487094605e-05,0.0,legit,0
80E603470,6425,2.586251487094605e-05,0.0,legit,0
80E621130,6426,2.586251487094605e-05,0.0,legit,0
80E62B700,6427,5.17250297418921e-05,0.0,legit,0
80E64C7D0,6428,2.586251487094605e-05,0.0,legit,0
80E67BF60,6429,7.758754461283815e-05,0.0,legit,0
80E67D170,6430,2.586251487094605e-05,0.0,legit,0
80E68CFB0,6431,2.586251487094605e-05,0.0,legit,0
80E691910,6432,2.586251487094605e-05,0.0,legit,0
80E69B280,6433,5.17250297418921e-05,0.0,legit,0
80E6A2F10,6434,2.586251487094605e-05,0.0,legit,0
80E6B9A50,6435,2.586251487094605e-05,0.0,legit,0
80E6BE580,6436,2.586251487094605e-05,0.0,legit,0
80E6C0C20,6437,2.586251487094605e-05,0.0,legit,0
80E6C47C0,6438,2.586251487094605e-05,0.0,legit,0
80E6D5D90,6439,5.17250297418921e-05,0.0,legit,0
80E6D5E80,6440,5.17250297418921e-05,0.0,legit,0
80E6FCB80,6441,2.586251487094605e-05,0.0,legit,0
80E705FD0,6442,2.586251487094605e-05,0.0,legit,0
80E733D30,6443,2.586251487094605e-05,0.0,legit,0
80E73C0B0,6444,5.17250297418921e-05,0.0,legit,0
80E7429D0,6445,5.17250297418921e-05,0.0,legit,0
80E7435C0,6446,2.586251487094605e-05,0.0,legit,0
80E74DF70,6447,5.17250297418921e-05,0.0,legit,0
80E7584F0,6448,2.586251487094605e-05,0.0,legit,0
80E7827B0,6449,2.586251487094605e-05,0.0,legit,0
80E791280,6450,2.586251487094605e-05,0.0,legit,0
80E797500,6451,5.17250297418921e-05,0.0,legit,0
80E7A02C0,6452,5.17250297418921e-05,0.0,legit,0
80E7AB5D0,6453,5.17250297418921e-05,0.0,legit,0
80E7BC320,6454,2.586251487094605e-05,0.0,legit,0
80E7C0AB0,6455,5.17250297418921e-05,0.0,legit,0
80E7CB0D0,5766,5.17250297418921e-05,1.72421225052804e-08,legit,0
80E7E9330,6456,2.586251487094605e-05,0.0,legit,0
80E817830,6457,2.586251487094605e-05,0.0,legit,0
80E820F70,6458,5.17250297418921e-05,0.0,legit,0
80E821C60,6459,2.586251487094605e-05,0.0,legit,0
80E825290,6460,5.17250297418921e-05,0.0,legit,0
80E8265B0,6461,5.17250297418921e-05,0.0,legit,0
80E826980,6462,5.17250297418921e-05,0.0,legit,0
80E8286D0,6463,5.17250297418921e-05,0.0,legit,0
80E8306F0,6464,5.17250297418921e-05,0.0,legit,0
80E833050,6465,5.17250297418921e-05,1.72421225052804e-08,legit,0
80E842110,6466,2.586251487094605e-05,0.0,legit,0
80E862C50,6467,2.586251487094605e-05,0.0,legit,0
80E8661F0,6468,2.586251487094605e-05,0.0,legit,0
80E866EE0,6469,5.17250297418921e-05,0.0,legit,0
80E868AD0,6470,2.586251487094605e-05,0.0,legit,0
80E86A880,6471,2.586251487094605e-05,0.0,legit,0
80E876AD0,6472,2.586251487094605e-05,0.0,legit,0
80E886D10,6473,7.758754461283815e-05,0.0,legit,0
80E8A08D0,6474,5.17250297418921e-05,0.0,legit,0
80E8C5BC0,6475,2.586251487094605e-05,0.0,legit,0
80E8DD5D0,6476,2.586251487094605e-05,0.0,legit,0
80E8DE0D0,6477,2.586251487094605e-05,0.0,legit,0
80E8E50E0,6478,2.586251487094605e-05,0.0,legit,0
80E8E8D00,6479,5.17250297418921e-05,0.0,legit,0
80E8F2B70,6480,7.758754461283815e-05,0.0,legit,0
80E8F7330,6481,2.586251487094605e-05,0.0,legit,0
80E9071A0,6482,5.17250297418921e-05,0.0,legit,0
80E916250,6483,7.758754461283815e-05,0.0,legit,0
80E91DB40,6484,2.586251487094605e-05,0.0,legit,0
80E92C5B0,6485,5.17250297418921e-05,0.0,legit,0
80E92F860,6486,5.17250297418921e-05,0.0,legit,0
80E932990,6487,5.17250297418921e-05,0.0,legit,0
80E94F1D0,6488,0.0001034500594837842,0.0,legit,0
80E94FDE0,6489,5.17250297418921e-05,0.0,legit,0
80E95BA50,6490,5.17250297418921e-05,0.0,legit,0
80E9665D0,6491,5.17250297418921e-05,0.0,legit,0
80E98A0E0,6492,2.586251487094605e-05,0.0,legit,0
80E98A2E0,6493,2.586251487094605e-05,0.0,legit,0
80E98CE70,6494,5.17250297418921e-05,0.0,legit,0
80E98D130,6495,2.586251487094605e-05,0.0,legit,0
80E997860,6496,5.17250297418921e-05,0.0,legit,0
80E998210,6497,2.586251487094605e-05,0.0,legit,0
80E99CCD0,6498,5.17250297418921e-05,0.0,legit,0
80E9A6D30,6499,2.586251487094605e-05,0.0,legit,0
80E9A7220,6500,5.17250297418921e-05,0.0,legit,0
80E9AAAA0,6501,5.17250297418921e-05,0.0,legit,0
80E9B2940,6502,2.586251487094605e-05,0.0,legit,0
80E9BA5F0,6503,2.586251487094605e-05,0.0,legit,0
80E9C4340,6504,2.586251487094605e-05,0.0,legit,0
80E9C8B50,6505,5.17250297418921e-05,0.0,legit,0
80E9D0410,6506,2.586251487094605e-05,0.0,legit,0
80E9D3850,6507,5.17250297418921e-05,0.0,legit,0
80E9EC0E0,6508,5.17250297418921e-05,0.0,legit,0
80E9EE400,6509,5.17250297418921e-05,0.0,legit,0
80E9F4070,6510,5.17250297418921e-05,1.72421225052804e-08,legit,0
80EA00E00,6511,2.586251487094605e-05,0.0,legit,0
80EA052B0,6512,2.586251487094605e-05,0.0,legit,0
80EA07DB0,6513,2.586251487094605e-05,0.0,legit,0
80EA07FA0,6514,2.586251487094605e-05,0.0,legit,0
80EA2D910,6515,2.586251487094605e-05,0.0,legit,0
80EA2F580,6516,2.586251487094605e-05,0.0,legit,0
80EA34D30,6517,2.586251487094605e-05,0.0,legit,0
80EA3B260,6518,2.586251487094605e-05,0.0,legit,0
80EA40D70,6519,2.586251487094605e-05,0.0,legit,0
80EA56D10,6520,2.586251487094605e-05,0.0,legit,0
80EA61990,6521,5.17250297418921e-05,1.72421225052804e-08,legit,0
80EA6B3D0,6522,2.586251487094605e-05,0.0,legit,0
80EA6D4A0,6523,5.17250297418921e-05,0.0,legit,0
80EA8B5B0,6524,2.586251487094605e-05,0.0,legit,0
80EA8C9A0,6525,2.586251487094605e-05,0.0,legit,0
80EA99E80,6526,5.17250297418921e-05,0.0,legit,0
80EA9A150,6527,2.586251487094605e-05,0.0,legit,0
80EA9BBF0,6528,2.586251487094605e-05,0.0,legit,0
80EA9BCE0,6529,2.586251487094605e-05,0.0,legit,0
80EABB2F0,6530,5.17250297418921e-05,0.0,legit,0
80EAC7DC0,6531,2.586251487094605e-05,0.0,legit,0
80EAD3190,6532,5.17250297418921e-05,0.0,legit,0
80EADA190,6533,5.17250297418921e-05,0.0,legit,0
80EADCBD0,6534,2.586251487094605e-05,0.0,legit,0
80EADF190,6535,2.586251487094605e-05,0.0,legit,0
80EAEE210,6536,2.586251487094605e-05,0.0,legit,0
80EAEFC10,6537,2.586251487094605e-05,0.0,legit,0
80EAF6820,6538,5.17250297418921e-05,0.0,legit,0
80EAFE510,6539,2.586251487094605e-05,0.0,legit,0
80EB09330,54,2.586251487094605e-05,0.0,legit,1
80EB13140,6540,7.758754461283815e-05,0.0,legit,0
80EB14810,6541,2.586251487094605e-05,0.0,legit,0
80EB1B380,6542,2.586251487094605e-05,0.0,legit,0
80EB3B700,6543,2.586251487094605e-05,0.0,legit,0
80EB65C70,6544,2.586251487094605e-05,0.0,legit,0
80EB6B120,42,7.758754461283815e-05,1.5345489029699558e-05,legit,1
80EB6F0C0,6545,7.758754461283815e-05,0.0,legit,0
80EB7AFA0,6546,2.586251487094605e-05,0.0,legit,0
80EB8C3F0,6547,5.17250297418921e-05,0.0,legit,0
80EBB4110,6548,5.17250297418921e-05,0.0,legit,0
80EBB7260,6549,2.586251487094605e-05,0.0,legit,0
80EBBFDA0,6550,5.17250297418921e-05,0.0,legit,0
80EBC19D0,6551,2.586251487094605e-05,0.0,legit,0
80EBCC700,6552,5.17250297418921e-05,0.0,legit,0
80EBE0D90,6553,5.17250297418921e-05,0.0,legit,0
80EBE1FA0,6554,2.586251487094605e-05,0.0,legit,0
80EBEB3A0,6555,7.758754461283815e-05,0.0,legit,0
80EC0A230,6556,2.586251487094605e-05,0.0,legit,0
80EC0FA20,6557,2.586251487094605e-05,0.0,legit,0
80EC143A0,6558,7.758754461283815e-05,3.44842450105608e-08,legit,0
80EC18700,6559,5.17250297418921e-05,0.0,legit,0
80EC2AEF0,6560,2.586251487094605e-05,0.0,legit,0
80EC382C0,6561,2.586251487094605e-05,0.0,legit,0
80EC4C1F0,6562,2.586251487094605e-05,0.0,legit,0
80EC4F7F0,6563,5.17250297418921e-05,0.0,legit,0
80EC5CBF0,6564,2.586251487094605e-05,0.0,legit,0
80EC5EE60,6565,2.586251487094605e-05,0.0,legit,0
80EC62970,6566,5.17250297418921e-05,0.0,legit,0
80EC686B0,6567,5.17250297418921e-05,1.72421225052804e-08,legit,0
80EC74800,6568,2.586251487094605e-05,0.0,legit,0
80EC795B0,6569,2.586251487094605e-05,0.0,legit,0
80EC93490,6570,2.586251487094605e-05,0.0,legit,0
80EC9FB50,6571,2.586251487094605e-05,0.0,legit,0
80ECA2960,6572,2.586251487094605e-05,0.0,legit,0
80ECA7980,6573,2.586251487094605e-05,0.0,legit,0
80ECAAF90,6574,2.586251487094605e-05,0.0,legit,0
80ECC54A0,6575,2.586251487094605e-05,0.0,legit,0
80ECDCF40,6576,2.586251487094605e-05,0.0,legit,0
80ECE0270,6577,2.586251487094605e-05,0.0,legit,0
80ECE20D0,6578,2.586251487094605e-05,0.0,legit,0
80ECEC790,6579,2.586251487094605e-05,0.0,legit,0
80ECED760,6580,5.17250297418921e-05,0.0,legit,0
80ECF7A30,6581,5.17250297418921e-05,0.0,legit,0
80ED07740,6582,5.17250297418921e-05,0.0,legit,0
80ED19FE0,6583,5.17250297418921e-05,0.0,legit,0
80ED24BA0,6584,2.586251487094605e-05,0.0,legit,0
80ED3B280,6585,2.586251487094605e-05,0.0,legit,0
80ED5D780,6586,2.586251487094605e-05,0.0,legit,0
80ED5DB50,6587,2.586251487094605e-05,0.0,legit,0
80ED78DE0,6588,2.586251487094605e-05,0.0,legit,0
80ED7FE70,6589,5.17250297418921e-05,0.0,legit,0
80ED91B20,6590,5.17250297418921e-05,0.0,legit,0
80ED9E1E0,6591,2.586251487094605e-05,0.0,legit,0
80EDB0FB0,6592,5.17250297418921e-05,0.0,legit,0
80EDB29D0,6593,2.586251487094605e-05,0.0,legit,0
80EDB86B0,6594,5.17250297418921e-05,0.0,legit,0
80EDBC010,6595,2.586251487094605e-05,0.0,legit,0
80EDE0D20,6596,2.586251487094605e-05,0.0,legit,0
80EDE8550,6597,2.586251487094605e-05,0.0,legit,0
80EDF3DC0,6598,2.586251487094605e-05,0.0,legit,0
80EDFA040,6599,2.586251487094605e-05,0.0,legit,0
80EE00830,859,5.17250297418921e-05,0.0,legit,1
80EE00B40,6600,5.17250297418921e-05,0.0,legit,0
80EE05C80,6601,5.17250297418921e-05,0.0,legit,0
80EE0D6B0,6602,2.586251487094605e-05,0.0,legit,0
80EE0E440,6603,7.758754461283815e-05,0.0,legit,0
80EE188B0,6604,2.586251487094605e-05,0.0,legit,0
80EE28E40,6605,5.17250297418921e-05,1.72421225052804e-08,legit,0
80EE53D80,6606,2.586251487094605e-05,0.0,legit,0
80EE57EF0,6607,5.17250297418921e-05,0.0,legit,0
80EE799C0,6608,5.17250297418921e-05,0.0,legit,0
80EE858C0,6609,2.586251487094605e-05,0.0,legit,0
80EE8D760,6610,2.586251487094605e-05,0.0,legit,0
80EE93360,6611,2.586251487094605e-05,0.0,legit,0
80EE9FCE0,6612,2.586251487094605e-05,0.0,legit,0
80EEB2170,6613,7.758754461283815e-05,3.44842450105608e-08,legit,0
80EEC9060,6614,5.17250297418921e-05,0.0,legit,0
80EED9190,6615,2.586251487094605e-05,0.0,legit,0
80EED95D0,6616,2.586251487094605e-05,0.0,legit,0
80EF058E0,6617,2.586251487094605e-05,0.0,legit,0
80EF0B9B0,6618,2.586251487094605e-05,0.0,legit,0
80EF0D840,6619,2.586251487094605e-05,0.0,legit,0
80EF171D0,6620,7.758754461283815e-05,3.44842450105608e-08,legit,0
80EF39C00,6621,2.586251487094605e-05,0.0,legit,0
80EF3B0A0,6622,2.586251487094605e-05,0.0,legit,0
80EF47C40,6623,2.586251487094605e-05,0.0,legit,0
80EF53BB0,6624,5.17250297418921e-05,0.0,legit,0
80EF5A360,6625,5.17250297418921e-05,0.0,legit,0
80EF5E6A0,6626,5.17250297418921e-05,0.0,legit,0
80EF75580,6627,2.586251487094605e-05,0.0,legit,0
80EF7D7F0,6628,5.17250297418921e-05,0.0,legit,0
80EF81800,6629,2.586251487094605e-05,0.0,legit,0
80EF943C0,6630,2.586251487094605e-05,0.0,legit,0
80EF97D00,6631,2.586251487094605e-05,0.0,legit,0
80EFB03C0,6632,2.586251487094605e-05,0.0,legit,0
80EFB3820,6633,5.17250297418921e-05,0.0,legit,0
80EFC9DD0,6634,7.758754461283815e-05,0.0,legit,0
80EFD3680,6635,2.586251487094605e-05,0.0,legit,0
80EFD76F0,6636,2.586251487094605e-05,0.0,legit,0
80EFDAF40,6637,2.586251487094605e-05,0.0,legit,0
80EFE1D20,6638,5.17250297418921e-05,0.0,legit,0
80EFE2CB0,6639,2.586251487094605e-05,0.0,legit,0
80EFECF70,6640,2.586251487094605e-05,0.0,legit,0
80EFEFBC0,6641,5.17250297418921e-05,0.0,legit,0
80EFF0870,6642,2.586251487094605e-05,0.0,legit,0
80EFF28C0,6643,2.586251487094605e-05,0.0,legit,0
80EFFE880,6644,2.586251487094605e-05,0.0,legit,0
80F001E40,6645,7.758754461283815e-05,3.44842450105608e-08,legit,0
80F009410,6646,5.17250297418921e-05,0.0,legit,0
80F009D00,6647,2.586251487094605e-05,0.0,legit,0
80F02CD90,6648,2.586251487094605e-05,0.0,legit,0
80F02E680,6649,2.586251487094605e-05,0.0,legit,0
80F038BB0,6650,2.586251487094605e-05,0.0,legit,0
80F040860,6651,5.17250297418921e-05,0.0,legit,0
80F0442F0,6652,2.586251487094605e-05,0.0,legit,0
80F046460,2112,5.17250297418921e-05,0.0,legit,0
80F0475D0,6653,2.586251487094605e-05,0.0,legit,0
80F04C160,6654,5.17250297418921e-05,0.0,legit,0
80F04D160,6655,5.17250297418921e-05,0.0,legit,0
80F05D2B0,6656,7.758754461283815e-05,0.0,legit,0
80F060FB0,6657,2.586251487094605e-05,0.0,legit,0
80F063410,6658,7.758754461283815e-05,0.0,legit,0
80F06A030,6659,2.586251487094605e-05,0.0,legit,0
80F06E020,6660,5.17250297418921e-05,0.0,legit,0
80F06F1E0,6661,5.17250297418921e-05,0.0,legit,0
80F06FD90,6662,5.17250297418921e-05,0.0,legit,0
80F0725E0,6663,5.17250297418921e-05,1.72421225052804e-08,legit,0
80F07AF40,6664,5.17250297418921e-05,0.0,legit,0
80F088820,6665,5.17250297418921e-05,0.0,legit,0
80F099E50,6666,2.586251487094605e-05,0.0,legit,0
80F09DD30,6667,2.586251487094605e-05,0.0,legit,0
80F09EED0,6668,2.586251487094605e-05,0.0,legit,0
80F0AF5E0,6669,5.17250297418921e-05,0.0,legit,0
80F0BFAA0,6670,2.586251487094605e-05,0.0,legit,0
80F0C1AD0,6671,2.586251487094605e-05,0.0,legit,0
80F0E06E0,6672,7.758754461283815e-05,3.44842450105608e-08,legit,0
80F0EAA60,6673,2.586251487094605e-05,0.0,legit,0
80F0F81A0,6674,2.586251487094605e-05,0.0,legit,0
80F0FC910,993,7.758754461283815e-05,0.0,legit,1
80F116AF0,6675,2.586251487094605e-05,0.0,legit,0
80F130300,6676,2.586251487094605e-05,0.0,legit,0
80F13ACD0,6677,2.586251487094605e-05,0.0,legit,0
80F13E360,6678,2.586251487094605e-05,0.0,legit,0
80F149DE0,6679,2.586251487094605e-05,0.0,legit,0
80F15D8F0,6680,2.586251487094605e-05,0.0,legit,0
80F15E3F0,6681,2.586251487094605e-05,0.0,legit,0
80F163F80,6682,5.17250297418921e-05,0.0,legit,0
80F164220,6683,2.586251487094605e-05,0.0,legit,0
80F168E50,6684,2.586251487094605e-05,0.0,legit,0
80F169050,6685,2.586251487094605e-05,0.0,legit,0
80F16D070,6686,5.17250297418921e-05,1.72421225052804e-08,legit,0
80F16D8F0,6687,2.586251487094605e-05,0.0,legit,0
80F185FC0,5362,7.758754461283815e-05,1.72421225052804e-07,legit,0
80F19CB60,6688,2.586251487094605e-05,0.0,legit,0
80F1A12F0,6689,2.586251487094605e-05,0.0,legit,0
80F1AF070,6690,2.586251487094605e-05,0.0,legit,0
80F1D81C0,6691,5.17250297418921e-05,0.0,legit,0
80F1F3850,6692,2.586251487094605e-05,0.0,legit,0
80F1F8CE0,6693,5.17250297418921e-05,0.0,legit,0
80F2018B0,6694,2.586251487094605e-05,0.0,legit,0
80F211300,6695,2.586251487094605e-05,0.0,legit,0
80F216690,6696,5.17250297418921e-05,0.0,legit,0
80F23DD60,6697,2.586251487094605e-05,0.0,legit,0
80F23EAE0,6698,2.586251487094605e-05,0.0,legit,0
80F23EE50,6699,2.586251487094605e-05,0.0,legit,0
80F2434F0,6700,2.586251487094605e-05,0.0,legit,0
80F248370,6701,7.758754461283815e-05,0.0,legit,0
80F24E590,6702,5.17250297418921e-05,0.0,legit,0
80F26B280,6703,2.586251487094605e-05,0.0,legit,0
80F26D500,1576,7.758754461283815e-05,0.0,legit,0
80F271C10,6704,5.17250297418921e-05,0.0,legit,0
80F28B0E0,6705,2.586251487094605e-05,0.0,legit,0
80F2B0BF0,6706,2.586251487094605e-05,0.0,legit,0
80F2BEEF0,6707,2.586251487094605e-05,0.0,legit,0
80F2C8D40,6708,5.17250297418921e-05,0.0,legit,0
80F2CE760,6709,2.586251487094605e-05,0.0,legit,0
80F2D4620,6710,5.17250297418921e-05,0.0,legit,0
80F2DC840,6711,5.17250297418921e-05,0.0,legit,0
80F2DFD80,6712,2.586251487094605e-05,0.0,legit,0
80F2FB250,6713,2.586251487094605e-05,0.0,legit,0
80F304160,6714,7.758754461283815e-05,0.0,legit,0
80F31C300,6715,5.17250297418921e-05,0.0,legit,0
80F31CD50,6716,2.586251487094605e-05,0.0,legit,0
80F31CFF0,6717,7.758754461283815e-05,0.0,legit,0
80F31F890,6718,5.17250297418921e-05,0.0,legit,0
80F324820,6719,5.17250297418921e-05,0.0,legit,0
80F340940,6720,2.586251487094605e-05,0.0,legit,0
80F343770,6721,2.586251487094605e-05,0.0,legit,0
80F352150,6722,5.17250297418921e-05,0.0,legit,0
80F354A50,6723,2.586251487094605e-05,0.0,legit,0
80F38A180,6724,2.586251487094605e-05,0.0,legit,0
80F38DBC0,6725,2.586251487094605e-05,0.0,legit,0
80F390B10,6726,2.586251487094605e-05,0.0,legit,0
80F392470,6727,7.758754461283815e-05,0.0,legit,0
80F3B1E00,6728,5.17250297418921e-05,0.0,legit,0
80F3C5DD0,6729,2.586251487094605e-05,0.0,legit,0
80F3CCA60,6730,5.17250297418921e-05,0.0,legit,0
80F3D4DA0,6731,2.586251487094605e-05,0.0,legit,0
80F3DA710,2,5.17250297418921e-05,7.660609465321379e-06,legit,1
80F3DE2B0,6732,2.586251487094605e-05,0.0,legit,0
80F3E4F60,6733,2.586251487094605e-05,0.0,legit,0
80F3E7EA0,6734,2.586251487094605e-05,0.0,legit,0
80F3EA3C0,6735,2.586251487094605e-05,0.0,legit,0
80F3F9640,6736,7.758754461283815e-05,0.0,legit,0
80F3F9D60,6737,5.17250297418921e-05,0.0,legit,0
80F409C60,6738,2.586251487094605e-05,0.0,legit,0
80F40BD90,6739,2.586251487094605e-05,0.0,legit,0
80F4161D0,6740,5.17250297418921e-05,1.72421225052804e-08,legit,0
80F41F0E0,6741,2.586251487094605e-05,0.0,legit,0
80F41F450,6742,7.758754461283815e-05,0.0,legit,0
80F4223D0,6743,2.586251487094605e-05,0.0,legit,0
80F4242F0,6744,2.586251487094605e-05,0.0,legit,0
80F42E950,6745,2.586251487094605e-05,0.0,legit,0
80F499FA0,6746,2.586251487094605e-05,0.0,legit,0
80F49E040,6747,7.758754461283815e-05,0.0,legit,0
80F4A8390,6748,2.586251487094605e-05,0.0,legit,0
80F4BAE70,6749,2.586251487094605e-05,0.0,legit,0
80F4D9630,6750,2.586251487094605e-05,0.0,legit,0
80F4EE300,6751,5.17250297418921e-05,0.0,legit,0
80F4EFE50,6752,7.758754461283815e-05,0.0,legit,0
80F4F3A60,6753,2.586251487094605e-05,0.0,legit,0
80F4F49A0,6754,5.17250297418921e-05,0.0,legit,0
80F501700,6755,2.586251487094605e-05,0.0,legit,0
80F50B500,6756,5.17250297418921e-05,0.0,legit,0
80F519CE0,6757,2.586251487094605e-05,0.0,legit,0
80F51A7D0,1605,5.17250297418921e-05,1.72421225052804e-08,legit,0
80F521160,6758,2.586251487094605e-05,0.0,legit,0
80F5397E0,6759,2.586251487094605e-05,0.0,legit,0
80F53A9E0,6760,5.17250297418921e-05,0.0,legit,0
80F54CAD0,6761,2.586251487094605e-05,0.0,legit,0
80F564430,6762,2.586251487094605e-05,0.0,legit,0
80F57C9E0,6763,2.586251487094605e-05,0.0,legit,0
80F586170,6764,2.586251487094605e-05,0.0,legit,0
80F589910,6765,7.758754461283815e-05,0.0,legit,0
80F58A590,6766,2.586251487094605e-05,0.0,legit,0
80F59F000,6767,2.586251487094605e-05,0.0,legit,0
80F5D6340,6768,5.17250297418921e-05,0.0,legit,0
80F5DF420,6769,5.17250297418921e-05,0.0,legit,0
80F6034C0,6770,2.586251487094605e-05,0.0,legit,0
80F60B740,6771,5.17250297418921e-05,0.0,legit,0
80F60BAF0,1598,2.586251487094605e-05,0.0,legit,0
80F60D330,6772,2.586251487094605e-05,0.0,legit,0
80F61E260,6773,2.586251487094605e-05,0.0,legit,0
80F622B20,6774,5.17250297418921e-05,0.0,legit,0
80F628850,6775,2.586251487094605e-05,0.0,legit,0
80F629260,6776,5.17250297418921e-05,0.0,legit,0
80F63D830,6777,2.586251487094605e-05,0.0,legit,0
80F63E880,6778,5.17250297418921e-05,0.0,legit,0
80F643550,6779,2.586251487094605e-05,0.0,legit,0
80F6440B0,6780,5.17250297418921e-05,1.72421225052804e-08,legit,0
80F666690,6781,7.758754461283815e-05,0.0,legit,0
80F66DF80,6782,5.17250297418921e-05,0.0,legit,0
80F673A50,6783,5.17250297418921e-05,0.0,legit,0
80F6744E0,6784,5.17250297418921e-05,0.0,legit,0
80F679FA0,6785,2.586251487094605e-05,0.0,legit,0
80F685F90,6786,5.17250297418921e-05,0.0,legit,0
80F68DB30,6787,7.758754461283815e-05,0.0,legit,0
80F691640,6788,2.586251487094605e-05,0.0,legit,0
80F69AA80,6789,2.586251487094605e-05,0.0,legit,0
80F6A02B0,6790,5.17250297418921e-05,0.0,legit,0
80F6AC7E0,6791,2.586251487094605e-05,0.0,legit,0
80F6ADBA0,6792,5.17250297418921e-05,1.72421225052804e-08,legit,0
80F6B0390,6793,2.586251487094605e-05,0.0,legit,0
80F6C58B0,6794,2.586251487094605e-05,0.0,legit,0
80F6CA050,6795,2.586251487094605e-05,0.0,legit,0
80F6CAC80,6796,5.17250297418921e-05,0.0,legit,0
80F6D0180,6797,2.586251487094605e-05,0.0,legit,0
80F6D0540,6798,2.586251487094605e-05,0.0,legit,0
80F6D8970,6799,2.586251487094605e-05,0.0,legit,0
80F6DED40,6800,2.586251487094605e-05,0.0,legit,0
80F6E59B0,6801,5.17250297418921e-05,0.0,legit,0
80F6F42C0,6802,2.586251487094605e-05,0.0,legit,0
80F6F9250,6803,2.586251487094605e-05,0.0,legit,0
80F6FFDA0,6804,2.586251487094605e-05,0.0,legit,0
80F712390,6805,2.586251487094605e-05,0.0,legit,0
80F715280,6806,2.586251487094605e-05,0.0,legit,0
80F71B170,6807,2.586251487094605e-05,0.0,legit,0
80F7278E0,6808,5.17250297418921e-05,0.0,legit,0
80F728250,6809,2.586251487094605e-05,0.0,legit,0
80F736760,6810,2.586251487094605e-05,0.0,legit,0
80F73ADB0,6811,2.586251487094605e-05,0.0,legit,0
80F75FD30,6812,2.586251487094605e-05,0.0,legit,0
80F76B1F0,6813,2.586251487094605e-05,0.0,legit,0
80F7716B0,6814,5.17250297418921e-05,0.0,legit,0
80F7B9280,6815,2.586251487094605e-05,0.0,legit,0
80F7CE560,6816,2.586251487094605e-05,0.0,legit,0
80F7D4780,6817,5.17250297418921e-05,0.0,legit,0
80F7DEFD0,6818,5.17250297418921e-05,0.0,legit,0
80F7E06C0,6819,7.758754461283815e-05,0.0,legit,0
80F7E4810,6820,2.586251487094605e-05,0.0,legit,0
80F809570,6821,2.586251487094605e-05,0.0,legit,0
80F8270F0,6822,5.17250297418921e-05,0.0,legit,0
80F828F30,6823,2.586251487094605e-05,0.0,legit,0
80F82E6B0,6824,2.586251487094605e-05,0.0,legit,0
80F832A40,6825,5.17250297418921e-05,0.0,legit,0
80F841520,6826,2.586251487094605e-05,0.0,legit,0
80F848D80,6827,2.586251487094605e-05,0.0,legit,0
80F8490B0,6828,2.586251487094605e-05,0.0,legit,0
80F859270,6829,2.586251487094605e-05,0.0,legit,0
80F85EA10,6830,2.586251487094605e-05,0.0,legit,0
80F864E00,6831,7.758754461283815e-05,0.0,legit,0
80F86D2E0,6832,5.17250297418921e-05,0.0,legit,0
80F86EB30,130,0.0001034500594837842,2.3018233544549336e-05,legit,1
80F8848D0,6833,2.586251487094605e-05,0.0,legit,0
80F887110,6834,5.17250297418921e-05,0.0,legit,0
80F89BF00,6835,2.586251487094605e-05,0.0,legit,0
80F8A1F60,6836,2.586251487094605e-05,0.0,legit,0
80F8A4AD0,6837,2.586251487094605e-05,0.0,legit,0
80F8B5170,6838,0.0001034500594837842,0.0,legit,0
80F8C43D0,6839,2.586251487094605e-05,0.0,legit,0
80F8D14A0,2,7.758754461283815e-05,1.5345489029699558e-05,legit,1
80F8D2A00,6840,2.586251487094605e-05,0.0,legit,0
80F8E40F0,6841,2.586251487094605e-05,0.0,legit,0
80F8EE720,6842,5.17250297418921e-05,0.0,legit,0
80F8EEBE0,6843,7.758754461283815e-05,0.0,legit,0
80F8F6610,6844,7.758754461283815e-05,0.0,legit,0
80F902C30,6845,5.17250297418921e-05,0.0,legit,0
80F92C840,6846,2.586251487094605e-05,0.0,legit,0
80F937990,6847,2.586251487094605e-05,0.0,legit,0
80F941180,6848,2.586251487094605e-05,0.0,legit,0
80F942570,6849,2.586251487094605e-05,0.0,legit,0
80F9461E0,6850,2.586251487094605e-05,0.0,legit,0
80F946910,6851,5.17250297418921e-05,0.0,legit,0
80F94CB50,6852,5.17250297418921e-05,0.0,legit,0
80F972500,354,7.758754461283815e-05,0.0,legit,0
80F975930,6853,2.586251487094605e-05,0.0,legit,0
80F98F100,6854,2.586251487094605e-05,0.0,legit,0
80F9A1EC0,6855,2.586251487094605e-05,0.0,legit,0
80F9BA910,6856,2.586251487094605e-05,0.0,legit,0
80F9BFD00,1611,5.17250297418921e-05,0.0,legit,0
80F9D1A30,6857,2.586251487094605e-05,0.0,legit,0
80F9ED750,6858,2.586251487094605e-05,0.0,legit,0
80F9EDF80,6859,5.17250297418921e-05,0.0,legit,0
80F9EE820,6860,2.586251487094605e-05,0.0,legit,0
80F9F7410,6861,7.758754461283815e-05,0.0,legit,0
80FA016F0,6862,2.586251487094605e-05,0.0,legit,0
80FA0C3C0,6863,2.586251487094605e-05,0.0,legit,0
80FA11600,6864,2.586251487094605e-05,0.0,legit,0
80FA14B70,6865,2.586251487094605e-05,0.0,legit,0
80FA16A50,6866,5.17250297418921e-05,0.0,legit,0
80FA1CB90,6867,2.586251487094605e-05,0.0,legit,0
80FA1EE00,6868,7.758754461283815e-05,0.0,legit,0
80FA3B130,6869,2.586251487094605e-05,0.0,legit,0
80FA45B80,6870,2.586251487094605e-05,0.0,legit,0
80FA485D0,6871,2.586251487094605e-05,0.0,legit,0
80FA50E90,6872,2.586251487094605e-05,0.0,legit,0
80FA50FD0,6873,7.758754461283815e-05,0.0,legit,0
80FA60E60,6874,5.17250297418921e-05,0.0,legit,0
80FAAEC80,6875,5.17250297418921e-05,0.0,legit,0
80FABB3E0,6876,2.586251487094605e-05,0.0,legit,0
80FAC52B0,6877,5.17250297418921e-05,0.0,legit,0
80FAC8930,6878,2.586251487094605e-05,0.0,legit,0
80FACAC60,6879,5.17250297418921e-05,0.0,legit,0
80FACE7B0,6880,2.586251487094605e-05,0.0,legit,0
80FAD41E0,6881,5.17250297418921e-05,0.0,legit,0
80FAD8620,6882,5.17250297418921e-05,0.0,legit,0
80FADE700,6883,2.586251487094605e-05,0.0,legit,0
80FAFFDD0,6884,2.586251487094605e-05,0.0,legit,0
80FB00C50,6885,5.17250297418921e-05,0.0,legit,0
80FB077B0,6886,2.586251487094605e-05,0.0,legit,0
80FB09F50,6887,2.586251487094605e-05,0.0,legit,0
80FB15A30,6888,2.586251487094605e-05,0.0,legit,0
80FB2A5F0,6889,2.586251487094605e-05,0.0,legit,0
80FB37BB0,6890,2.586251487094605e-05,0.0,legit,0
80FB3BE20,6891,5.17250297418921e-05,0.0,legit,0
80FB3ED20,6892,2.586251487094605e-05,0.0,legit,0
80FB57B10,6893,5.17250297418921e-05,0.0,legit,0
80FB57E90,6894,5.17250297418921e-05,0.0,legit,0
80FB5E510,6895,5.17250297418921e-05,0.0,legit,0
80FB67220,6896,2.586251487094605e-05,0.0,legit,0
80FB73240,6897,7.758754461283815e-05,0.0,legit,0
80FB7BDB0,6898,2.586251487094605e-05,0.0,legit,0
80FB7C3F0,6899,2.586251487094605e-05,0.0,legit,0
80FB83F20,6900,2.586251487094605e-05,0.0,legit,0
80FB89080,6901,2.586251487094605e-05,0.0,legit,0
80FB989A0,6902,2.586251487094605e-05,0.0,legit,0
80FB9DB00,6903,2.586251487094605e-05,0.0,legit,0
80FBA78B0,6904,5.17250297418921e-05,0.0,legit,0
80FBAB350,6905,2.586251487094605e-05,0.0,legit,0
80FBB1DD0,6906,2.586251487094605e-05,0.0,legit,0
80FBBE250,6907,2.586251487094605e-05,0.0,legit,0
80FBC3110,6908,5.17250297418921e-05,0.0,legit,0
80FBCDA80,6909,2.586251487094605e-05,0.0,legit,0
80FBE5D50,6910,2.586251487094605e-05,0.0,legit,0
80FBEDC20,6911,2.586251487094605e-05,0.0,legit,0
80FBEFE90,6912,5.17250297418921e-05,0.0,legit,0
80FBF5F50,6913,2.586251487094605e-05,0.0,legit,0
80FC02560,6914,0.0001034500594837842,5.17263675158412e-08,legit,0
80FC07D90,6915,5.17250297418921e-05,0.0,legit,0
80FC0B1B0,6916,2.586251487094605e-05,0.0,legit,0
80FC165B0,5020,5.17250297418921e-05,0.0,legit,0
80FC1BE10,6917,2.586251487094605e-05,0.0,legit,0
80FC1C250,6918,2.586251487094605e-05,0.0,legit,0
80FC466D0,6919,2.586251487094605e-05,0.0,legit,0
80FC47720,6920,2.586251487094605e-05,0.0,legit,0
80FC52390,6921,2.586251487094605e-05,0.0,legit,0
80FC56E20,5362,7.758754461283815e-05,1.72421225052804e-07,legit,0
80FC5A1F0,6922,2.586251487094605e-05,0.0,legit,0
80FC677E0,6923,2.586251487094605e-05,0.0,legit,0
80FC7B810,6924,2.586251487094605e-05,0.0,legit,0
80FC83BE0,6925,5.17250297418921e-05,0.0,legit,0
80FC8FDC0,6926,2.586251487094605e-05,0.0,legit,0
80FC98B70,6927,5.17250297418921e-05,0.0,legit,0
80FC9B810,6928,2.586251487094605e-05,0.0,legit,0
80FCBE020,6929,5.17250297418921e-05,0.0,legit,0
80FCBF180,6930,2.586251487094605e-05,0.0,legit,0
80FCC3C90,6931,2.586251487094605e-05,0.0,legit,0
80FCD0560,6932,5.17250297418921e-05,1.72421225052804e-08,legit,0
80FCD65B0,6933,2.586251487094605e-05,0.0,legit,0
80FCD8980,6934,7.758754461283815e-05,3.44842450105608e-08,legit,0
80FCEED40,6935,2.586251487094605e-05,0.0,legit,0
80FCF3E80,6936,2.586251487094605e-05,0.0,legit,0
80FCFAA60,6937,5.17250297418921e-05,0.0,legit,0
80FCFBE50,6938,2.586251487094605e-05,0.0,legit,0
80FD0B600,6939,2.586251487094605e-05,0.0,legit,0
80FD0B9F0,6940,5.17250297418921e-05,0.0,legit,0
80FD0F4F0,6941,5.17250297418921e-05,0.0,legit,0
80FD22D90,6942,2.586251487094605e-05,0.0,legit,0
80FD26110,6943,2.586251487094605e-05,0.0,legit,0
80FD32960,6944,2.586251487094605e-05,0.0,legit,0
80FD34220,6945,2.586251487094605e-05,0.0,legit,0
80FD348A0,6946,7.758754461283815e-05,0.0,legit,0
80FD35C50,6947,5.17250297418921e-05,0.0,legit,0
80FD3C050,6948,5.17250297418921e-05,0.0,legit,0
80FD3E280,6949,2.586251487094605e-05,0.0,legit,0
80FD3EBC0,6950,2.586251487094605e-05,0.0,legit,0
80FD427F0,6951,2.586251487094605e-05,0.0,legit,0
80FD4B931,6952,5.17250297418921e-05,0.0,legit,0
80FD68EF0,6953,2.586251487094605e-05,0.0,legit,0
80FD78A70,6954,2.586251487094605e-05,0.0,legit,0
80FD8A920,6955,2.586251487094605e-05,0.0,legit,0
80FD952C0,6956,2.586251487094605e-05,0.0,legit,0
80FDAFEA0,6957,7.758754461283815e-05,0.0,legit,0
80FDB5470,6958,5.17250297418921e-05,0.0,legit,0
80FDC0D40,6959,2.586251487094605e-05,0.0,legit,0
80FDD1970,6960,5.17250297418921e-05,0.0,legit,0
80FDDA770,6961,2.586251487094605e-05,0.0,legit,0
80FDF4CB0,6962,2.586251487094605e-05,0.0,legit,0
80FDF6600,6963,2.586251487094605e-05,0.0,legit,0
80FE10710,6964,2.586251487094605e-05,0.0,legit,0
80FE132E0,6965,5.17250297418921e-05,0.0,legit,0
80FE281B0,6966,2.586251487094605e-05,0.0,legit,0
80FE30270,6967,2.586251487094605e-05,0.0,legit,0
80FE3BE80,6968,2.586251487094605e-05,0.0,legit,0
80FE420E0,6969,2.586251487094605e-05,0.0,legit,0
80FE42D80,6970,2.586251487094605e-05,0.0,legit,0
80FE5BDF0,6971,2.586251487094605e-05,0.0,legit,0
80FE695A0,6972,2.586251487094605e-05,0.0,legit,0
80FE6D6D0,6973,5.17250297418921e-05,0.0,legit,0
80FE6EFB0,6974,2.586251487094605e-05,0.0,legit,0
80FE72A30,6975,2.586251487094605e-05,0.0,legit,0
80FE811E0,6976,7.758754461283815e-05,0.0,legit,0
80FE862F0,6977,2.586251487094605e-05,0.0,legit,0
80FE89EF0,6978,2.586251487094605e-05,0.0,legit,0
80FE91000,6979,2.586251487094605e-05,0.0,legit,0
80FE9BD70,6980,7.758754461283815e-05,0.0,legit,0
80FEA5410,6981,2.586251487094605e-05,0.0,legit,0
80FEA9AC0,6982,2.586251487094605e-05,0.0,legit,0
80FEBB4D0,6983,5.17250297418921e-05,0.0,legit,0
80FED3910,6984,2.586251487094605e-05,0.0,legit,0
80FEEE600,6985,2.586251487094605e-05,0.0,legit,0
80FEEEA60,6986,5.17250297418921e-05,0.0,legit,0
80FEEEF10,6987,2.586251487094605e-05,0.0,legit,0
80FF02EC0,6988,2.586251487094605e-05,0.0,legit,0
80FF05CF0,6989,2.586251487094605e-05,0.0,legit,0
80FF09E00,6990,5.17250297418921e-05,0.0,legit,0
80FF0C9C0,6991,2.586251487094605e-05,0.0,legit,0
80FF193C0,6992,2.586251487094605e-05,0.0,legit,0
80FF19DA0,6993,2.586251487094605e-05,0.0,legit,0
80FF2A6A0,6994,2.586251487094605e-05,0.0,legit,0
80FF2CC50,6995,2.586251487094605e-05,0.0,legit,0
80FF3B870,6996,7.758754461283815e-05,3.44842450105608e-08,legit,0
80FF58660,6997,5.17250297418921e-05,0.0,legit,0
80FF589E0,6998,2.586251487094605e-05,0.0,legit,0
80FF6BDB0,6999,2.586251487094605e-05,0.0,legit,0
80FF716B0,7000,5.17250297418921e-05,0.0,legit,0
80FF7A200,7001,5.17250297418921e-05,0.0,legit,0
80FF821E0,7002,5.17250297418921e-05,0.0,legit,0
80FF86950,7003,2.586251487094605e-05,0.0,legit,0
80FF92E80,7004,2.586251487094605e-05,0.0,legit,0
80FF9A190,7005,2.586251487094605e-05,0.0,legit,0
80FF9AD10,7006,2.586251487094605e-05,0.0,legit,0
80FFB37F0,7007,5.17250297418921e-05,0.0,legit,0
80FFC3311,7008,5.17250297418921e-05,0.0,legit,0
80FFC38F0,7009,2.586251487094605e-05,0.0,legit,0
80FFC5570,7010,5.17250297418921e-05,0.0,legit,0
80FFE3900,7011,5.17250297418921e-05,0.0,legit,0
80FFEE250,7012,5.17250297418921e-05,0.0,legit,0
80FFFB830,7013,5.17250297418921e-05,0.0,legit,0
81000B200,7014,2.586251487094605e-05,0.0,legit,0
81001D470,7015,5.17250297418921e-05,0.0,legit,0
810032D70,7016,2.586251487094605e-05,0.0,legit,0
8100362B0,7017,2.586251487094605e-05,0.0,legit,0
810036490,7018,5.17250297418921e-05,0.0,legit,0
810037110,7019,2.586251487094605e-05,0.0,legit,0
810037200,7020,2.586251487094605e-05,0.0,legit,0
81003EE20,7021,5.17250297418921e-05,0.0,legit,0
810046D90,7022,5.17250297418921e-05,0.0,legit,0
8100593D0,7023,7.758754461283815e-05,0.0,legit,0
81005C0F0,7024,2.586251487094605e-05,0.0,legit,0
81005CF50,7025,5.17250297418921e-05,0.0,legit,0
81007AE40,7026,5.17250297418921e-05,0.0,legit,0
81007FB20,7027,2.586251487094605e-05,0.0,legit,0
810084A40,7028,2.586251487094605e-05,0.0,legit,0
8100888B0,7029,2.586251487094605e-05,0.0,legit,0
81008CFD0,7030,2.586251487094605e-05,0.0,legit,0
8100998A0,7031,2.586251487094605e-05,0.0,legit,0
81009EFD0,7032,5.17250297418921e-05,0.0,legit,0
8100BF160,7033,2.586251487094605e-05,0.0,legit,0
8100C1D10,7034,5.17250297418921e-05,0.0,legit,0
8100C2520,7035,2.586251487094605e-05,0.0,legit,0
8100D0FA0,7036,2.586251487094605e-05,0.0,legit,0
8100DA290,7037,2.586251487094605e-05,0.0,legit,0
8100DA730,7038,5.17250297418921e-05,0.0,legit,0
8100DA7D0,7039,2.586251487094605e-05,0.0,legit,0
8100DFE90,7040,2.586251487094605e-05,0.0,legit,0
8100DFF30,7041,2.586251487094605e-05,0.0,legit,0
8100E7EE0,7042,2.586251487094605e-05,0.0,legit,0
8100F5580,7043,2.586251487094605e-05,0.0,legit,0
810105660,7044,5.17250297418921e-05,1.7253624921894996e-08,legit,0
810115290,7045,2.586251487094605e-05,0.0,legit,0
810133500,7046,5.17250297418921e-05,0.0,legit,0
810168130,4060,5.17250297418921e-05,0.0,legit,0
81016E780,7047,2.586251487094605e-05,0.0,legit,0
810170DB0,7048,2.586251487094605e-05,0.0,legit,0
81017D790,7,5.17250297418921e-05,7.672744514849779e-06,legit,1
810193CF0,7049,2.586251487094605e-05,0.0,legit,0
8101A1ED0,7050,5.17250297418921e-05,0.0,legit,0
8101AC9E0,7051,5.17250297418921e-05,0.0,legit,0
8101B5130,7052,7.758754461283815e-05,0.0,legit,0
8101BBFF0,7053,7.758754461283815e-05,0.0,legit,0
8101BE340,7054,2.586251487094605e-05,0.0,legit,0
8101CC7D0,7055,2.586251487094605e-05,0.0,legit,0
8101D47E0,7056,7.758754461283815e-05,0.0,legit,0
8101D64C0,1577,2.586251487094605e-05,0.0,legit,0
8101D8390,7057,2.586251487094605e-05,0.0,legit,0
8101DA880,7058,5.17250297418921e-05,0.0,legit,0
8101E0690,7059,2.586251487094605e-05,0.0,legit,0
8101E25A0,7060,2.586251487094605e-05,0.0,legit,0
8101E2790,7061,2.586251487094605e-05,0.0,legit,0
8101EF110,7062,2.586251487094605e-05,0.0,legit,0
8101F1330,7063,2.586251487094605e-05,0.0,legit,0
8101F7CE0,463,7.758754461283815e-05,0.0,legit,1
81021D030,7064,2.586251487094605e-05,0.0,legit,0
8102270F0,7065,2.586251487094605e-05,0.0,legit,0
81022AFE0,7066,2.586251487094605e-05,0.0,legit,0
81022D620,7067,5.17250297418921e-05,0.0,legit,0
8102345A0,7068,2.586251487094605e-05,0.0,legit,0
810235910,7069,5.17250297418921e-05,0.0,legit,0
81023CF50,7070,2.586251487094605e-05,0.0,legit,0
81026F6C0,7071,5.17250297418921e-05,0.0,legit,0
810283F60,7072,5.17250297418921e-05,0.0,legit,0
81028A4D0,720,5.17250297418921e-05,0.0,legit,0
810295ED0,7073,2.586251487094605e-05,0.0,legit,0
8102A0720,7074,2.586251487094605e-05,0.0,legit,0
8102A6760,7075,2.586251487094605e-05,0.0,legit,0
8102A8BB0,7076,2.586251487094605e-05,0.0,legit,0
8102B3E30,7077,5.17250297418921e-05,0.0,legit,0
8102C1580,7078,2.586251487094605e-05,0.0,legit,0
8102D6110,7079,2.586251487094605e-05,0.0,legit,0
8102ECC60,7080,5.17250297418921e-05,0.0,legit,0
8102EEA20,7081,2.586251487094605e-05,0.0,legit,0
81030A400,7082,5.17250297418921e-05,0.0,legit,0
810326CD0,7083,2.586251487094605e-05,0.0,legit,0
810327BE0,7084,2.586251487094605e-05,0.0,legit,0
81033F430,7085,5.17250297418921e-05,0.0,legit,0
810343310,7086,2.586251487094605e-05,0.0,legit,0
81034BF60,7087,5.17250297418921e-05,0.0,legit,0
81035CEE0,7088,2.586251487094605e-05,0.0,legit,0
810363630,7089,2.586251487094605e-05,0.0,legit,0
810376920,7090,2.586251487094605e-05,0.0,legit,0
810386690,7091,7.758754461283815e-05,0.0,legit,0
810393A40,7092,2.586251487094605e-05,0.0,legit,0
8103A82D0,7093,2.586251487094605e-05,0.0,legit,0
8103B3F70,7094,7.758754461283815e-05,0.0,legit,0
8103C1330,7095,2.586251487094605e-05,0.0,legit,0
8103C4FA0,7096,2.586251487094605e-05,0.0,legit,0
8103DD1D0,7097,2.586251487094605e-05,0.0,legit,0
8103E43D0,7098,5.17250297418921e-05,0.0,legit,0
8103F7960,7099,2.586251487094605e-05,0.0,legit,0
810409CE0,7100,2.586251487094605e-05,0.0,legit,0
810413DB0,7101,7.758754461283815e-05,0.0,legit,0
81041C450,7102,2.586251487094605e-05,0.0,legit,0
81041D1D0,7103,2.586251487094605e-05,0.0,legit,0
810427770,7104,2.586251487094605e-05,0.0,legit,0
8104282C0,7105,2.586251487094605e-05,0.0,legit,0
810431A30,6885,5.17250297418921e-05,0.0,legit,0
810449630,7106,5.17250297418921e-05,0.0,legit,0
81044C840,1602,7.758754461283815e-05,0.0,legit,0
81044D2A0,28,2.586251487094605e-05,0.0,legit,1
8104690C0,7107,5.17250297418921e-05,0.0,legit,0
8104749D0,7108,5.17250297418921e-05,1.72421225052804e-08,legit,0
81048B8F0,7109,2.586251487094605e-05,0.0,legit,0
81048CF70,7110,2.586251487094605e-05,0.0,legit,0
810496E20,7111,7.758754461283815e-05,0.0,legit,0
81049DE30,7112,2.586251487094605e-05,0.0,legit,0
8104A7950,7113,2.586251487094605e-05,0.0,legit,0
8104AA7E0,7114,2.586251487094605e-05,0.0,legit,0
8104AE400,7115,5.17250297418921e-05,0.0,legit,0
8104BAA00,7116,2.586251487094605e-05,0.0,legit,0
8104BBF00,7117,5.17250297418921e-05,0.0,legit,0
8104BF0E0,7118,2.586251487094605e-05,0.0,legit,0
8104C3FF0,7119,2.586251487094605e-05,0.0,legit,0
8104CD810,7120,5.17250297418921e-05,0.0,legit,0
8104CFCB0,7121,2.586251487094605e-05,0.0,legit,0
8104D7F70,11,5.17250297418921e-05,7.672744514849779e-06,legit,1
8104DF750,7122,2.586251487094605e-05,0.0,legit,0
810502DC0,7123,2.586251487094605e-05,0.0,legit,0
8105067F0,7124,2.586251487094605e-05,0.0,legit,0
810508B60,7125,2.586251487094605e-05,0.0,legit,0
81051DC80,7126,2.586251487094605e-05,0.0,legit,0
810525840,7127,5.17250297418921e-05,0.0,legit,0
810537BD0,7128,5.17250297418921e-05,0.0,legit,0
810541310,7129,2.586251487094605e-05,0.0,legit,0
81054E3D0,7130,2.586251487094605e-05,0.0,legit,0
81054F940,7131,2.586251487094605e-05,0.0,legit,0
810551AD0,7132,2.586251487094605e-05,0.0,legit,0
810557AB0,7133,2.586251487094605e-05,0.0,legit,0
810567CA0,7134,2.586251487094605e-05,0.0,legit,0
810572EF0,7135,2.586251487094605e-05,0.0,legit,0
810578E50,7136,2.586251487094605e-05,0.0,legit,0
810588620,7137,2.586251487094605e-05,0.0,legit,0
810595470,7138,5.17250297418921e-05,0.0,legit,0
81059F5A0,7139,2.586251487094605e-05,0.0,legit,0
8105AD180,7140,2.586251487094605e-05,0.0,legit,0
8105C40B0,7141,2.586251487094605e-05,0.0,legit,0
8105C66B0,7142,2.586251487094605e-05,0.0,legit,0
8105CE980,7143,5.17250297418921e-05,0.0,legit,0
8105D52F0,7144,5.17250297418921e-05,0.0,legit,0
8105EC440,7145,2.586251487094605e-05,0.0,legit,0
8105F2F60,7146,2.586251487094605e-05,0.0,legit,0
8105F5210,7147,5.17250297418921e-05,0.0,legit,0
8105F8610,7148,2.586251487094605e-05,0.0,legit,0
81060B280,7149,2.586251487094605e-05,0.0,legit,0
810615950,7150,2.586251487094605e-05,0.0,legit,0
810617D50,7151,2.586251487094605e-05,0.0,legit,0
81061BDF0,7152,2.586251487094605e-05,0.0,legit,0
8106391A0,7153,5.17250297418921e-05,0.0,legit,0
81063CBF0,7154,5.17250297418921e-05,0.0,legit,0
81065B460,7155,5.17250297418921e-05,1.72421225052804e-08,legit,0
8106677D0,7156,2.586251487094605e-05,0.0,legit,0
8106823A0,7157,2.586251487094605e-05,0.0,legit,0
81068C6F0,7158,2.586251487094605e-05,0.0,legit,0
81069D4F0,7159,5.17250297418921e-05,0.0,legit,0
8106B1440,7160,5.17250297418921e-05,0.0,legit,0
8106B33E0,7161,5.17250297418921e-05,0.0,legit,0
8106B7450,7162,7.758754461283815e-05,0.0,legit,0
8106C6720,7163,2.586251487094605e-05,0.0,legit,0
8106C90F0,7164,5.17250297418921e-05,0.0,legit,0
8106CBDA0,7165,2.586251487094605e-05,0.0,legit,0
8106D1C20,7166,5.17250297418921e-05,0.0,legit,0
8106DA1B0,7167,2.586251487094605e-05,0.0,legit,0
8106F2000,7168,2.586251487094605e-05,0.0,legit,0
8106F6070,7169,2.586251487094605e-05,0.0,legit,0
8106F60C0,7170,5.17250297418921e-05,0.0,legit,0
8106FE5F0,7171,2.586251487094605e-05,0.0,legit,0
8107022C0,7172,2.586251487094605e-05,0.0,legit,0
810706F90,7173,5.17250297418921e-05,0.0,legit,0
8107209C0,7174,2.586251487094605e-05,0.0,legit,0
810729FE0,7175,2.586251487094605e-05,0.0,legit,0
810747360,7176,2.586251487094605e-05,0.0,legit,0
810747B30,7177,2.586251487094605e-05,0.0,legit,0
810749D90,7178,7.758754461283815e-05,0.0,legit,0
810752790,7179,7.758754461283815e-05,0.0,legit,0
810754660,7180,7.758754461283815e-05,0.0,legit,0
81075A710,7181,5.17250297418921e-05,0.0,legit,0
81075F7C0,7182,2.586251487094605e-05,0.0,legit,0
81076A190,7183,2.586251487094605e-05,0.0,legit,0
8107798F0,7184,2.586251487094605e-05,0.0,legit,0
8107812F0,7185,2.586251487094605e-05,0.0,legit,0
810782210,7186,5.17250297418921e-05,1.72421225052804e-08,legit,0
8107B3A80,7187,2.586251487094605e-05,0.0,legit,0
8107B7420,7188,2.586251487094605e-05,0.0,legit,0
8107C15D0,7189,2.586251487094605e-05,0.0,legit,0
8107CDCB0,7190,5.17250297418921e-05,0.0,legit,0
8107E5670,7191,2.586251487094605e-05,0.0,legit,0
8107EB4D0,7192,2.586251487094605e-05,0.0,legit,0
81080AD90,7193,5.17250297418921e-05,0.0,legit,0
810817070,7194,2.586251487094605e-05,0.0,legit,0
810818560,7195,5.17250297418921e-05,0.0,legit,0
8108187D0,7196,2.586251487094605e-05,0.0,legit,0
81081E040,1419,5.17250297418921e-05,0.0,legit,0
810833A30,7197,2.586251487094605e-05,0.0,legit,0
810841910,7198,2.586251487094605e-05,0.0,legit,0
81084D410,7199,2.586251487094605e-05,0.0,legit,0
81084FC30,7200,2.586251487094605e-05,0.0,legit,0
81085ACA0,7201,5.17250297418921e-05,0.0,legit,0
81085B370,7202,5.17250297418921e-05,0.0,legit,0
8108631D0,7203,2.586251487094605e-05,0.0,legit,0
810867EF0,7204,5.17250297418921e-05,0.0,legit,0
8108711A0,61,5.17250297418921e-05,7.672744514849779e-06,legit,1
81087E340,7205,5.17250297418921e-05,0.0,legit,0
810883030,7206,2.586251487094605e-05,0.0,legit,0
81089C7D0,7207,2.586251487094605e-05,0.0,legit,0
81089E830,7208,2.586251487094605e-05,0.0,legit,0
8108AD6E0,7209,5.17250297418921e-05,0.0,legit,0
8108CE2D0,7210,2.586251487094605e-05,0.0,legit,0
8108CED70,7211,7.758754461283815e-05,0.0,legit,0
8108DA140,7212,2.586251487094605e-05,0.0,legit,0
8108DA3B0,7213,5.17250297418921e-05,0.0,legit,0
8108EF550,7214,5.17250297418921e-05,0.0,legit,0
8108F38B0,7215,5.17250297418921e-05,0.0,legit,0
810908550,7216,2.586251487094605e-05,0.0,legit,0
81090D820,7217,2.586251487094605e-05,0.0,legit,0
810912620,7218,2.586251487094605e-05,0.0,legit,0
810912850,7219,2.586251487094605e-05,0.0,legit,0
810914020,7220,5.17250297418921e-05,0.0,legit,0
8109147E0,7221,5.17250297418921e-05,0.0,legit,0
8109167E0,7222,2.586251487094605e-05,0.0,legit,0
810928170,7223,2.586251487094605e-05,0.0,legit,0
810942000,7224,2.586251487094605e-05,0.0,legit,0
810943C30,7225,5.17250297418921e-05,0.0,legit,0
81094E250,7226,2.586251487094605e-05,0.0,legit,0
810950280,7227,2.586251487094605e-05,0.0,legit,0
810953710,7228,5.17250297418921e-05,0.0,legit,0
810957AA0,176,5.17250297418921e-05,7.672744514849779e-06,legit,1
81095DCA0,7229,7.758754461283815e-05,0.0,legit,0
8109663D0,7230,5.17250297418921e-05,0.0,legit,0
810973ED0,7231,2.586251487094605e-05,0.0,legit,0
810980620,7232,5.17250297418921e-05,1.72421225052804e-08,legit,0
81098F8F0,7233,2.586251487094605e-05,0.0,legit,0
810994DA0,7234,5.17250297418921e-05,0.0,legit,0
8109A7540,7235,7.758754461283815e-05,3.44842450105608e-08,legit,0
8109BDC80,7236,5.17250297418921e-05,0.0,legit,0
8109C2E50,7237,2.586251487094605e-05,0.0,legit,0
8109C71C0,7238,2.586251487094605e-05,0.0,legit,0
8109E8990,7239,2.586251487094605e-05,0.0,legit,0
8109E8C50,7240,5.17250297418921e-05,0.0,legit,0
8109FBFC0,7241,2.586251487094605e-05,0.0,legit,0
810A0A580,7242,2.586251487094605e-05,0.0,legit,0
810A13FD0,7243,5.17250297418921e-05,0.0,legit,0
810A261D0,7244,2.586251487094605e-05,0.0,legit,0
810A27080,7245,2.586251487094605e-05,0.0,legit,0
810A4FAA0,7246,2.586251487094605e-05,0.0,legit,0
810A53720,1067,7.758754461283815e-05,0.0,legit,0
810A5F0B0,7247,5.17250297418921e-05,0.0,legit,0
810A6D370,7248,2.586251487094605e-05,0.0,legit,0
810A6E950,7249,2.586251487094605e-05,0.0,legit,0
810A6EEB0,7250,5.17250297418921e-05,0.0,legit,0
810A784C0,7251,2.586251487094605e-05,0.0,legit,0
810A94510,7252,2.586251487094605e-05,0.0,legit,0
810A98130,7253,2.586251487094605e-05,0.0,legit,0
810A9C0E0,7254,2.586251487094605e-05,0.0,legit,0
810A9DDC0,7255,2.586251487094605e-05,0.0,legit,0
810AA1070,7256,2.586251487094605e-05,0.0,legit,0
810AA4BE0,7257,2.586251487094605e-05,0.0,legit,0
810AC5240,7258,7.758754461283815e-05,0.0,legit,0
810ACA970,7259,2.586251487094605e-05,0.0,legit,0
810AD0FE0,7260,2.586251487094605e-05,0.0,legit,0
810AD5800,7261,5.17250297418921e-05,0.0,legit,0
810AD81E0,7262,5.17250297418921e-05,0.0,legit,0
810AFB590,7263,2.586251487094605e-05,0.0,legit,0
810B04040,7264,5.17250297418921e-05,0.0,legit,0
810B08170,7265,5.17250297418921e-05,0.0,legit,0
810B18660,7266,2.586251487094605e-05,0.0,legit,0
810B1E410,7267,2.586251487094605e-05,0.0,legit,0
810B272D0,7268,7.758754461283815e-05,3.44842450105608e-08,legit,0
810B28B80,7269,2.586251487094605e-05,0.0,legit,0
810B496F0,7270,2.586251487094605e-05,0.0,legit,0
810B4C9D0,7271,2.586251487094605e-05,0.0,legit,0
810B5EC30,7272,5.17250297418921e-05,0.0,legit,0
810B6C2D0,7273,2.586251487094605e-05,0.0,legit,0
810B6C3C0,7274,7.758754461283815e-05,3.44842450105608e-08,legit,0
810B6C8B0,7275,2.586251487094605e-05,0.0,legit,0
810B8E660,7276,2.586251487094605e-05,0.0,legit,0
810B95B50,7277,2.586251487094605e-05,0.0,legit,0
810B96500,7278,2.586251487094605e-05,0.0,legit,0
810B97030,7279,2.586251487094605e-05,0.0,legit,0
810B9E590,7280,2.586251487094605e-05,0.0,legit,0
810BAB090,7281,2.586251487094605e-05,0.0,legit,0
810BAB810,7282,5.17250297418921e-05,1.72421225052804e-08,legit,0
810BB0D40,7283,5.17250297418921e-05,0.0,legit,0
810BCADB0,7284,2.586251487094605e-05,0.0,legit,0
810BD97F0,7285,5.17250297418921e-05,0.0,legit,0
810BE2BB0,7286,5.17250297418921e-05,0.0,legit,0
810BE2EE0,7287,7.758754461283815e-05,0.0,legit,0
810BEA320,7288,2.586251487094605e-05,0.0,legit,0
810BEA980,7289,2.586251487094605e-05,0.0,legit,0
810BEB440,7290,2.586251487094605e-05,0.0,legit,0
810BF15B0,7291,5.17250297418921e-05,0.0,legit,0
810BF40E0,7292,5.17250297418921e-05,0.0,legit,0
810C06B20,7293,2.586251487094605e-05,0.0,legit,0
810C07DC0,7294,2.586251487094605e-05,0.0,legit,0
810C08030,7295,5.17250297418921e-05,1.72421225052804e-08,legit,0
810C0F9B0,7296,2.586251487094605e-05,0.0,legit,0
810C15DD0,7297,5.17250297418921e-05,0.0,legit,0
810C18F70,7298,2.586251487094605e-05,0.0,legit,0
810C1A220,7299,2.586251487094605e-05,0.0,legit,0
810C28100,7300,5.17250297418921e-05,1.72421225052804e-08,legit,0
810C32A60,7301,5.17250297418921e-05,0.0,legit,0
810C36580,7302,5.17250297418921e-05,0.0,legit,0
810C3D8E0,7303,2.586251487094605e-05,0.0,legit,0
810C3F460,7304,2.586251487094605e-05,0.0,legit,0
810C4FFF0,7305,7.758754461283815e-05,0.0,legit,0
810C52940,7306,2.586251487094605e-05,0.0,legit,0
810C66940,7307,2.586251487094605e-05,0.0,legit,0
810C693F0,7308,2.586251487094605e-05,0.0,legit,0
810C6C480,7309,5.17250297418921e-05,0.0,legit,0
810C6D230,7310,2.586251487094605e-05,0.0,legit,0
810C735D0,7311,2.586251487094605e-05,0.0,legit,0
810C7BBC0,7312,2.586251487094605e-05,0.0,legit,0
810C7C110,7313,7.758754461283815e-05,0.0,legit,0
810C8E5C0,7314,2.586251487094605e-05,0.0,legit,0
810C91910,7315,2.586251487094605e-05,0.0,legit,0
810C93A10,7316,2.586251487094605e-05,0.0,legit,0
810C94720,7317,5.17250297418921e-05,0.0,legit,0
810CB8680,7318,2.586251487094605e-05,0.0,legit,0
810CC97D0,7319,7.758754461283815e-05,0.0,legit,0
810CD0130,7320,2.586251487094605e-05,0.0,legit,0
810CDCCE0,7321,5.17250297418921e-05,0.0,legit,0
810CE1CE0,7322,5.17250297418921e-05,0.0,legit,0
810CE73D0,7323,5.17250297418921e-05,3.44842450105608e-08,legit,0
810CE87E0,7324,2.586251487094605e-05,0.0,legit,0
810CEC720,7325,5.17250297418921e-05,1.72421225052804e-08,legit,0
810CECE80,7326,5.17250297418921e-05,0.0,legit,0
810D02C00,7327,2.586251487094605e-05,0.0,legit,0
810D13CC0,7328,5.17250297418921e-05,0.0,legit,0
810D15E80,7329,5.17250297418921e-05,0.0,legit,0
810D17820,7330,5.17250297418921e-05,0.0,legit,0
810D22130,7331,2.586251487094605e-05,0.0,legit,0
810D23E10,7332,2.586251487094605e-05,0.0,legit,0
810D249B0,7333,5.17250297418921e-05,1.72421225052804e-08,legit,0
810D25360,7334,5.17250297418921e-05,0.0,legit,0
810D34240,7335,5.17250297418921e-05,0.0,legit,0
810D37D10,7336,7.758754461283815e-05,0.0,legit,0
810D3F9A0,7337,2.586251487094605e-05,0.0,legit,0
810D594D0,7338,5.17250297418921e-05,0.0,legit,0
810D66190,7339,2.586251487094605e-05,0.0,legit,0
810D69CC0,7340,2.586251487094605e-05,0.0,legit,0
810D6D5A0,7341,5.17250297418921e-05,0.0,legit,0
810D6FEE0,7342,2.586251487094605e-05,0.0,legit,0
810D7C680,7343,2.586251487094605e-05,0.0,legit,0
810D80FE0,7344,2.586251487094605e-05,0.0,legit,0
810D91240,7345,7.758754461283815e-05,0.0,legit,0
810DAB1D0,7346,5.17250297418921e-05,0.0,legit,0
810DB2740,7347,5.17250297418921e-05,0.0,legit,0
810DBC8E0,7348,2.586251487094605e-05,0.0,legit,0
810DBCB60,7349,2.586251487094605e-05,0.0,legit,0
810DC2C20,7350,2.586251487094605e-05,0.0,legit,0
810DD5EC0,1574,7.758754461283815e-05,0.0,legit,0
810DD5FB0,7351,2.586251487094605e-05,0.0,legit,0
810DE9450,7352,2.586251487094605e-05,0.0,legit,0
810DE9FB0,7353,2.586251487094605e-05,0.0,legit,0
810DF0150,7354,2.586251487094605e-05,0.0,legit,0
810DF2B00,7355,2.586251487094605e-05,0.0,legit,0
810DF64A0,28,5.17250297418921e-05,7.672744514849779e-06,legit,1
810DF6B20,7356,5.17250297418921e-05,0.0,legit,0
810DFF720,7357,2.586251487094605e-05,0.0,legit,0
810E00230,7358,5.17250297418921e-05,1.72421225052804e-08,legit,0
810E022A0,7359,2.586251487094605e-05,0.0,legit,0
810E07AD0,7360,2.586251487094605e-05,0.0,legit,0
810E0A930,7361,5.17250297418921e-05,0.0,legit,0
810E290C0,7362,2.586251487094605e-05,0.0,legit,0
810E32490,7363,2.586251487094605e-05,0.0,legit,0
810E3F410,7364,5.17250297418921e-05,0.0,legit,0
810E50CB0,7365,2.586251487094605e-05,0.0,legit,0
810E536E0,7366,2.586251487094605e-05,0.0,legit,0
810E55570,7367,2.586251487094605e-05,0.0,legit,0
810E68570,7368,2.586251487094605e-05,0.0,legit,0
810E7EDD0,7369,2.586251487094605e-05,0.0,legit,0
810EB0300,7370,2.586251487094605e-05,0.0,legit,0
810EB0B10,7371,2.586251487094605e-05,0.0,legit,0
810ED2A50,7372,5.17250297418921e-05,0.0,legit,0
810EE8FF0,7373,2.586251487094605e-05,0.0,legit,0
810EEDD30,7374,2.586251487094605e-05,0.0,legit,0
810EF40D0,7375,2.586251487094605e-05,0.0,legit,0
810EFAFA0,7376,5.17250297418921e-05,0.0,legit,0
810F044B0,7377,2.586251487094605e-05,0.0,legit,0
810F0A980,7378,2.586251487094605e-05,0.0,legit,0
810F0F2D0,7379,2.586251487094605e-05,0.0,legit,0
810F101A0,7380,2.586251487094605e-05,0.0,legit,0
810F17D90,7381,2.586251487094605e-05,0.0,legit,0
810F1CC80,7382,5.17250297418921e-05,0.0,legit,0
810F256A0,7383,5.17250297418921e-05,0.0,legit,0
810F42C20,7384,5.17250297418921e-05,0.0,legit,0
810F4A610,7385,2.586251487094605e-05,0.0,legit,0
810F51410,7386,2.586251487094605e-05,0.0,legit,0
810F56770,7387,5.17250297418921e-05,0.0,legit,0
810F64E80,7388,2.586251487094605e-05,0.0,legit,0
810F70B30,7389,5.17250297418921e-05,0.0,legit,0
810F89480,7390,5.17250297418921e-05,0.0,legit,0
810F8B780,7391,2.586251487094605e-05,0.0,legit,0
810F9B790,7392,7.758754461283815e-05,0.0,legit,0
810F9CA40,7393,2.586251487094605e-05,0.0,legit,0
810FA4A40,7394,2.586251487094605e-05,0.0,legit,0
810FADC20,7395,5.17250297418921e-05,1.72421225052804e-08,legit,0
810FCDC80,7396,2.586251487094605e-05,0.0,legit,0
810FDAC50,7397,2.586251487094605e-05,0.0,legit,0
810FF49C0,7398,2.586251487094605e-05,0.0,legit,0
81100F290,7399,2.586251487094605e-05,0.0,legit,0
811016800,7400,2.586251487094605e-05,0.0,legit,0
81102D8F0,7401,2.586251487094605e-05,0.0,legit,0
811055FB0,7402,5.17250297418921e-05,0.0,legit,0
811060B30,7403,7.758754461283815e-05,3.44842450105608e-08,legit,0
811064410,7404,7.758754461283815e-05,3.44842450105608e-08,legit,0
811076030,7405,5.17250297418921e-05,0.0,legit,0
811076530,7406,5.17250297418921e-05,0.0,legit,0
81107DB70,7407,2.586251487094605e-05,0.0,legit,0
8110A6CC0,7408,5.17250297418921e-05,0.0,legit,0
8110AAEE0,7409,5.17250297418921e-05,0.0,legit,0
8110ABEE0,7410,2.586251487094605e-05,0.0,legit,0
8110B7630,7411,2.586251487094605e-05,0.0,legit,0
8110BE6B0,7412,7.758754461283815e-05,0.0,legit,0
8110C7560,7413,2.586251487094605e-05,0.0,legit,0
811105860,7414,2.586251487094605e-05,0.0,legit,0
811106F30,167,7.758754461283815e-05,1.5345489029699558e-05,legit,1
81110B3A0,7415,5.17250297418921e-05,0.0,legit,0
811119280,7416,5.17250297418921e-05,0.0,legit,0
811123FB0,7417,2.586251487094605e-05,0.0,legit,0
81112A130,7418,5.17250297418921e-05,0.0,legit,0
8111349E0,7419,5.17250297418921e-05,0.0,legit,0
8111350D0,7420,2.586251487094605e-05,0.0,legit,0
811139990,7421,2.586251487094605e-05,0.0,legit,0
8111475B0,7422,5.17250297418921e-05,1.72421225052804e-08,legit,0
8111477A0,7423,2.586251487094605e-05,0.0,legit,0
81114B490,7424,2.586251487094605e-05,0.0,legit,0
811176280,7425,5.17250297418921e-05,0.0,legit,0
81117A760,7426,5.17250297418921e-05,3.44842450105608e-08,legit,0
811187CF0,7427,2.586251487094605e-05,0.0,legit,0
811193C30,7428,2.586251487094605e-05,0.0,legit,0
811194540,7429,2.586251487094605e-05,0.0,legit,0
81119A300,7430,5.17250297418921e-05,0.0,legit,0
81119B6E0,7431,5.17250297418921e-05,0.0,legit,0
81119D320,7432,2.586251487094605e-05,0.0,legit,0
8111A8DB0,7433,2.586251487094605e-05,0.0,legit,0
8111B6700,7434,7.758754461283815e-05,0.0,legit,0
8111D5450,7435,2.586251487094605e-05,0.0,legit,0
8111D85A0,7436,2.586251487094605e-05,0.0,legit,0
8111DD390,7437,5.17250297418921e-05,0.0,legit,0
8111DFB80,7438,2.586251487094605e-05,0.0,legit,0
8111EF320,7439,5.17250297418921e-05,0.0,legit,0
8111F2470,7440,2.586251487094605e-05,0.0,legit,0
8111F82D0,7441,2.586251487094605e-05,0.0,legit,0
8111F98D0,7442,5.17250297418921e-05,0.0,legit,0
8111FEED0,7443,5.17250297418921e-05,0.0,legit,0
811208390,7444,5.17250297418921e-05,0.0,legit,0
811209BE0,7445,5.17250297418921e-05,0.0,legit,0
811211620,7446,2.586251487094605e-05,0.0,legit,0
8112351A0,7447,2.586251487094605e-05,0.0,legit,0
811235C00,7448,2.586251487094605e-05,0.0,legit,0
81123BE30,7449,2.586251487094605e-05,0.0,legit,0
8112435C0,7450,5.17250297418921e-05,0.0,legit,0
811257F00,7451,2.586251487094605e-05,0.0,legit,0
811258340,7452,5.17250297418921e-05,0.0,legit,0
81125B7D0,7453,2.586251487094605e-05,0.0,legit,0
8112628E0,7454,2.586251487094605e-05,0.0,legit,0
8112704E0,7455,2.586251487094605e-05,0.0,legit,0
811284B90,7456,2.586251487094605e-05,0.0,legit,0
811285820,7457,7.758754461283815e-05,0.0,legit,0
81128DA50,7458,2.586251487094605e-05,0.0,legit,0
8112A3630,7459,5.17250297418921e-05,0.0,legit,0
8112A7AA0,7460,2.586251487094605e-05,0.0,legit,0
8112A9A20,7461,2.586251487094605e-05,0.0,legit,0
8112B57F0,7462,2.586251487094605e-05,0.0,legit,0
8112BFD80,3184,5.17250297418921e-05,0.0,legit,0
8112D0050,291,5.17250297418921e-05,7.672744514849779e-06,legit,1
8112E52B0,7463,5.17250297418921e-05,0.0,legit,0
8112E8680,7464,2.586251487094605e-05,0.0,legit,0
8112EE290,7465,2.586251487094605e-05,0.0,legit,0
8112F1EA0,7466,2.586251487094605e-05,0.0,legit,0
8112FAF20,7467,2.586251487094605e-05,0.0,legit,0
811306F60,7468,2.586251487094605e-05,0.0,legit,0
811337E20,7469,2.586251487094605e-05,0.0,legit,0
811346500,7470,5.17250297418921e-05,0.0,legit,0
811348F20,7471,2.586251487094605e-05,0.0,legit,0
811358290,7472,5.17250297418921e-05,0.0,legit,0
81135CE70,7473,2.586251487094605e-05,0.0,legit,0
811360EB0,7474,2.586251487094605e-05,0.0,legit,0
8113613B0,7475,2.586251487094605e-05,0.0,legit,0
811366B50,7476,2.586251487094605e-05,0.0,legit,0
81136AEE0,7477,5.17250297418921e-05,0.0,legit,0
811376D10,7478,2.586251487094605e-05,0.0,legit,0
811378110,7479,5.17250297418921e-05,0.0,legit,0
81137B310,7480,5.17250297418921e-05,0.0,legit,0
81137F630,7481,2.586251487094605e-05,0.0,legit,0
811389AB0,7482,2.586251487094605e-05,0.0,legit,0
811392150,7483,2.586251487094605e-05,0.0,legit,0
8113AA540,7484,2.586251487094605e-05,0.0,legit,0
8113AE320,7485,7.758754461283815e-05,0.0,legit,0
8113AEB80,7486,2.586251487094605e-05,0.0,legit,0
8113BCC70,7487,2.586251487094605e-05,0.0,legit,0
8113C5D10,7488,2.586251487094605e-05,0.0,legit,0
8113C7AE0,7489,2.586251487094605e-05,0.0,legit,0
8113C8560,7490,5.17250297418921e-05,0.0,legit,0
8113E0700,3110,5.17250297418921e-05,0.0,legit,0
8113E4560,5461,5.17250297418921e-05,0.0,legit,0
811405510,7491,2.586251487094605e-05,0.0,legit,0
8114249C0,7492,5.17250297418921e-05,0.0,legit,0
811428DC0,7493,2.586251487094605e-05,0.0,legit,0
811436380,7494,5.17250297418921e-05,0.0,legit,0
81143CA70,7495,2.586251487094605e-05,0.0,legit,0
8114472D0,7496,5.17250297418921e-05,0.0,legit,0
811454760,7497,2.586251487094605e-05,0.0,legit,0
811455500,7498,5.17250297418921e-05,0.0,legit,0
811456790,7499,2.586251487094605e-05,0.0,legit,0
8114590F0,7500,5.17250297418921e-05,0.0,legit,0
81145D9F0,7501,2.586251487094605e-05,0.0,legit,0
811462E00,7502,2.586251487094605e-05,0.0,legit,0
81146F390,7503,2.586251487094605e-05,0.0,legit,0
811474B50,7504,2.586251487094605e-05,0.0,legit,0
811476EF0,7505,2.586251487094605e-05,0.0,legit,0
811483E20,7506,2.586251487094605e-05,0.0,legit,0
81149A0E0,7507,5.17250297418921e-05,0.0,legit,0
8114B5010,7508,2.586251487094605e-05,0.0,legit,0
8114B6E60,7509,2.586251487094605e-05,0.0,legit,0
8114BCCE0,7510,7.758754461283815e-05,0.0,legit,0
8114C2920,7511,2.586251487094605e-05,0.0,legit,0
8114C2C00,7512,7.758754461283815e-05,0.0,legit,0
8114C9990,7513,2.586251487094605e-05,0.0,legit,0
8114D40F0,7514,2.586251487094605e-05,0.0,legit,0
8114D55D0,7515,2.586251487094605e-05,0.0,legit,0
8114E42F0,7516,5.17250297418921e-05,0.0,legit,0
8114EB6E0,7517,5.17250297418921e-05,0.0,legit,0
8114EE600,7518,5.17250297418921e-05,0.0,legit,0
8114F18E0,7519,2.586251487094605e-05,0.0,legit,0
8114FBAD0,7520,2.586251487094605e-05,0.0,legit,0
8114FC440,7521,2.586251487094605e-05,0.0,legit,0
811502350,7522,2.586251487094605e-05,0.0,legit,0
811507F50,7523,7.758754461283815e-05,3.44842450105608e-08,legit,0
811509FE0,7524,5.17250297418921e-05,0.0,legit,0
811510440,7525,2.586251487094605e-05,0.0,legit,0
811510A90,7526,5.17250297418921e-05,0.0,legit,0
81151BAA0,7527,2.586251487094605e-05,0.0,legit,0
811545240,7528,5.17250297418921e-05,0.0,legit,0
8115562D0,7529,2.586251487094605e-05,0.0,legit,0
81155A330,7530,2.586251487094605e-05,0.0,legit,0
81155E600,7531,2.586251487094605e-05,0.0,legit,0
81155F520,7532,2.586251487094605e-05,0.0,legit,0
811578430,7533,5.17250297418921e-05,0.0,legit,0
81157ABA0,7534,2.586251487094605e-05,0.0,legit,0
811591C30,7535,2.586251487094605e-05,0.0,legit,0
81159F280,7536,2.586251487094605e-05,0.0,legit,0
8115AAB20,7537,2.586251487094605e-05,0.0,legit,0
8115ADF70,7538,2.586251487094605e-05,0.0,legit,0
8115AE5D0,7539,2.586251487094605e-05,0.0,legit,0
8115AE830,7540,5.17250297418921e-05,0.0,legit,0
8115CCC10,7541,5.17250297418921e-05,0.0,legit,0
8115CF0B0,7542,2.586251487094605e-05,0.0,legit,0
8115D43E0,7543,5.17250297418921e-05,0.0,legit,0
8115DDA90,7544,5.17250297418921e-05,0.0,legit,0
8115DE6A0,7545,2.586251487094605e-05,0.0,legit,0
8115E00F0,7546,2.586251487094605e-05,0.0,legit,0
8115E9030,7547,2.586251487094605e-05,0.0,legit,0
8115E9F40,7548,5.17250297418921e-05,1.72421225052804e-08,legit,0
8115F15E0,7549,2.586251487094605e-05,0.0,legit,0
8115F2C20,7550,2.586251487094605e-05,0.0,legit,0
8115F3F20,7551,5.17250297418921e-05,0.0,legit,0
8115FB9D0,7552,2.586251487094605e-05,0.0,legit,0
811602AB0,7553,2.586251487094605e-05,0.0,legit,0
811616CA0,7554,2.586251487094605e-05,0.0,legit,0
81162EED0,7555,2.586251487094605e-05,0.0,legit,0
81164ADA0,7556,2.586251487094605e-05,0.0,legit,0
811654390,7557,5.17250297418921e-05,0.0,legit,0
811655F80,7558,2.586251487094605e-05,0.0,legit,0
811658250,7559,5.17250297418921e-05,0.0,legit,0
811658CC0,7560,2.586251487094605e-05,0.0,legit,0
811660940,7561,2.586251487094605e-05,0.0,legit,0
81166BE40,7562,2.586251487094605e-05,0.0,legit,0
81166EDB0,7563,5.17250297418921e-05,0.0,legit,0
811697E50,7564,7.758754461283815e-05,0.0,legit,0
81169C550,7565,7.758754461283815e-05,0.0,legit,0
81169ED80,7566,2.586251487094605e-05,0.0,legit,0
8116B3090,7567,2.586251487094605e-05,0.0,legit,0
8116B4BC0,7568,5.17250297418921e-05,0.0,legit,0
8116B4C10,7569,5.17250297418921e-05,0.0,legit,0
8116C41D0,7570,2.586251487094605e-05,0.0,legit,0
8116C9D00,7571,2.586251487094605e-05,0.0,legit,0
8116CB9A0,7572,2.586251487094605e-05,0.0,legit,0
8116CDD50,7573,5.17250297418921e-05,0.0,legit,0
8116DA490,7574,2.586251487094605e-05,0.0,legit,0
8116DEB80,7575,5.17250297418921e-05,0.0,legit,0
8116E7010,7576,2.586251487094605e-05,0.0,legit,0
8116EA2A0,7577,2.586251487094605e-05,0.0,legit,0
811709840,7578,2.586251487094605e-05,0.0,legit,0
811710350,7579,2.586251487094605e-05,0.0,legit,0
81171F3C0,7580,2.586251487094605e-05,0.0,legit,0
811726590,7581,2.586251487094605e-05,0.0,legit,0
811735700,7582,5.17250297418921e-05,0.0,legit,0
81173C070,7583,2.586251487094605e-05,0.0,legit,0
81173E920,7584,5.17250297418921e-05,0.0,legit,0
8117436B0,7585,2.586251487094605e-05,0.0,legit,0
811743880,7586,2.586251487094605e-05,0.0,legit,0
81174D7C0,7587,2.586251487094605e-05,0.0,legit,0
811754D30,7588,2.586251487094605e-05,0.0,legit,0
81175E4F0,7589,5.17250297418921e-05,0.0,legit,0
811771520,7590,2.586251487094605e-05,0.0,legit,0
811772810,7591,2.586251487094605e-05,0.0,legit,0
8117769F0,7592,2.586251487094605e-05,0.0,legit,0
81177B3C0,7593,2.586251487094605e-05,0.0,legit,0
81177C830,7594,5.17250297418921e-05,0.0,legit,0
811785FF0,7595,7.758754461283815e-05,0.0,legit,0
811786E40,7596,5.17250297418921e-05,0.0,legit,0
8117ACC00,7597,2.586251487094605e-05,0.0,legit,0
8117BEFF0,7598,2.586251487094605e-05,0.0,legit,0
8117CABF0,7599,5.17250297418921e-05,0.0,legit,0
8117D2910,7600,2.586251487094605e-05,0.0,legit,0
8117D95A0,7601,5.17250297418921e-05,0.0,legit,0
8117F1890,7602,7.758754461283815e-05,0.0,legit,0
8117F8AA0,7603,5.17250297418921e-05,0.0,legit,0
8117FEC60,7604,2.586251487094605e-05,0.0,legit,0
8118068A0,7605,2.586251487094605e-05,0.0,legit,0
8118087A0,7606,2.586251487094605e-05,0.0,legit,0
811814EE0,7607,2.586251487094605e-05,0.0,legit,0
811817DC0,7608,2.586251487094605e-05,0.0,legit,0
811824FF0,7609,5.17250297418921e-05,0.0,legit,0
81182F700,7610,2.586251487094605e-05,0.0,legit,0
81183BF60,7611,2.586251487094605e-05,0.0,legit,0
81184A350,7612,2.586251487094605e-05,0.0,legit,0
81186B550,7613,2.586251487094605e-05,0.0,legit,0
811874830,7614,5.17250297418921e-05,0.0,legit,0
811878C00,7615,2.586251487094605e-05,0.0,legit,0
81189D1C0,7616,2.586251487094605e-05,0.0,legit,0
8118A1AB0,7617,2.586251487094605e-05,0.0,legit,0
8118A3750,7618,5.17250297418921e-05,0.0,legit,0
8118C2650,7619,2.586251487094605e-05,0.0,legit,0
8118C2830,7620,5.17250297418921e-05,1.72421225052804e-08,legit,0
8118C6040,7621,5.17250297418921e-05,0.0,legit,0
8118CB020,7622,2.586251487094605e-05,0.0,legit,0
8118CD320,7623,2.586251487094605e-05,0.0,legit,0
8118D68C0,7624,5.17250297418921e-05,0.0,legit,0
8118DC220,7625,2.586251487094605e-05,0.0,legit,0
8118E4EF0,7626,2.586251487094605e-05,0.0,legit,0
8118F4AF0,7627,2.586251487094605e-05,0.0,legit,0
8118F6210,7628,5.17250297418921e-05,0.0,legit,0
81191C1A0,7629,2.586251487094605e-05,0.0,legit,0
811944C10,7630,5.17250297418921e-05,0.0,legit,0
811962AA0,7631,2.586251487094605e-05,0.0,legit,0
811967910,7632,2.586251487094605e-05,0.0,legit,0
81196DFE0,7633,2.586251487094605e-05,0.0,legit,0
81196F680,854,5.17250297418921e-05,0.0,legit,0
811974B40,7634,2.586251487094605e-05,0.0,legit,0
81197EBB0,7635,5.17250297418921e-05,0.0,legit,0
811980C80,7636,7.758754461283815e-05,0.0,legit,0
8119984D0,7637,2.586251487094605e-05,0.0,legit,0
8119A40B0,7638,5.17250297418921e-05,0.0,legit,0
8119A59C0,7639,5.17250297418921e-05,1.72421225052804e-08,legit,0
8119C0C00,7640,2.586251487094605e-05,0.0,legit,0
8119CC700,7641,2.586251487094605e-05,0.0,legit,0
8119D2900,7642,2.586251487094605e-05,0.0,legit,0
8119D35F0,7643,2.586251487094605e-05,0.0,legit,0
811A026A0,7644,5.17250297418921e-05,0.0,legit,0
811A1E660,7645,2.586251487094605e-05,0.0,legit,0
811A1EC70,7646,2.586251487094605e-05,0.0,legit,0
811A241B0,7647,2.586251487094605e-05,0.0,legit,0
811A3ED90,7648,2.586251487094605e-05,0.0,legit,0
811A847A0,7649,5.17250297418921e-05,1.72421225052804e-08,legit,0
811A86570,7650,2.586251487094605e-05,0.0,legit,0
811A98760,7651,2.586251487094605e-05,0.0,legit,0
811AB0010,7652,7.758754461283815e-05,0.0,legit,0
811AB1E60,7653,2.586251487094605e-05,0.0,legit,0
811ABBE80,7654,2.586251487094605e-05,0.0,legit,0
811ABFDD0,7655,2.586251487094605e-05,0.0,legit,0
811AD81F0,7656,2.586251487094605e-05,0.0,legit,0
811AD8EE0,7657,5.17250297418921e-05,0.0,legit,0
811ADB830,7658,2.586251487094605e-05,0.0,legit,0
811B08A70,7659,7.758754461283815e-05,0.0,legit,0
811B113E0,7660,2.586251487094605e-05,0.0,legit,0
811B20180,7661,5.17250297418921e-05,0.0,legit,0
811B393A0,7662,2.586251487094605e-05,0.0,legit,0
811B470B0,7663,2.586251487094605e-05,0.0,legit,0
811B49E20,7664,2.586251487094605e-05,0.0,legit,0
811B756D0,7665,2.586251487094605e-05,0.0,legit,0
811B76270,7666,2.586251487094605e-05,0.0,legit,0
811B82650,1195,7.758754461283815e-05,0.0,legit,1
811B8F2C0,7667,2.586251487094605e-05,0.0,legit,0
811BC1590,7668,2.586251487094605e-05,0.0,legit,0
811BC8390,7669,5.17250297418921e-05,0.0,legit,0
811BCA8D1,7670,2.586251487094605e-05,0.0,legit,0
811BD1EE0,7671,2.586251487094605e-05,0.0,legit,0
811BDC160,7672,2.586251487094605e-05,0.0,legit,0
811BE0F00,7673,2.586251487094605e-05,0.0,legit,0
811BE6A40,7674,2.586251487094605e-05,0.0,legit,0
811BF0800,7675,5.17250297418921e-05,0.0,legit,0
811BF7DE0,7676,2.586251487094605e-05,0.0,legit,0
811C057E0,7677,2.586251487094605e-05,0.0,legit,0
811C10D30,7678,5.17250297418921e-05,0.0,legit,0
811C126E0,7679,5.17250297418921e-05,0.0,legit,0
811C23110,7680,2.586251487094605e-05,0.0,legit,0
811C24190,7681,5.17250297418921e-05,0.0,legit,0
811C29E70,7682,5.17250297418921e-05,1.72421225052804e-08,legit,0
811C318A0,7683,2.586251487094605e-05,0.0,legit,0
811C34DD0,7684,5.17250297418921e-05,0.0,legit,0
811C5B770,7685,5.17250297418921e-05,0.0,legit,0
811C5F1A0,7686,2.586251487094605e-05,0.0,legit,0
811C67370,7687,2.586251487094605e-05,0.0,legit,0
811C78E60,7688,2.586251487094605e-05,0.0,legit,0
811C7ED40,7689,2.586251487094605e-05,0.0,legit,0
811C88660,7690,5.17250297418921e-05,0.0,legit,0
811C8F8E0,7691,5.17250297418921e-05,0.0,legit,0
811C97AC0,7692,5.17250297418921e-05,0.0,legit,0
811C9ED80,7693,2.586251487094605e-05,0.0,legit,0
811CA5BD0,7694,2.586251487094605e-05,0.0,legit,0
811CB00E0,7695,2.586251487094605e-05,0.0,legit,0
811CBFBB0,7696,7.758754461283815e-05,0.0,legit,0
811CC0470,7697,2.586251487094605e-05,0.0,legit,0
811CC1FC0,7698,2.586251487094605e-05,0.0,legit,0
811CCCA30,7699,2.586251487094605e-05,0.0,legit,0
811CE4410,7700,2.586251487094605e-05,0.0,legit,0
811CE7260,7701,2.586251487094605e-05,0.0,legit,0
811D0A3D0,7702,2.586251487094605e-05,0.0,legit,0
811D0C780,7703,5.17250297418921e-05,0.0,legit,0
811D19810,7704,2.586251487094605e-05,0.0,legit,0
811D1A2D0,7705,2.586251487094605e-05,0.0,legit,0
811D1B9F0,7706,2.586251487094605e-05,0.0,legit,0
811D2D320,7707,7.758754461283815e-05,0.0,legit,0
811D3CB10,7708,5.17250297418921e-05,0.0,legit,0
811D3E820,7709,2.586251487094605e-05,0.0,legit,0
811D4BDC0,7710,2.586251487094605e-05,0.0,legit,0
811D56B90,7711,2.586251487094605e-05,0.0,legit,0
811D59260,7712,2.586251487094605e-05,0.0,legit,0
811D6EFF0,7713,2.586251487094605e-05,0.0,legit,0
811D7A050,7714,7.758754461283815e-05,3.44842450105608e-08,legit,0
811DC2D20,7715,5.17250297418921e-05,0.0,legit,0
811DCFBF0,7716,5.17250297418921e-05,0.0,legit,0
811DD4070,7717,2.586251487094605e-05,0.0,legit,0
811DDBC30,7718,5.17250297418921e-05,0.0,legit,0
811DDC9F0,7719,5.17250297418921e-05,0.0,legit,0
811DF4BB0,7720,5.17250297418921e-05,0.0,legit,0
811DF5690,7721,2.586251487094605e-05,0.0,legit,0
811DF71F0,7722,2.586251487094605e-05,0.0,legit,0
811DFB4C0,7723,2.586251487094605e-05,0.0,legit,0
811E04670,7724,2.586251487094605e-05,0.0,legit,0
811E18FD0,7725,7.758754461283815e-05,0.0,legit,0
811E1B560,7726,2.586251487094605e-05,0.0,legit,0
811E20FB0,7727,2.586251487094605e-05,0.0,legit,0
811E314F0,7728,2.586251487094605e-05,0.0,legit,0
811E3DAD0,7729,2.586251487094605e-05,0.0,legit,0
811E49370,7730,2.586251487094605e-05,0.0,legit,0
811E6E460,7731,2.586251487094605e-05,0.0,legit,0
811E71F70,7732,5.17250297418921e-05,0.0,legit,0
811E96DA0,7733,2.586251487094605e-05,0.0,legit,0
811E9AE20,7734,2.586251487094605e-05,0.0,legit,0
811EAFFA0,7735,5.17250297418921e-05,1.72421225052804e-08,legit,0
811EB9810,7736,5.17250297418921e-05,1.72421225052804e-08,legit,0
811EC96C0,7737,5.17250297418921e-05,0.0,legit,0
811ECCA30,7738,5.17250297418921e-05,0.0,legit,0
811ED8560,7739,2.586251487094605e-05,0.0,legit,0
811EE4950,7740,2.586251487094605e-05,0.0,legit,0
811EF8160,7741,5.17250297418921e-05,0.0,legit,0
811F08EE0,7742,2.586251487094605e-05,0.0,legit,0
811F0EB30,7743,5.17250297418921e-05,0.0,legit,0
811F17F10,7744,5.17250297418921e-05,0.0,legit,0
811F20910,7745,2.586251487094605e-05,0.0,legit,0
811F23840,7746,2.586251487094605e-05,0.0,legit,0
811F40D70,7747,5.17250297418921e-05,0.0,legit,0
811F545C0,7748,2.586251487094605e-05,0.0,legit,0
811F5A9C0,7749,2.586251487094605e-05,0.0,legit,0
811F5B4E0,7750,2.586251487094605e-05,0.0,legit,0
811F5C4A0,7751,2.586251487094605e-05,0.0,legit,0
811F60A50,7752,5.17250297418921e-05,0.0,legit,0
811F7D5D0,7753,2.586251487094605e-05,0.0,legit,0
811F84B10,7754,2.586251487094605e-05,0.0,legit,0
811F92600,7755,2.586251487094605e-05,0.0,legit,0
811FCE200,7756,7.758754461283815e-05,0.0,legit,0
811FCEDF0,7757,2.586251487094605e-05,0.0,legit,0
811FD2C60,7758,2.586251487094605e-05,0.0,legit,0
811FD71D0,7759,7.758754461283815e-05,0.0,legit,0
811FE1EE0,7760,2.586251487094605e-05,0.0,legit,0
811FE3970,7761,5.17250297418921e-05,1.72421225052804e-08,legit,0
811FF7610,7762,2.586251487094605e-05,0.0,legit,0
811FF8F00,7763,2.586251487094605e-05,0.0,legit,0
8120051E0,7764,2.586251487094605e-05,0.0,legit,0
81200F6C0,7765,5.17250297418921e-05,0.0,legit,0
8120167C0,7766,2.586251487094605e-05,0.0,legit,0
81201A880,7767,2.586251487094605e-05,0.0,legit,0
812029790,7768,5.17250297418921e-05,1.72421225052804e-08,legit,0
812034310,7769,2.586251487094605e-05,0.0,legit,0
812039C80,7770,5.17250297418921e-05,0.0,legit,0
81204D150,7771,2.586251487094605e-05,0.0,legit,0
81204D400,7772,2.586251487094605e-05,0.0,legit,0
812051390,7773,2.586251487094605e-05,0.0,legit,0
812056C30,7774,2.586251487094605e-05,0.0,legit,0
812056DC0,7775,2.586251487094605e-05,0.0,legit,0
812060BD0,7776,5.17250297418921e-05,1.72421225052804e-08,legit,0
812064A90,7777,5.17250297418921e-05,0.0,legit,0
812064CC0,7778,2.586251487094605e-05,0.0,legit,0
812066590,7779,7.758754461283815e-05,0.0,legit,0
81206EA30,7780,5.17250297418921e-05,0.0,legit,0
81208CA90,7781,2.586251487094605e-05,0.0,legit,0
81209DD20,7782,2.586251487094605e-05,0.0,legit,0
81209EF80,7783,5.17250297418921e-05,0.0,legit,0
8120B41A0,7784,2.586251487094605e-05,0.0,legit,0
8120D1120,7785,5.17250297418921e-05,0.0,legit,0
8120D4010,7786,2.586251487094605e-05,0.0,legit,0
8120D8640,7787,2.586251487094605e-05,0.0,legit,0
8120E45D0,7788,2.586251487094605e-05,0.0,legit,0
8120F2980,7789,2.586251487094605e-05,0.0,legit,0
8120F2E50,7790,2.586251487094605e-05,0.0,legit,0
81211A290,7791,2.586251487094605e-05,0.0,legit,0
812159090,7792,7.758754461283815e-05,0.0,legit,0
81215B660,7793,2.586251487094605e-05,0.0,legit,0
8121639A0,7794,2.586251487094605e-05,0.0,legit,0
812171C10,7795,2.586251487094605e-05,0.0,legit,0
81218E830,7796,5.17250297418921e-05,0.0,legit,0
8121901C0,7797,2.586251487094605e-05,0.0,legit,0
812198340,7798,2.586251487094605e-05,0.0,legit,0
81219E470,7799,2.586251487094605e-05,0.0,legit,0
8121BEB80,7800,2.586251487094605e-05,0.0,legit,0
8121D60D0,7801,2.586251487094605e-05,0.0,legit,0
8121D8B20,7802,2.586251487094605e-05,0.0,legit,0
8121F87F0,7803,5.17250297418921e-05,0.0,legit,0
8121FFAF0,7804,5.17250297418921e-05,0.0,legit,0
8121FFB40,7805,2.586251487094605e-05,0.0,legit,0
812209450,7806,2.586251487094605e-05,0.0,legit,0
812210CB0,7807,5.17250297418921e-05,0.0,legit,0
812230D30,7808,2.586251487094605e-05,0.0,legit,0
812237290,7809,2.586251487094605e-05,0.0,legit,0
812239400,7810,5.17250297418921e-05,0.0,legit,0
812244DD0,7811,2.586251487094605e-05,0.0,legit,0
812254000,7812,5.17250297418921e-05,0.0,legit,0
8122582C0,7813,2.586251487094605e-05,0.0,legit,0
812287B00,7814,2.586251487094605e-05,0.0,legit,0
8122911A0,7815,5.17250297418921e-05,0.0,legit,0
812291330,7816,2.586251487094605e-05,0.0,legit,0
812292690,7817,2.586251487094605e-05,0.0,legit,0
812294900,7818,2.586251487094605e-05,0.0,legit,0
812299AD0,7819,2.586251487094605e-05,0.0,legit,0
81229C420,7820,2.586251487094605e-05,0.0,legit,0
81229C4C0,7821,2.586251487094605e-05,0.0,legit,0
8122A0B90,7822,5.17250297418921e-05,0.0,legit,0
8122B0CC0,7823,2.586251487094605e-05,0.0,legit,0
8122C52C0,7824,2.586251487094605e-05,0.0,legit,0
8122DB4A0,7825,5.17250297418921e-05,0.0,legit,0
8122DD630,7826,7.758754461283815e-05,0.0,legit,0
8122E21D0,7827,5.17250297418921e-05,1.72421225052804e-08,legit,0
812300180,7828,2.586251487094605e-05,0.0,legit,0
812304260,7829,2.586251487094605e-05,0.0,legit,0
81230C880,7830,5.17250297418921e-05,0.0,legit,0
81230E7A0,7831,5.17250297418921e-05,0.0,legit,0
812315E30,7832,5.17250297418921e-05,0.0,legit,0
81233DF50,7833,5.17250297418921e-05,0.0,legit,0
812343D50,7834,2.586251487094605e-05,0.0,legit,0
812363700,7835,2.586251487094605e-05,0.0,legit,0
81236A840,7836,2.586251487094605e-05,0.0,legit,0
812373FE0,7837,5.17250297418921e-05,0.0,legit,0
81237E7D0,7838,2.586251487094605e-05,0.0,legit,0
812381A90,7839,5.17250297418921e-05,0.0,legit,0
812394000,7840,7.758754461283815e-05,0.0,legit,0
8123C14A0,7841,5.17250297418921e-05,0.0,legit,0
8123D2250,7842,2.586251487094605e-05,0.0,legit,0
8123D7550,7843,2.586251487094605e-05,0.0,legit,0
8123DBCF0,7844,2.586251487094605e-05,0.0,legit,0
8123E88A0,7845,2.586251487094605e-05,0.0,legit,0
8123ECB90,7846,2.586251487094605e-05,0.0,legit,0
8123ED060,7847,2.586251487094605e-05,0.0,legit,0
8123F6310,7848,2.586251487094605e-05,0.0,legit,0
81241FA10,7849,2.586251487094605e-05,0.0,legit,0
8124217D0,7850,2.586251487094605e-05,0.0,legit,0
8124310B0,7851,2.586251487094605e-05,0.0,legit,0
81243A060,7852,2.586251487094605e-05,0.0,legit,0
81243A0B0,7853,5.17250297418921e-05,0.0,legit,0
81243B970,7854,2.586251487094605e-05,0.0,legit,0
81243ED40,7855,2.586251487094605e-05,0.0,legit,0
8124412A0,7856,2.586251487094605e-05,0.0,legit,0
812442DF0,7857,2.586251487094605e-05,0.0,legit,0
8124459E0,7858,2.586251487094605e-05,0.0,legit,0
812446AD0,7859,2.586251487094605e-05,0.0,legit,0
812451700,7860,2.586251487094605e-05,0.0,legit,0
81245E3C0,7861,2.586251487094605e-05,0.0,legit,0
812472730,7862,5.17250297418921e-05,1.72421225052804e-08,legit,0
81247C520,7863,2.586251487094605e-05,0.0,legit,0
81248E060,7864,7.758754461283815e-05,0.0,legit,0
8124A60F0,7865,2.586251487094605e-05,0.0,legit,0
8124A8220,7866,2.586251487094605e-05,0.0,legit,0
8124A95E0,7867,5.17250297418921e-05,0.0,legit,0
8124BE6B0,7868,2.586251487094605e-05,0.0,legit,0
8124C0640,7869,2.586251487094605e-05,0.0,legit,0
8124C1470,7870,2.586251487094605e-05,0.0,legit,0
8124C2ED0,7871,5.17250297418921e-05,0.0,legit,0
8124C38A0,7872,2.586251487094605e-05,0.0,legit,0
8124C4580,7873,2.586251487094605e-05,0.0,legit,0
8124CF5E0,7874,2.586251487094605e-05,0.0,legit,0
8124D9050,7875,2.586251487094605e-05,0.0,legit,0
8124DD5E0,7876,5.17250297418921e-05,0.0,legit,0
8124F3C90,7877,2.586251487094605e-05,0.0,legit,0
8124F7C00,7878,5.17250297418921e-05,0.0,legit,0
812507580,7879,2.586251487094605e-05,0.0,legit,0
8125332E0,7880,2.586251487094605e-05,0.0,legit,0
812535760,7881,5.17250297418921e-05,0.0,legit,0
81253E390,7882,2.586251487094605e-05,0.0,legit,0
812543110,7883,5.17250297418921e-05,0.0,legit,0
812550770,7884,2.586251487094605e-05,0.0,legit,0
81255D3A0,7885,2.586251487094605e-05,0.0,legit,0
81255DD80,7886,2.586251487094605e-05,0.0,legit,0
812586310,7887,2.586251487094605e-05,0.0,legit,0
81258E3B0,7888,7.758754461283815e-05,3.44842450105608e-08,legit,0
8125A5A10,7889,5.17250297418921e-05,1.72421225052804e-08,legit,0
8125AE1F0,7890,5.17250297418921e-05,0.0,legit,0
8125B3670,7891,5.17250297418921e-05,0.0,legit,0
8125B3AC0,7892,2.586251487094605e-05,0.0,legit,0
8125BD1B0,7893,2.586251487094605e-05,0.0,legit,0
8125BFDA0,7894,2.586251487094605e-05,0.0,legit,0
8125C05C0,7895,7.758754461283815e-05,0.0,legit,0
8125CED30,7896,5.17250297418921e-05,1.72421225052804e-08,legit,0
8125F7700,7897,2.586251487094605e-05,0.0,legit,0
81261BF80,7898,2.586251487094605e-05,0.0,legit,0
81261DA10,7899,2.586251487094605e-05,0.0,legit,0
81262E480,7900,2.586251487094605e-05,0.0,legit,0
8126317D0,7901,2.586251487094605e-05,0.0,legit,0
812635A90,7902,2.586251487094605e-05,0.0,legit,0
812636880,2804,5.17250297418921e-05,0.0,legit,0
8126383D0,7903,2.586251487094605e-05,0.0,legit,0
81263C0D0,7904,2.586251487094605e-05,0.0,legit,0
812640820,7905,2.586251487094605e-05,0.0,legit,0
812648200,7906,2.586251487094605e-05,0.0,legit,0
812653510,7907,2.586251487094605e-05,0.0,legit,0
812654510,7908,2.586251487094605e-05,0.0,legit,0
8126561F0,7909,2.586251487094605e-05,0.0,legit,0
81265AFE0,7910,5.17250297418921e-05,0.0,legit,0
812665DB0,7911,2.586251487094605e-05,0.0,legit,0
812667780,7912,5.17250297418921e-05,0.0,legit,0
81266D740,7913,2.586251487094605e-05,0.0,legit,0
812689650,7914,5.17250297418921e-05,0.0,legit,0
8126A4090,7915,2.586251487094605e-05,0.0,legit,0
8126A45B0,7916,2.586251487094605e-05,0.0,legit,0
8126AB440,7917,5.17250297418921e-05,1.72421225052804e-08,legit,0
8126C4420,7918,2.586251487094605e-05,0.0,legit,0
8126C6320,7919,2.586251487094605e-05,0.0,legit,0
8126C6A60,7920,2.586251487094605e-05,0.0,legit,0
8126D3980,7921,2.586251487094605e-05,0.0,legit,0
8126D5A20,7922,2.586251487094605e-05,0.0,legit,0
8126ED220,7923,5.17250297418921e-05,0.0,legit,0
8126EF0B0,7924,5.17250297418921e-05,0.0,legit,0
8126EF6A0,7925,2.586251487094605e-05,0.0,legit,0
8126F0420,7926,2.586251487094605e-05,0.0,legit,0
8126F2970,7927,5.17250297418921e-05,0.0,legit,0
8126F3E80,7928,2.586251487094605e-05,0.0,legit,0
8126FA0F0,7929,5.17250297418921e-05,0.0,legit,0
8126FE430,7930,2.586251487094605e-05,0.0,legit,0
81270E260,7931,2.586251487094605e-05,0.0,legit,0
812710180,7932,5.17250297418921e-05,0.0,legit,0
812716B60,7933,2.586251487094605e-05,0.0,legit,0
812718CF0,7934,7.758754461283815e-05,0.0,legit,0
81271CBF0,7935,2.586251487094605e-05,0.0,legit,0
812722E40,7936,2.586251487094605e-05,0.0,legit,0
81272D290,7937,2.586251487094605e-05,0.0,legit,0
8127384C0,7938,2.586251487094605e-05,0.0,legit,0
81273BE10,7939,5.17250297418921e-05,0.0,legit,0
81273BFF0,7940,2.586251487094605e-05,0.0,legit,0
812748090,1582,2.586251487094605e-05,0.0,legit,0
812759470,7941,2.586251487094605e-05,0.0,legit,0
81275EC10,7942,5.17250297418921e-05,0.0,legit,0
812764FA0,7943,2.586251487094605e-05,0.0,legit,0
812772600,7944,2.586251487094605e-05,0.0,legit,0
812792F60,7945,2.586251487094605e-05,0.0,legit,0
8127952E0,7946,2.586251487094605e-05,0.0,legit,0
8127A2FE0,7947,2.586251487094605e-05,0.0,legit,0
8127A77C0,7948,2.586251487094605e-05,0.0,legit,0
8127B4640,7949,2.586251487094605e-05,0.0,legit,0
8127CF9B0,7950,5.17250297418921e-05,0.0,legit,0
8127D15F0,7951,2.586251487094605e-05,0.0,legit,0
8127D5E70,7952,2.586251487094605e-05,0.0,legit,0
8127F6420,1610,2.586251487094605e-05,0.0,legit,0
8127FD7C0,7953,2.586251487094605e-05,0.0,legit,0
812807E50,7954,5.17250297418921e-05,0.0,legit,0
812808770,7955,5.17250297418921e-05,0.0,legit,0
81280BCA0,7956,2.586251487094605e-05,0.0,legit,0
81280C530,7957,2.586251487094605e-05,0.0,legit,0
812815AA0,7958,2.586251487094605e-05,0.0,legit,0
812816720,7959,7.758754461283815e-05,0.0,legit,0
81282C0C0,7960,2.586251487094605e-05,0.0,legit,0
81283E650,7961,5.17250297418921e-05,0.0,legit,0
8128414E0,7962,2.586251487094605e-05,0.0,legit,0
8128435D0,7963,5.17250297418921e-05,0.0,legit,0
812843A40,7964,7.758754461283815e-05,0.0,legit,0
812845390,7965,2.586251487094605e-05,0.0,legit,0
81284FD10,7966,5.17250297418921e-05,1.72421225052804e-08,legit,0
81285F100,7967,5.17250297418921e-05,0.0,legit,0
81285F3B0,7968,2.586251487094605e-05,0.0,legit,0
812865890,1601,5.17250297418921e-05,1.72421225052804e-08,legit,0
8128662F0,7969,2.586251487094605e-05,0.0,legit,0
8128743B0,7970,2.586251487094605e-05,0.0,legit,0
812879F80,7971,2.586251487094605e-05,0.0,legit,0
812896FB0,7972,5.17250297418921e-05,0.0,legit,0
8128A06F0,7973,2.586251487094605e-05,0.0,legit,0
8128AB200,7974,2.586251487094605e-05,0.0,legit,0
8128BD8C0,7975,5.17250297418921e-05,0.0,legit,0
8128C8B00,7976,0.0001034500594837842,0.0,legit,0
8128C9AC0,70,7.758754461283815e-05,1.5345489029699558e-05,legit,1
8128D0310,7977,5.17250297418921e-05,0.0,legit,0
8128D0CC0,7978,5.17250297418921e-05,0.0,legit,0
8128D17E0,7979,2.586251487094605e-05,0.0,legit,0
8128D8960,7980,2.586251487094605e-05,0.0,legit,0
8128EA320,7981,5.17250297418921e-05,0.0,legit,0
8128EE2A0,7982,2.586251487094605e-05,0.0,legit,0
8128FA2A0,7983,2.586251487094605e-05,0.0,legit,0
812907C50,7984,5.17250297418921e-05,0.0,legit,0
812927150,7985,5.17250297418921e-05,0.0,legit,0
81293A170,7986,2.586251487094605e-05,0.0,legit,0
81293A3B0,7987,2.586251487094605e-05,0.0,legit,0
812942870,7988,2.586251487094605e-05,0.0,legit,0
81296F0D0,7989,2.586251487094605e-05,0.0,legit,0
812977D80,7990,2.586251487094605e-05,0.0,legit,0
81297AD60,7991,5.17250297418921e-05,0.0,legit,0
812980B80,7992,2.586251487094605e-05,0.0,legit,0
812999350,7993,2.586251487094605e-05,0.0,legit,0
8129A4FF0,7994,2.586251487094605e-05,0.0,legit,0
8129A9430,7995,2.586251487094605e-05,0.0,legit,0
8129BD3C0,7996,5.17250297418921e-05,0.0,legit,0
8129D2B30,7997,2.586251487094605e-05,0.0,legit,0
8129E4AF0,7998,5.17250297418921e-05,0.0,legit,0
8129F6250,7999,7.758754461283815e-05,0.0,legit,0
812A1B5E0,8000,5.17250297418921e-05,0.0,legit,0
812A27200,8001,2.586251487094605e-05,0.0,legit,0
812A30B90,8002,2.586251487094605e-05,0.0,legit,0
812A3BC30,8003,2.586251487094605e-05,0.0,legit,0
812A3D750,8004,2.586251487094605e-05,0.0,legit,0
812A47BE0,8005,2.586251487094605e-05,0.0,legit,0
812A56C30,8006,5.17250297418921e-05,0.0,legit,0
812A90580,8007,2.586251487094605e-05,0.0,legit,0
812A90D10,8008,2.586251487094605e-05,0.0,legit,0
812A930A0,8009,2.586251487094605e-05,0.0,legit,0
812A95350,8010,2.586251487094605e-05,0.0,legit,0
812A992C0,8011,7.758754461283815e-05,0.0,legit,0
812AA1600,8012,2.586251487094605e-05,0.0,legit,0
812AA8C90,8013,2.586251487094605e-05,0.0,legit,0
812AA9450,8014,2.586251487094605e-05,0.0,legit,0
812AB16A0,8015,2.586251487094605e-05,0.0,legit,0
812AB4860,3383,5.17250297418921e-05,1.72421225052804e-08,legit,0
812AB61C0,8016,2.586251487094605e-05,0.0,legit,0
812AC7450,8017,2.586251487094605e-05,0.0,legit,0
812ACBB40,8018,2.586251487094605e-05,0.0,legit,0
812ACFF50,8019,2.586251487094605e-05,0.0,legit,0
812AD8CB0,8020,2.586251487094605e-05,0.0,legit,0
812AE38D0,8021,5.17250297418921e-05,1.72421225052804e-08,legit,0
812AE59E0,8022,5.17250297418921e-05,0.0,legit,0
812AEBA20,8023,5.17250297418921e-05,1.72421225052804e-08,legit,0
812AECCF0,8024,0.0001034500594837842,0.0,legit,0
812AF3800,8025,7.758754461283815e-05,0.0,legit,0
812B085F0,8026,2.586251487094605e-05,0.0,legit,0
812B0F5C0,8027,7.758754461283815e-05,0.0,legit,0
812B27920,8028,2.586251487094605e-05,0.0,legit,0
812B291A0,8029,5.17250297418921e-05,0.0,legit,0
812B2CAD0,8030,7.758754461283815e-05,0.0,legit,0
812B3E990,8031,5.17250297418921e-05,0.0,legit,0
812B41BD0,8032,2.586251487094605e-05,0.0,legit,0
812B42880,8033,2.586251487094605e-05,0.0,legit,0
812B5D120,8034,5.17250297418921e-05,0.0,legit,0
812B7AF40,8035,5.17250297418921e-05,0.0,legit,0
812B8C820,8036,2.586251487094605e-05,0.0,legit,0
812B95EC0,8037,2.586251487094605e-05,0.0,legit,0
812B990D0,8038,2.586251487094605e-05,0.0,legit,0
812BA4C60,8039,2.586251487094605e-05,0.0,legit,0
812BB2D90,8040,7.758754461283815e-05,0.0,legit,0
812BB5AE0,8041,2.586251487094605e-05,0.0,legit,0
812BD6460,8042,2.586251487094605e-05,0.0,legit,0
812BD9200,8043,2.586251487094605e-05,0.0,legit,0
812BEAC30,8044,2.586251487094605e-05,0.0,legit,0
812C01EB0,8045,2.586251487094605e-05,0.0,legit,0
812C237D0,8046,2.586251487094605e-05,0.0,legit,0
812C276B0,8047,7.758754461283815e-05,0.0,legit,0
812C2CED0,8048,5.17250297418921e-05,1.72421225052804e-08,legit,0
812C62270,8049,2.586251487094605e-05,0.0,legit,0
812C63430,8050,2.586251487094605e-05,0.0,legit,0
812C67290,8051,5.17250297418921e-05,1.72421225052804e-08,legit,0
812C6CD10,8052,5.17250297418921e-05,0.0,legit,0
812C8CD20,8053,2.586251487094605e-05,0.0,legit,0
812C90150,8054,5.17250297418921e-05,0.0,legit,0
812CA9FA0,8055,5.17250297418921e-05,0.0,legit,0
812CC09A0,8056,5.17250297418921e-05,0.0,legit,0
812CDD2E0,8057,2.586251487094605e-05,0.0,legit,0
812CE4AC0,8058,2.586251487094605e-05,0.0,legit,0
812CECCB0,8059,5.17250297418921e-05,0.0,legit,0
812CEF8D0,8060,5.17250297418921e-05,0.0,legit,0
812CF3F90,8061,2.586251487094605e-05,0.0,legit,0
812D00CD0,8062,5.17250297418921e-05,1.72421225052804e-08,legit,0
812D03D90,8063,2.586251487094605e-05,0.0,legit,0
812D08390,8064,2.586251487094605e-05,0.0,legit,0
812D1F4E1,8065,2.586251487094605e-05,0.0,legit,0
812D32E80,8066,2.586251487094605e-05,0.0,legit,0
812D37160,8067,2.586251487094605e-05,0.0,legit,0
812D37E20,8068,2.586251487094605e-05,0.0,legit,0
812D44980,8069,5.17250297418921e-05,0.0,legit,0
812D491C0,8070,2.586251487094605e-05,0.0,legit,0
812D527D0,8071,2.586251487094605e-05,0.0,legit,0
812D57860,8072,5.17250297418921e-05,0.0,legit,0
812D607E0,8073,2.586251487094605e-05,0.0,legit,0
812D69260,8074,2.586251487094605e-05,0.0,legit,0
812D7FC80,8075,2.586251487094605e-05,0.0,legit,0
812D8E580,8076,2.586251487094605e-05,0.0,legit,0
812D97DB0,8077,5.17250297418921e-05,0.0,legit,0
812D989B0,8078,2.586251487094605e-05,0.0,legit,0
812DBEF90,8079,2.586251487094605e-05,0.0,legit,0
812DCD1D0,8080,2.586251487094605e-05,0.0,legit,0
812DE6700,8081,2.586251487094605e-05,0.0,legit,0
812DE76D0,8082,2.586251487094605e-05,0.0,legit,0
812DF4781,8083,5.17250297418921e-05,0.0,legit,0
812DF8140,8084,5.17250297418921e-05,1.72421225052804e-08,legit,0
812E00510,8085,5.17250297418921e-05,0.0,legit,0
812E13630,8086,7.758754461283815e-05,0.0,legit,0
812E21EF0,8087,5.17250297418921e-05,0.0,legit,0
812E22620,8088,2.586251487094605e-05,0.0,legit,0
812E4E870,8089,2.586251487094605e-05,0.0,legit,0
812E5E180,8090,2.586251487094605e-05,0.0,legit,0
812E665F0,8091,5.17250297418921e-05,0.0,legit,0
812E723C0,8092,2.586251487094605e-05,0.0,legit,0
812E7A7B0,8093,5.17250297418921e-05,0.0,legit,0
812E7D950,8094,2.586251487094605e-05,0.0,legit,0
812E7FF40,8095,2.586251487094605e-05,0.0,legit,0
812E8FE50,8096,2.586251487094605e-05,0.0,legit,0
812E90310,8097,2.586251487094605e-05,0.0,legit,0
812EA53D0,8098,7.758754461283815e-05,0.0,legit,0
812EAAE10,8099,5.17250297418921e-05,0.0,legit,0
812EAD750,8100,2.586251487094605e-05,0.0,legit,0
812EAF090,8101,2.586251487094605e-05,0.0,legit,0
812EB02C0,8102,5.17250297418921e-05,0.0,legit,0
812EBAB40,8103,2.586251487094605e-05,0.0,legit,0
812EBDF90,8104,5.17250297418921e-05,1.72421225052804e-08,legit,0
812EBE990,8105,5.17250297418921e-05,0.0,legit,0
812ECC520,8106,2.586251487094605e-05,0.0,legit,0
812EDDBA0,8107,2.586251487094605e-05,0.0,legit,0
812EEBC70,8108,5.17250297418921e-05,1.72421225052804e-08,legit,0
812EF6680,8109,5.17250297418921e-05,0.0,legit,0
812EF9DC0,8110,2.586251487094605e-05,0.0,legit,0
812EFFCF0,8111,0.0001034500594837842,0.0,legit,0
812F03E90,8112,5.17250297418921e-05,0.0,legit,0
812F064C0,8113,7.758754461283815e-05,0.0,legit,0
812F0C1E0,8114,2.586251487094605e-05,0.0,legit,0
812F278F0,8115,2.586251487094605e-05,0.0,legit,0
812F27B80,8116,5.17250297418921e-05,0.0,legit,0
812F2AF00,8117,2.586251487094605e-05,0.0,legit,0
812F2C7C0,8118,2.586251487094605e-05,0.0,legit,0
812F2C9B0,8119,2.586251487094605e-05,0.0,legit,0
812F34700,8120,2.586251487094605e-05,0.0,legit,0
812F35500,8121,2.586251487094605e-05,0.0,legit,0
812F45920,8122,2.586251487094605e-05,0.0,legit,0
812F740B0,8123,2.586251487094605e-05,0.0,legit,0
812F74600,8124,2.586251487094605e-05,0.0,legit,0
812F764D0,4321,5.17250297418921e-05,0.0,legit,0
812F7C370,8125,2.586251487094605e-05,0.0,legit,0
812F97EE0,8126,2.586251487094605e-05,0.0,legit,0
812FAE0F0,8127,5.17250297418921e-05,1.72421225052804e-08,legit,0
812FB9740,8128,5.17250297418921e-05,0.0,legit,0
812FBD6E0,8129,2.586251487094605e-05,0.0,legit,0
812FBF060,8130,5.17250297418921e-05,0.0,legit,0
812FC3B70,8131,2.586251487094605e-05,0.0,legit,0
812FC6F80,8132,2.586251487094605e-05,0.0,legit,0
812FC9590,8133,2.586251487094605e-05,0.0,legit,0
812FD7350,8134,5.17250297418921e-05,1.72421225052804e-08,legit,0
812FD7550,8135,5.17250297418921e-05,0.0,legit,0
812FDDA60,8136,2.586251487094605e-05,0.0,legit,0
812FF2040,8137,2.586251487094605e-05,0.0,legit,0
8130100B0,8138,2.586251487094605e-05,0.0,legit,0
813012B00,8139,2.586251487094605e-05,0.0,legit,0
8130208B0,8140,2.586251487094605e-05,0.0,legit,0
813024B50,8141,2.586251487094605e-05,0.0,legit,0
813027FF0,8142,2.586251487094605e-05,0.0,legit,0
81303B710,8143,2.586251487094605e-05,0.0,legit,0
81303E950,8144,2.586251487094605e-05,0.0,legit,0
813041CA0,8145,5.17250297418921e-05,0.0,legit,0
813052E80,8146,2.586251487094605e-05,0.0,legit,0
8130574D0,8147,2.586251487094605e-05,0.0,legit,0
813062F80,8148,2.586251487094605e-05,0.0,legit,0
8130675A0,8149,2.586251487094605e-05,0.0,legit,0
81307B090,8150,2.586251487094605e-05,0.0,legit,0
81308F760,8151,2.586251487094605e-05,0.0,legit,0
8130953D0,8152,2.586251487094605e-05,0.0,legit,0
81309F520,8153,2.586251487094605e-05,0.0,legit,0
8130A0410,8154,2.586251487094605e-05,0.0,legit,0
8130B34C0,8155,2.586251487094605e-05,0.0,legit,0
8130BF960,5658,0.0001034500594837842,0.0,legit,0
8130CC7E0,8156,7.758754461283815e-05,0.0,legit,0
8130D4F70,8157,5.17250297418921e-05,0.0,legit,0
8130D81E0,8158,2.586251487094605e-05,0.0,legit,0
8130DDC10,8159,5.17250297418921e-05,0.0,legit,0
8130E59E0,8160,2.586251487094605e-05,0.0,legit,0
8130E5E50,8161,5.17250297418921e-05,0.0,legit,0
813105BF0,8162,2.586251487094605e-05,0.0,legit,0
813122730,8163,2.586251487094605e-05,0.0,legit,0
813126520,8164,2.586251487094605e-05,0.0,legit,0
813138510,8165,5.17250297418921e-05,0.0,legit,0
81315EED0,8166,2.586251487094605e-05,0.0,legit,0
813163F60,8167,2.586251487094605e-05,0.0,legit,0
81316EC10,8168,7.758754461283815e-05,0.0,legit,0
81316F000,8169,5.17250297418921e-05,0.0,legit,0
81317D1E0,8170,2.586251487094605e-05,0.0,legit,0
81317D950,8171,5.17250297418921e-05,0.0,legit,0
81317EA90,8172,2.586251487094605e-05,0.0,legit,0
8131AC9C0,8173,7.758754461283815e-05,0.0,legit,0
8131B7C10,8174,5.17250297418921e-05,0.0,legit,0
8131C3E20,8175,5.17250297418921e-05,0.0,legit,0
8131D4CB0,8176,7.758754461283815e-05,0.0,legit,0
8131E2220,8177,2.586251487094605e-05,0.0,legit,0
8131EE620,8178,2.586251487094605e-05,0.0,legit,0
8131FBE10,8179,2.586251487094605e-05,0.0,legit,0
81321AE10,8180,5.17250297418921e-05,0.0,legit,0
81321B970,8181,5.17250297418921e-05,0.0,legit,0
81322AE10,8182,2.586251487094605e-05,0.0,legit,0
813234DE0,8183,5.17250297418921e-05,0.0,legit,0
813259C20,8184,2.586251487094605e-05,0.0,legit,0
813264CA0,8185,2.586251487094605e-05,0.0,legit,0
81326E500,8186,5.17250297418921e-05,0.0,legit,0
8132955A0,8187,2.586251487094605e-05,0.0,legit,0
813295780,8188,2.586251487094605e-05,0.0,legit,0
8132A2760,8189,7.758754461283815e-05,0.0,legit,0
8132A81F0,8190,5.17250297418921e-05,0.0,legit,0
8132C4E70,8191,5.17250297418921e-05,0.0,legit,0
8132CBF20,8192,5.17250297418921e-05,0.0,legit,0
8132CC5B0,8193,2.586251487094605e-05,0.0,legit,0
8132D2E00,8194,2.586251487094605e-05,0.0,legit,0
8132D3270,8195,5.17250297418921e-05,0.0,legit,0
8132D5E50,7780,5.17250297418921e-05,0.0,legit,0
8132DE820,8196,2.586251487094605e-05,0.0,legit,0
81330EA40,8197,2.586251487094605e-05,0.0,legit,0
813310E20,8198,2.586251487094605e-05,0.0,legit,0
813313450,8199,2.586251487094605e-05,0.0,legit,0
813316580,8200,2.586251487094605e-05,0.0,legit,0
813317960,8201,5.17250297418921e-05,0.0,legit,0
813325D60,8202,5.17250297418921e-05,0.0,legit,0
813326EE0,8203,2.586251487094605e-05,0.0,legit,0
81332E080,8204,5.17250297418921e-05,0.0,legit,0
813331850,8205,5.17250297418921e-05,0.0,legit,0
81333B150,3501,0.0001034500594837842,0.0,legit,0
8133456F0,8206,2.586251487094605e-05,0.0,legit,0
813351F60,8207,2.586251487094605e-05,0.0,legit,0
81336B250,8208,2.586251487094605e-05,0.0,legit,0
81336C460,8209,2.586251487094605e-05,0.0,legit,0
8133823F0,8210,2.586251487094605e-05,0.0,legit,0
813397C50,8211,2.586251487094605e-05,0.0,legit,0
8133A4510,8212,7.758754461283815e-05,0.0,legit,0
8133AD370,8213,5.17250297418921e-05,0.0,legit,0
8133B1FA0,8214,2.586251487094605e-05,0.0,legit,0
8133C6040,8215,2.586251487094605e-05,0.0,legit,0
8133D7D40,8216,2.586251487094605e-05,0.0,legit,0
8133F0B40,8217,2.586251487094605e-05,0.0,legit,0
8133F5320,8218,2.586251487094605e-05,0.0,legit,0
8133F7030,8219,5.17250297418921e-05,0.0,legit,0
8133F7DE0,8220,2.586251487094605e-05,0.0,legit,0
8133FB590,8221,2.586251487094605e-05,0.0,legit,0
8133FC1F0,8222,2.586251487094605e-05,0.0,legit,0
813406420,8223,2.586251487094605e-05,0.0,legit,0
8134088D0,8224,0.0001034500594837842,0.0,legit,0
813417A00,8225,5.17250297418921e-05,0.0,legit,0
81341A340,8226,2.586251487094605e-05,0.0,legit,0
8134342C1,8227,2.586251487094605e-05,0.0,legit,0
81345BE90,8228,5.17250297418921e-05,0.0,legit,0
81345E170,3039,5.17250297418921e-05,0.0,legit,0
81346A080,8229,2.586251487094605e-05,0.0,legit,0
813478520,8230,5.17250297418921e-05,0.0,legit,0
81348DB70,8231,2.586251487094605e-05,0.0,legit,0
8134967F0,8232,2.586251487094605e-05,0.0,legit,0
813497860,8233,2.586251487094605e-05,0.0,legit,0
81349E890,8234,2.586251487094605e-05,0.0,legit,0
8134A0240,8235,2.586251487094605e-05,0.0,legit,0
8134AC150,8236,2.586251487094605e-05,0.0,legit,0
8134AFD60,8237,2.586251487094605e-05,0.0,legit,0
8134C7630,8238,2.586251487094605e-05,0.0,legit,0
8134C9690,8239,2.586251487094605e-05,0.0,legit,0
8134E3590,8240,2.586251487094605e-05,0.0,legit,0
8134F5C40,8241,5.17250297418921e-05,0.0,legit,0
813513070,8242,2.586251487094605e-05,0.0,legit,0
813545D70,8243,5.17250297418921e-05,0.0,legit,0
813557190,8244,2.586251487094605e-05,0.0,legit,0
813568670,8245,7.758754461283815e-05,0.0,legit,0
813569D40,8246,2.586251487094605e-05,0.0,legit,0
813571A30,8247,5.17250297418921e-05,0.0,legit,0
813578150,8248,2.586251487094605e-05,0.0,legit,0
813583590,8249,2.586251487094605e-05,0.0,legit,0
813589AB0,8250,2.586251487094605e-05,0.0,legit,0
81358C070,8251,2.586251487094605e-05,0.0,legit,0
81359E680,8252,5.17250297418921e-05,0.0,legit,0
8135A9E90,8253,5.17250297418921e-05,0.0,legit,0
8135BE0C0,8254,2.586251487094605e-05,0.0,legit,0
8135BE300,8255,5.17250297418921e-05,0.0,legit,0
8135CAF00,8256,2.586251487094605e-05,0.0,legit,0
8135D0880,8257,2.586251487094605e-05,0.0,legit,0
8135DB560,8258,2.586251487094605e-05,0.0,legit,0
8135FCAC0,8259,2.586251487094605e-05,0.0,legit,0
813608F90,8260,2.586251487094605e-05,0.0,legit,0
81360E240,8261,5.17250297418921e-05,0.0,legit,0
81362D3F0,8262,5.17250297418921e-05,0.0,legit,0
81364D3D0,8263,2.586251487094605e-05,0.0,legit,0
81367F960,8264,2.586251487094605e-05,0.0,legit,0
81369C7A0,8265,2.586251487094605e-05,0.0,legit,0
8136A18E0,8266,7.758754461283815e-05,0.0,legit,0
8136A9B00,8267,2.586251487094605e-05,0.0,legit,0
8136AA440,8268,7.758754461283815e-05,0.0,legit,0
8136B0350,8269,7.758754461283815e-05,3.44842450105608e-08,legit,0
8136B96A0,8270,2.586251487094605e-05,0.0,legit,0
8136BCD10,8271,5.17250297418921e-05,0.0,legit,0
8136C7821,8272,2.586251487094605e-05,0.0,legit,0
8136D12C1,8273,5.17250297418921e-05,0.0,legit,0
8136E0581,8274,2.586251487094605e-05,0.0,legit,0
8136E7AD1,8275,2.586251487094605e-05,0.0,legit,0
8136E9611,8276,2.586251487094605e-05,0.0,legit,0
8136EE830,8277,2.586251487094605e-05,0.0,legit,0
8136F0ED0,8278,5.17250297418921e-05,0.0,legit,0
8136F8340,8279,2.586251487094605e-05,0.0,legit,0
81371F711,8280,7.758754461283815e-05,0.0,legit,0
813727781,8281,2.586251487094605e-05,0.0,legit,0
813739B51,8282,2.586251487094605e-05,0.0,legit,0
813750B10,8283,2.586251487094605e-05,0.0,legit,0
813754C01,8284,2.586251487094605e-05,0.0,legit,0
8137570D1,8285,2.586251487094605e-05,0.0,legit,0
81375D361,8286,2.586251487094605e-05,0.0,legit,0
813761991,8287,2.586251487094605e-05,0.0,legit,0
81376FD11,8288,5.17250297418921e-05,0.0,legit,0
813777331,8289,7.758754461283815e-05,0.0,legit,0
81377E0F1,8290,2.586251487094605e-05,0.0,legit,0
81379A5C0,8291,2.586251487094605e-05,0.0,legit,0
8137A0E20,8292,5.17250297418921e-05,0.0,legit,0
8137B6670,8293,2.586251487094605e-05,0.0,legit,0
8137B7300,8294,2.586251487094605e-05,0.0,legit,0
8137BFEC0,8295,2.586251487094605e-05,0.0,legit,0
8137D0730,8296,2.586251487094605e-05,0.0,legit,0
8137D9FE0,8297,5.17250297418921e-05,0.0,legit,0
813802B30,8298,5.17250297418921e-05,0.0,legit,0
81380B9B0,8299,2.586251487094605e-05,0.0,legit,0
813811B30,8300,2.586251487094605e-05,0.0,legit,0
81381C450,8301,5.17250297418921e-05,0.0,legit,0
813834EE0,8302,2.586251487094605e-05,0.0,legit,0
81383B650,8303,2.586251487094605e-05,0.0,legit,0
813847C90,8304,2.586251487094605e-05,0.0,legit,0
81385B460,8305,2.586251487094605e-05,0.0,legit,0
81385BAD0,8306,5.17250297418921e-05,0.0,legit,0
813864640,8307,7.758754461283815e-05,3.44842450105608e-08,legit,0
813873A00,8308,2.586251487094605e-05,0.0,legit,0
813886BB0,8309,5.17250297418921e-05,0.0,legit,0
813892640,8310,2.586251487094605e-05,0.0,legit,0
8138A3970,8311,5.17250297418921e-05,0.0,legit,0
8138A66B0,8312,5.17250297418921e-05,0.0,legit,0
8138AA620,8313,2.586251487094605e-05,0.0,legit,0
8138AF9E0,8314,2.586251487094605e-05,0.0,legit,0
8138BF880,8315,2.586251487094605e-05,0.0,legit,0
8138DFB00,8316,2.586251487094605e-05,0.0,legit,0
8138E9620,8317,2.586251487094605e-05,0.0,legit,0
8138F3620,8318,5.17250297418921e-05,0.0,legit,0
8138F85B0,8319,2.586251487094605e-05,0.0,legit,0
8138F90F0,8320,2.586251487094605e-05,0.0,legit,0
8139076C0,8321,7.758754461283815e-05,0.0,legit,0
81390E920,8322,0.0001034500594837842,0.0,legit,0
8139181C0,8323,2.586251487094605e-05,0.0,legit,0
8139183B0,8324,5.17250297418921e-05,0.0,legit,0
81393D6D0,8325,2.586251487094605e-05,0.0,legit,0
813950BD0,8326,2.586251487094605e-05,0.0,legit,0
813955CE0,8327,2.586251487094605e-05,0.0,legit,0
813957F70,8328,5.17250297418921e-05,0.0,legit,0
813959FA0,8329,2.586251487094605e-05,0.0,legit,0
81395ACC0,8330,2.586251487094605e-05,0.0,legit,0
81395BAC0,8331,2.586251487094605e-05,0.0,legit,0
8139688D0,8332,2.586251487094605e-05,0.0,legit,0
81397AB10,8333,2.586251487094605e-05,0.0,legit,0
813984E90,8334,2.586251487094605e-05,0.0,legit,0
81398ACF0,8335,7.758754461283815e-05,3.44842450105608e-08,legit,0
81398E890,8336,2.586251487094605e-05,0.0,legit,0
81399FB50,8337,2.586251487094605e-05,0.0,legit,0
8139AA6A0,8338,5.17250297418921e-05,0.0,legit,0
8139BA0A0,8339,2.586251487094605e-05,0.0,legit,0
8139C5B20,8340,2.586251487094605e-05,0.0,legit,0
8139DF460,8341,5.17250297418921e-05,0.0,legit,0
8139E65A0,8342,2.586251487094605e-05,0.0,legit,0
8139EC920,8343,2.586251487094605e-05,0.0,legit,0
813A17E00,8344,7.758754461283815e-05,3.450724984378999e-08,legit,0
813A1D350,8345,2.586251487094605e-05,0.0,legit,0
813A1E630,8346,2.586251487094605e-05,0.0,legit,0
813A26E10,8347,5.17250297418921e-05,1.72421225052804e-08,legit,0
813A28200,8348,2.586251487094605e-05,0.0,legit,0
813A327C0,8349,2.586251487094605e-05,0.0,legit,0
813A491B0,8350,2.586251487094605e-05,0.0,legit,0
813A59210,8351,2.586251487094605e-05,0.0,legit,0
813A71510,8352,2.586251487094605e-05,0.0,legit,0
813A9EAD0,8353,2.586251487094605e-05,0.0,legit,0
813AA73E0,8354,2.586251487094605e-05,0.0,legit,0
813AB6B80,8355,2.586251487094605e-05,0.0,legit,0
813AC5E20,8356,7.758754461283815e-05,0.0,legit,0
813ACBF00,8357,2.586251487094605e-05,0.0,legit,0
813AE0770,8358,5.17250297418921e-05,0.0,legit,0
813AE77F0,8359,2.586251487094605e-05,0.0,legit,0
813AF2080,8360,2.586251487094605e-05,0.0,legit,0
813B02360,8361,2.586251487094605e-05,0.0,legit,0
813B115C0,8362,2.586251487094605e-05,0.0,legit,0
813B13920,8363,2.586251487094605e-05,0.0,legit,0
813B244D1,8364,2.586251487094605e-05,0.0,legit,0
813B27081,8365,2.586251487094605e-05,0.0,legit,0
813B3F541,8366,7.758754461283815e-05,0.0,legit,0
813B5E4D1,8367,2.586251487094605e-05,0.0,legit,0
813B67A41,8368,2.586251487094605e-05,0.0,legit,0
813B81941,8369,2.586251487094605e-05,0.0,legit,0
813B8D191,8370,2.586251487094605e-05,0.0,legit,0
813B8DCC1,8371,5.17250297418921e-05,0.0,legit,0
813B9EDA0,8372,2.586251487094605e-05,0.0,legit,0
813BA0150,8373,2.586251487094605e-05,0.0,legit,0
813BADC10,8374,5.17250297418921e-05,0.0,legit,0
813BB5630,8375,2.586251487094605e-05,0.0,legit,0
813BE0310,8376,7.758754461283815e-05,0.0,legit,0
813BEAF10,8377,2.586251487094605e-05,0.0,legit,0
813BEBD30,8378,2.586251487094605e-05,0.0,legit,0
813BF03E0,8379,5.17250297418921e-05,0.0,legit,0
813BFDD00,8380,5.17250297418921e-05,0.0,legit,0
813C09060,8381,2.586251487094605e-05,0.0,legit,0
813C0D1A0,8382,2.586251487094605e-05,0.0,legit,0
813C18040,8383,0.0001034500594837842,0.0,legit,0
813C41FA0,8384,2.586251487094605e-05,0.0,legit,0
813C5F231,8385,2.586251487094605e-05,0.0,legit,0
813C76981,8386,2.586251487094605e-05,0.0,legit,0
813C81F30,870,5.17250297418921e-05,0.0,legit,0
813C90D71,8387,2.586251487094605e-05,0.0,legit,0
813C9B081,8388,2.586251487094605e-05,0.0,legit,0
813CA2221,8389,2.586251487094605e-05,0.0,legit,0
813CA2F51,8390,2.586251487094605e-05,0.0,legit,0
813CA4961,8391,2.586251487094605e-05,0.0,legit,0
813CADA71,8392,5.17250297418921e-05,0.0,legit,0
813CAFE51,8393,2.586251487094605e-05,0.0,legit,0
813CC7761,8394,2.586251487094605e-05,0.0,legit,0
813CCEC51,8395,2.586251487094605e-05,0.0,legit,0
813CE1261,8396,2.586251487094605e-05,0.0,legit,0
813CE3091,8397,2.586251487094605e-05,0.0,legit,0
813CFB690,8398,5.17250297418921e-05,0.0,legit,0
813CFEE00,8399,5.17250297418921e-05,0.0,legit,0
813D0E380,8400,2.586251487094605e-05,0.0,legit,0
813D16040,8401,2.586251487094605e-05,0.0,legit,0
813D1C800,8402,7.758754461283815e-05,0.0,legit,0
813D278A1,8403,2.586251487094605e-05,0.0,legit,0
813D383B0,8404,5.17250297418921e-05,0.0,legit,0
813D4BC01,8405,2.586251487094605e-05,0.0,legit,0
813D50F41,8406,2.586251487094605e-05,0.0,legit,0
813D6EC51,8407,2.586251487094605e-05,0.0,legit,0
813D86600,8408,5.17250297418921e-05,0.0,legit,0
813D892A1,8409,5.17250297418921e-05,0.0,legit,0
813D91691,8410,7.758754461283815e-05,0.0,legit,0
813DA8331,8411,5.17250297418921e-05,0.0,legit,0
813DAD3D1,8412,2.586251487094605e-05,0.0,legit,0
813DB8601,8413,2.586251487094605e-05,0.0,legit,0
813DCF261,8414,5.17250297418921e-05,0.0,legit,0
813DDFA11,8415,2.586251487094605e-05,0.0,legit,0
813DEC5D1,8416,2.586251487094605e-05,0.0,legit,0
813E01141,8417,5.17250297418921e-05,0.0,legit,0
813E10601,8418,2.586251487094605e-05,0.0,legit,0
813E31A80,8419,7.758754461283815e-05,0.0,legit,0
813E32C00,8420,2.586251487094605e-05,0.0,legit,0
813E33671,8421,2.586251487094605e-05,0.0,legit,0
813E41E71,8422,5.17250297418921e-05,0.0,legit,0
813E4C141,8423,2.586251487094605e-05,0.0,legit,0
813E697A0,8424,5.17250297418921e-05,0.0,legit,0
813E6C880,8425,0.0001034500594837842,0.0,legit,0
813E78D30,8426,2.586251487094605e-05,0.0,legit,0
813E7E6B0,8427,7.758754461283815e-05,0.0,legit,0
813E81010,8428,2.586251487094605e-05,0.0,legit,0
813E819D0,8429,2.586251487094605e-05,0.0,legit,0
813E991B1,8430,2.586251487094605e-05,0.0,legit,0
813E9AE31,8431,7.758754461283815e-05,0.0,legit,0
813EA6641,8432,2.586251487094605e-05,0.0,legit,0
813EB8BE1,8433,2.586251487094605e-05,0.0,legit,0
813ECF670,8434,5.17250297418921e-05,1.72421225052804e-08,legit,0
813ED8930,8435,2.586251487094605e-05,0.0,legit,0
813EE4FC0,8436,2.586251487094605e-05,0.0,legit,0
813EFD5F0,8437,2.586251487094605e-05,0.0,legit,0
813F14D00,8438,5.17250297418921e-05,0.0,legit,0
813F168E0,8439,5.17250297418921e-05,0.0,legit,0
813F202E0,1603,2.586251487094605e-05,0.0,legit,0
813F32280,8440,5.17250297418921e-05,0.0,legit,0
813F381F0,8441,2.586251487094605e-05,0.0,legit,0
813F51521,8442,2.586251487094605e-05,0.0,legit,0
813F750C1,8443,5.17250297418921e-05,0.0,legit,0
813F82851,8444,2.586251487094605e-05,0.0,legit,0
813F84790,8445,5.17250297418921e-05,0.0,legit,0
813F940D1,8446,2.586251487094605e-05,0.0,legit,0
813FF2490,8447,2.586251487094605e-05,0.0,legit,0
813FF42B0,8448,2.586251487094605e-05,0.0,legit,0
8140181A1,8449,2.586251487094605e-05,0.0,legit,0
814018CB0,8450,0.0001034500594837842,0.0,legit,0
81401F9E1,8451,2.586251487094605e-05,0.0,legit,0
814024161,8452,2.586251487094605e-05,0.0,legit,0
814025F01,8453,2.586251487094605e-05,0.0,legit,0
8140266F0,8454,2.586251487094605e-05,0.0,legit,0
8140274C1,8455,2.586251487094605e-05,0.0,legit,0
81403A7C1,8456,2.586251487094605e-05,0.0,legit,0
814057F31,8457,5.17250297418921e-05,0.0,legit,0
81405CB61,8458,2.586251487094605e-05,0.0,legit,0
814064D31,8459,5.17250297418921e-05,0.0,legit,0
814066C31,8460,2.586251487094605e-05,0.0,legit,0
814070F91,8461,5.17250297418921e-05,0.0,legit,0
81408D5C0,8462,2.586251487094605e-05,0.0,legit,0
81408D970,8463,5.17250297418921e-05,0.0,legit,0
8140AC840,8464,2.586251487094605e-05,0.0,legit,0
8140B0061,8465,2.586251487094605e-05,0.0,legit,0
8140B0831,8466,2.586251487094605e-05,0.0,legit,0
8140C2161,8467,2.586251487094605e-05,0.0,legit,0
8140C4D71,8468,2.586251487094605e-05,0.0,legit,0
8140C93C1,8469,2.586251487094605e-05,0.0,legit,0
8140CB3C1,1218,7.758754461283815e-05,3.44842450105608e-08,legit,1
8140D0761,8470,7.758754461283815e-05,6.89684900211216e-08,legit,0
8140D4701,8471,2.586251487094605e-05,0.0,legit,0
8140D6CD1,8472,5.17250297418921e-05,0.0,legit,0
81413E191,8473,2.586251487094605e-05,0.0,legit,0
814156840,8474,2.586251487094605e-05,0.0,legit,0
8141640E0,8475,2.586251487094605e-05,0.0,legit,0
814182B80,8476,2.586251487094605e-05,0.0,legit,0
81418A750,8477,2.586251487094605e-05,0.0,legit,0
814192D00,8478,5.17250297418921e-05,0.0,legit,0
81419F570,8479,5.17250297418921e-05,0.0,legit,0
8141A1F60,8480,2.586251487094605e-05,0.0,legit,0
8141AF390,8481,2.586251487094605e-05,0.0,legit,0
8141B3290,8482,2.586251487094605e-05,0.0,legit,0
8141BA2F0,8483,2.586251487094605e-05,0.0,legit,0
8141BEB90,8484,5.17250297418921e-05,1.72421225052804e-08,legit,0
8141C4210,8485,7.758754461283815e-05,0.0,legit,0
8141C7890,8486,7.758754461283815e-05,0.0,legit,0
8141DCA90,8487,2.586251487094605e-05,0.0,legit,0
8141E2640,8488,2.586251487094605e-05,0.0,legit,0
8141F3EA0,8489,7.758754461283815e-05,0.0,legit,0
8141F5EC0,8490,5.17250297418921e-05,0.0,legit,0
8141FD420,8491,2.586251487094605e-05,0.0,legit,0
814210BC1,8492,2.586251487094605e-05,0.0,legit,0
814213D10,8493,5.17250297418921e-05,0.0,legit,0
814218A10,8494,2.586251487094605e-05,0.0,legit,0
81422B790,8495,5.17250297418921e-05,0.0,legit,0
81423B511,8496,5.17250297418921e-05,0.0,legit,0
81423D451,8497,2.586251487094605e-05,0.0,legit,0
81423DF91,8498,2.586251487094605e-05,0.0,legit,0
814255D00,8499,2.586251487094605e-05,0.0,legit,0
814262F30,8500,2.586251487094605e-05,0.0,legit,0
8142636B0,8501,5.17250297418921e-05,0.0,legit,0
814264740,8502,2.586251487094605e-05,0.0,legit,0
81426AF21,8503,2.586251487094605e-05,0.0,legit,0
81426E680,1055,5.17250297418921e-05,6.207164101900944e-07,legit,1
8142779E0,8504,5.17250297418921e-05,0.0,legit,0
81427C771,8505,2.586251487094605e-05,0.0,legit,0
81427E191,8506,5.17250297418921e-05,0.0,legit,0
814284071,8507,5.17250297418921e-05,0.0,legit,0
814288D61,8508,5.17250297418921e-05,0.0,legit,0
81428B260,8509,2.586251487094605e-05,0.0,legit,0
81428B701,8510,2.586251487094605e-05,0.0,legit,0
814291A31,8511,5.17250297418921e-05,0.0,legit,0
81429F151,8512,5.17250297418921e-05,0.0,legit,0
8142A9B61,8513,5.17250297418921e-05,0.0,legit,0
8142ABD61,2749,5.17250297418921e-05,0.0,legit,0
8142B2231,8514,5.17250297418921e-05,0.0,legit,0
8142D1381,8515,2.586251487094605e-05,0.0,legit,0
8142D7A71,8516,5.17250297418921e-05,0.0,legit,0
8142E1DA1,8517,2.586251487094605e-05,0.0,legit,0
8142EAAC1,8518,2.586251487094605e-05,0.0,legit,0
8142F0FF1,8519,5.17250297418921e-05,0.0,legit,0
8142F2F11,8520,2.586251487094605e-05,0.0,legit,0
8142F8831,8521,7.758754461283815e-05,0.0,legit,0
81430BA81,8522,2.586251487094605e-05,0.0,legit,0
81430D211,8523,2.586251487094605e-05,0.0,legit,0
814313FF1,8524,2.586251487094605e-05,0.0,legit,0
814317951,8525,5.17250297418921e-05,0.0,legit,0
81432E5F1,8526,2.586251487094605e-05,0.0,legit,0
81435F181,8527,2.586251487094605e-05,0.0,legit,0
814362820,8528,2.586251487094605e-05,0.0,legit,0
814362C40,1606,7.758754461283815e-05,0.0,legit,0
81436F471,8529,5.17250297418921e-05,0.0,legit,0
81436F781,8530,2.586251487094605e-05,0.0,legit,0
814370721,8531,7.758754461283815e-05,0.0,legit,0
814374C31,8532,5.17250297418921e-05,0.0,legit,0
81437A2E1,8533,2.586251487094605e-05,0.0,legit,0
814383090,8534,7.758754461283815e-05,0.0,legit,0
81438C821,8535,2.586251487094605e-05,0.0,legit,0
81439AB70,28,7.758754461283815e-05,1.5345489029699558e-05,legit,1
8143B0160,8536,2.586251487094605e-05,0.0,legit,0
8143BEEC0,8537,2.586251487094605e-05,0.0,legit,0
8143C3DD0,8538,2.586251487094605e-05,0.0,legit,0
8143D70F1,8539,2.586251487094605e-05,0.0,legit,0
8143D7841,8540,2.586251487094605e-05,0.0,legit,0
8143D9AA1,8541,2.586251487094605e-05,0.0,legit,0
8143DCA51,8542,5.17250297418921e-05,0.0,legit,0
8143DCC91,8543,2.586251487094605e-05,0.0,legit,0
8143E79C0,8544,2.586251487094605e-05,0.0,legit,0
8143EBD60,8545,2.586251487094605e-05,0.0,legit,0
8143F8A21,8546,5.17250297418921e-05,0.0,legit,0
814405631,8547,2.586251487094605e-05,0.0,legit,0
81440B671,8548,2.586251487094605e-05,0.0,legit,0
814410131,8549,2.586251487094605e-05,0.0,legit,0
814429651,8550,2.586251487094605e-05,0.0,legit,0
81442B191,8551,5.17250297418921e-05,0.0,legit,0
81444AFA0,8552,5.17250297418921e-05,0.0,legit,0
8144541B0,8553,2.586251487094605e-05,0.0,legit,0
814472880,8554,7.758754461283815e-05,0.0,legit,0
81447C090,8555,5.17250297418921e-05,0.0,legit,0
81447E090,8556,2.586251487094605e-05,0.0,legit,0
81447F870,8557,2.586251487094605e-05,0.0,legit,0
814480230,8558,2.586251487094605e-05,0.0,legit,0
81448F650,8559,2.586251487094605e-05,0.0,legit,0
814498670,8560,2.586251487094605e-05,0.0,legit,0
814498950,8561,2.586251487094605e-05,0.0,legit,0
8144AF7B0,8562,2.586251487094605e-05,0.0,legit,0
8144AF930,193,7.758754461283815e-05,1.5345489029699558e-05,legit,1
8144E16E0,8563,2.586251487094605e-05,0.0,legit,0
8144E3AB0,8564,5.17250297418921e-05,0.0,legit,0
8144F8BB0,8565,2.586251487094605e-05,0.0,legit,0
8144F9B00,8566,2.586251487094605e-05,0.0,legit,0
8144FB461,683,7.758754461283815e-05,0.0,legit,0
814506FC0,8567,2.586251487094605e-05,0.0,legit,0
81450A270,8568,2.586251487094605e-05,0.0,legit,0
81450D530,8569,5.17250297418921e-05,0.0,legit,0
8145171C0,8570,2.586251487094605e-05,0.0,legit,0
8145187D0,8571,5.17250297418921e-05,0.0,legit,0
81451A660,8572,5.17250297418921e-05,0.0,legit,0
81452FC60,8573,5.17250297418921e-05,0.0,legit,0
81453CD81,8574,2.586251487094605e-05,0.0,legit,0
814545201,8575,2.586251487094605e-05,0.0,legit,0
814573401,8576,2.586251487094605e-05,0.0,legit,0
8145740A1,8577,5.17250297418921e-05,0.0,legit,0
814574CB1,8578,2.586251487094605e-05,0.0,legit,0
8145757C1,8579,7.758754461283815e-05,0.0,legit,0
814578881,8580,2.586251487094605e-05,0.0,legit,0
8145860E1,8581,2.586251487094605e-05,0.0,legit,0
814591141,8582,2.586251487094605e-05,0.0,legit,0
8145CCB30,8583,2.586251487094605e-05,0.0,legit,0
8145CF5E1,8584,5.17250297418921e-05,0.0,legit,0
8145E17D0,8585,2.586251487094605e-05,0.0,legit,0
8145EFAE0,8586,2.586251487094605e-05,0.0,legit,0
81460E4E1,8587,2.586251487094605e-05,0.0,legit,0
814622881,8588,2.586251487094605e-05,0.0,legit,0
814622BA1,8589,5.17250297418921e-05,0.0,legit,0
81462A741,8590,2.586251487094605e-05,0.0,legit,0
81462CE41,8591,5.17250297418921e-05,0.0,legit,0
81463D081,8592,7.758754461283815e-05,0.0,legit,0
814647801,8593,2.586251487094605e-05,0.0,legit,0
8146492D1,8594,2.586251487094605e-05,0.0,legit,0
814653BA1,8595,5.17250297418921e-05,0.0,legit,0
81465F860,8596,2.586251487094605e-05,0.0,legit,0
81465FE20,8597,5.17250297418921e-05,0.0,legit,0
81467EE01,8598,7.758754461283815e-05,0.0,legit,0
814681A40,8599,2.586251487094605e-05,0.0,legit,0
814686481,8600,2.586251487094605e-05,0.0,legit,0
81468A6E1,8601,5.17250297418921e-05,0.0,legit,0
814690681,1260,7.758754461283815e-05,0.0,legit,0
814698271,8602,5.17250297418921e-05,0.0,legit,0
8146A9D91,8603,5.17250297418921e-05,0.0,legit,0
8146AE781,8604,5.17250297418921e-05,0.0,legit,0
8146B2170,8605,2.586251487094605e-05,0.0,legit,0
8146BD0F1,8606,2.586251487094605e-05,0.0,legit,0
8146ED631,8607,2.586251487094605e-05,0.0,legit,0
8146F4610,8608,2.586251487094605e-05,0.0,legit,0
8146FFF81,8609,5.17250297418921e-05,0.0,legit,0
8147028B1,189,7.758754461283815e-05,1.5345489029699558e-05,legit,1
814710AA1,8610,2.586251487094605e-05,0.0,legit,0
814714221,8611,2.586251487094605e-05,0.0,legit,0
814714671,8612,2.586251487094605e-05,0.0,legit,0
81471CFA0,8613,2.586251487094605e-05,0.0,legit,0
81471D090,8614,2.586251487094605e-05,0.0,legit,0
814721B70,8615,2.586251487094605e-05,0.0,legit,0
814723140,8616,2.586251487094605e-05,0.0,legit,0
814729CC0,8617,2.586251487094605e-05,0.0,legit,0
81473F551,8618,7.758754461283815e-05,0.0,legit,0
814742841,8419,7.758754461283815e-05,0.0,legit,0
81474A981,8619,5.17250297418921e-05,0.0,legit,0
814750651,8620,2.586251487094605e-05,0.0,legit,0
8147520C0,8621,5.17250297418921e-05,0.0,legit,0
814765781,8622,2.586251487094605e-05,0.0,legit,0
814773551,8623,2.586251487094605e-05,0.0,legit,0
81477F8E1,8624,2.586251487094605e-05,0.0,legit,0
814785B41,8625,2.586251487094605e-05,0.0,legit,0
814790B51,2548,5.17250297418921e-05,0.0,legit,0
814792541,8626,2.586251487094605e-05,0.0,legit,0
8147A6871,8627,2.586251487094605e-05,0.0,legit,0
8147B3381,8628,5.17250297418921e-05,0.0,legit,0
8147B5201,8629,5.17250297418921e-05,0.0,legit,0
8147C2621,8630,2.586251487094605e-05,0.0,legit,0
8147C7550,8631,5.17250297418921e-05,0.0,legit,0
8147E4241,8632,5.17250297418921e-05,0.0,legit,0
8147F8CD0,8633,2.586251487094605e-05,0.0,legit,0
8147FD4A0,8634,5.17250297418921e-05,0.0,legit,0
81480CB90,8635,2.586251487094605e-05,0.0,legit,0
81480ECD0,8636,2.586251487094605e-05,0.0,legit,0
814818150,8637,2.586251487094605e-05,0.0,legit,0
81481A760,8638,2.586251487094605e-05,0.0,legit,0
81481DFD0,8639,5.17250297418921e-05,0.0,legit,0
814824E80,8640,7.758754461283815e-05,0.0,legit,0
814824F70,8641,2.586251487094605e-05,0.0,legit,0
8148341B0,8642,2.586251487094605e-05,0.0,legit,0
8148469B0,8643,5.17250297418921e-05,0.0,legit,0
814863DA1,8644,5.17250297418921e-05,0.0,legit,0
814877760,8645,5.17250297418921e-05,0.0,legit,0
8148804D1,8646,2.586251487094605e-05,0.0,legit,0
81489FE61,8647,2.586251487094605e-05,0.0,legit,0
8148A0B91,8648,5.17250297418921e-05,0.0,legit,0
8148A6771,8649,2.586251487094605e-05,0.0,legit,0
8148B0011,8650,0.00012931257435473025,0.0,legit,0
8148B6561,1578,5.17250297418921e-05,1.72421225052804e-08,legit,0
8148CE401,8651,2.586251487094605e-05,0.0,legit,0
8148E1651,8652,5.17250297418921e-05,0.0,legit,0
8148E7671,8653,5.17250297418921e-05,0.0,legit,0
8148FA071,8654,2.586251487094605e-05,0.0,legit,0
8149040E0,32,7.758754461283815e-05,0.0,legit,0
8149049D0,34,5.17250297418921e-05,0.0,legit,0
814907800,66,5.17250297418921e-05,0.0,legit,0
814911691,73,5.17250297418921e-05,0.0,legit,0
8149133B1,44,2.586251487094605e-05,0.0,legit,0
814917A71,13,2.586251487094605e-05,0.0,legit,0
814926431,300,2.586251487094605e-05,0.0,legit,0
81492D221,17,2.586251487094605e-05,0.0,legit,0
8149330D1,183,5.17250297418921e-05,0.0,legit,0
814934320,151,5.17250297418921e-05,0.0,legit,0
814935741,94,2.586251487094605e-05,0.0,legit,0
814957EE1,126,2.586251487094605e-05,0.0,legit,0
814962E91,29,5.17250297418921e-05,0.0,legit,0
8149640F1,30,2.586251487094605e-05,0.0,legit,0
